file_a,file_b,cochange_count,jaccard
app/globals.css,components/DashboardClient.tsx,4,0.307692
app/globals.css,components/PurchasedItem.tsx,4,0.235294
app/globals.css,next.config.ts,2,0.125000
app/globals.css,package.json,5,0.217391
auth.config.ts,package.json,2,0.133333
auth.config.ts,proxy.ts,2,1.000000
components/DashboardClient.tsx,components/PurchasedItem.tsx,2,0.200000
components/PurchasedItem.tsx,package.json,3,0.150000
next.config.ts,package.json,3,0.176471
package.json,proxy.ts,2,0.133333
app/api/products/[id]/route.ts,app/api/products/[id]/stock/route.ts,3,0.272727
app/api/products/[id]/route.ts,app/api/products/route.ts,10,0.909091
app/api/products/[id]/route.ts,components/GachaHistory.tsx,2,0.181818
app/api/products/[id]/route.ts,components/GachaRecentFeed.tsx,2,0.133333
app/api/products/[id]/stock/route.ts,app/api/products/route.ts,3,0.250000
app/api/products/route.ts,components/GachaHistory.tsx,2,0.166667
app/api/products/route.ts,components/GachaRecentFeed.tsx,2,0.125000
components/GachaHistory.tsx,components/GachaRecentFeed.tsx,3,0.428571
.env.example,app/api/admin/products/[id]/featured/route.ts,2,0.250000
.env.example,app/api/products/[id]/route.ts,2,0.153846
.env.example,app/api/products/route.ts,2,0.142857
.env.example,docker-compose.yml,2,0.333333
app/api/admin/currency-settings/route.ts,app/api/admin/products/[id]/duplicate/route.ts,2,0.250000
app/api/admin/currency-settings/route.ts,app/api/admin/products/[id]/featured/route.ts,2,0.250000
app/api/admin/currency-settings/route.ts,app/api/admin/settings/route.ts,3,0.600000
app/api/admin/currency-settings/route.ts,app/api/admin/users/[id]/route.ts,4,0.500000
app/api/admin/currency-settings/route.ts,app/api/cart/checkout/route.ts,3,0.333333
app/api/admin/currency-settings/route.ts,app/api/products/[id]/route.ts,3,0.250000
app/api/admin/currency-settings/route.ts,app/api/products/route.ts,4,0.333333
app/api/admin/currency-settings/route.ts,lib/auth.ts,2,0.333333
app/api/admin/products/[id]/duplicate/route.ts,app/api/admin/products/[id]/featured/route.ts,3,0.428571
app/api/admin/products/[id]/duplicate/route.ts,app/api/admin/settings/route.ts,2,0.333333
app/api/admin/products/[id]/duplicate/route.ts,app/api/cart/checkout/route.ts,2,0.200000
app/api/admin/products/[id]/duplicate/route.ts,app/api/products/route.ts,2,0.142857
app/api/admin/products/[id]/duplicate/route.ts,app/api/purchase/route.ts,2,0.200000
app/api/admin/products/[id]/duplicate/route.ts,lib/auth.ts,2,0.333333
app/api/admin/products/[id]/featured/route.ts,app/api/admin/settings/route.ts,2,0.333333
app/api/admin/products/[id]/featured/route.ts,app/api/admin/users/[id]/route.ts,2,0.200000
app/api/admin/products/[id]/featured/route.ts,app/api/products/[id]/route.ts,2,0.153846
app/api/admin/products/[id]/featured/route.ts,app/api/products/route.ts,2,0.142857
app/api/admin/settings/route.ts,app/api/admin/users/[id]/route.ts,2,0.250000
app/api/admin/settings/route.ts,app/api/products/route.ts,2,0.166667
app/api/admin/settings/route.ts,lib/auth.ts,2,0.500000
app/api/admin/users/[id]/route.ts,app/api/cart/checkout/route.ts,3,0.272727
app/api/admin/users/[id]/route.ts,app/api/products/[id]/route.ts,5,0.416667
app/api/admin/users/[id]/route.ts,app/api/products/route.ts,5,0.384615
app/api/admin/users/[id]/route.ts,app/api/purchase/route.ts,3,0.272727
app/api/admin/users/[id]/route.ts,app/api/upload/route.ts,3,0.300000
app/api/cart/checkout/route.ts,app/api/gacha/grid/roll/route.ts,2,0.285714
app/api/cart/checkout/route.ts,app/api/products/[id]/route.ts,3,0.214286
app/api/cart/checkout/route.ts,app/api/products/[id]/stock/route.ts,2,0.222222
app/api/cart/checkout/route.ts,app/api/products/route.ts,3,0.200000
app/api/cart/checkout/route.ts,app/api/purchase/route.ts,2,0.166667
app/api/gacha/roll/route.ts,app/api/season-pass/claim/route.ts,2,0.400000
app/api/gacha/roll/route.ts,app/api/upload/route.ts,2,0.222222
app/api/gacha/roll/route.ts,docker-compose.yml,2,0.333333
app/api/gacha/roll/route.ts,lib/auth.ts,2,0.333333
app/api/products/[id]/route.ts,app/api/purchase/route.ts,4,0.307692
app/api/products/[id]/route.ts,app/api/upload/route.ts,3,0.230769
app/api/products/[id]/stock/route.ts,app/api/purchase/route.ts,2,0.222222
app/api/products/route.ts,app/api/purchase/route.ts,4,0.285714
app/api/products/route.ts,app/api/upload/route.ts,3,0.214286
app/api/products/route.ts,lib/auth.ts,2,0.166667
app/api/purchase/route.ts,app/api/upload/route.ts,3,0.300000
app/api/season-pass/claim/route.ts,docker-compose.yml,2,0.666667
app/api/season-pass/claim/route.ts,lib/auth.ts,2,0.666667
docker-compose.yml,lib/auth.ts,2,0.500000
app/gacha-grid/[machineId]/page.tsx,app/gacha-grid/page.tsx,2,0.666667
app/gacha-grid/[machineId]/page.tsx,app/gacha/[id]/page.tsx,2,1.000000
app/gacha-grid/[machineId]/page.tsx,app/gacha/page.tsx,2,0.400000
app/gacha-grid/[machineId]/page.tsx,app/gacha/play/page.tsx,2,0.500000
app/gacha-grid/[machineId]/page.tsx,app/gachapons/page.tsx,2,1.000000
app/gacha-grid/[machineId]/page.tsx,app/help/page.tsx,2,0.400000
app/gacha-grid/[machineId]/page.tsx,app/layout.tsx,2,0.153846
app/gacha-grid/[machineId]/page.tsx,app/page.tsx,2,0.200000
app/gacha-grid/[machineId]/page.tsx,app/shop/page.tsx,2,0.250000
app/gacha-grid/page.tsx,app/gacha/[id]/page.tsx,2,0.666667
app/gacha-grid/page.tsx,app/gacha/page.tsx,3,0.600000
app/gacha-grid/page.tsx,app/gacha/play/page.tsx,3,0.750000
app/gacha-grid/page.tsx,app/gachapons/page.tsx,2,0.666667
app/gacha-grid/page.tsx,app/help/page.tsx,2,0.333333
app/gacha-grid/page.tsx,app/layout.tsx,2,0.142857
app/gacha-grid/page.tsx,app/page.tsx,2,0.181818
app/gacha-grid/page.tsx,app/shop/page.tsx,2,0.222222
app/gacha/[id]/page.tsx,app/gacha/page.tsx,2,0.400000
app/gacha/[id]/page.tsx,app/gacha/play/page.tsx,2,0.500000
app/gacha/[id]/page.tsx,app/gachapons/page.tsx,2,1.000000
app/gacha/[id]/page.tsx,app/help/page.tsx,2,0.400000
app/gacha/[id]/page.tsx,app/layout.tsx,2,0.153846
app/gacha/[id]/page.tsx,app/page.tsx,2,0.200000
app/gacha/[id]/page.tsx,app/shop/page.tsx,2,0.250000
app/gacha/page.tsx,app/gacha/play/page.tsx,3,0.500000
app/gacha/page.tsx,app/gachapons/page.tsx,2,0.400000
app/gacha/page.tsx,app/help/page.tsx,2,0.250000
app/gacha/page.tsx,app/layout.tsx,4,0.285714
app/gacha/page.tsx,app/page.tsx,2,0.153846
app/gacha/page.tsx,app/shop/page.tsx,2,0.181818
app/gacha/play/page.tsx,app/gachapons/page.tsx,2,0.500000
app/gacha/play/page.tsx,app/help/page.tsx,2,0.285714
app/gacha/play/page.tsx,app/layout.tsx,3,0.214286
app/gacha/play/page.tsx,app/page.tsx,3,0.272727
app/gacha/play/page.tsx,app/shop/page.tsx,3,0.333333
app/gachapons/page.tsx,app/help/page.tsx,2,0.400000
app/gachapons/page.tsx,app/layout.tsx,2,0.153846
app/gachapons/page.tsx,app/page.tsx,2,0.200000
app/gachapons/page.tsx,app/shop/page.tsx,2,0.250000
app/help/page.tsx,app/layout.tsx,2,0.125000
app/help/page.tsx,app/page.tsx,4,0.363636
app/help/page.tsx,app/shop/page.tsx,2,0.181818
app/layout.tsx,app/page.tsx,5,0.277778
app/layout.tsx,app/shop/page.tsx,6,0.400000
app/layout.tsx,components/AnnouncementPopupWrapper.tsx,2,0.153846
app/layout.tsx,components/TurnstileWidget.tsx,2,0.153846
app/page.tsx,app/shop/page.tsx,4,0.285714
app/page.tsx,components/TurnstileWidget.tsx,2,0.200000
app/shop/page.tsx,components/TurnstileWidget.tsx,2,0.250000
.env.example,app/admin/audit-logs/page.tsx,2,0.153846
.env.example,app/profile/settings/page.tsx,2,0.333333
.env.example,components/FloatingChatButton.tsx,2,0.250000
.env.example,components/Navbar.tsx,2,0.095238
.env.example,components/NavigationDrawer.tsx,2,0.222222
.env.example,lib/actions/user.ts,2,0.333333
.env.example,lib/validations/profile.ts,2,0.285714
app/admin/audit-logs/page.tsx,app/api/register/route.ts,3,0.250000
app/admin/audit-logs/page.tsx,app/layout.tsx,4,0.210526
app/admin/audit-logs/page.tsx,app/page.tsx,4,0.250000
app/admin/audit-logs/page.tsx,app/profile/settings/page.tsx,2,0.181818
app/admin/audit-logs/page.tsx,app/shop/page.tsx,4,0.285714
app/admin/audit-logs/page.tsx,components/FloatingChatButton.tsx,2,0.153846
app/admin/audit-logs/page.tsx,components/HeroBannerClient.tsx,2,0.105263
app/admin/audit-logs/page.tsx,components/Navbar.tsx,5,0.217391
app/admin/audit-logs/page.tsx,components/NavigationDrawer.tsx,3,0.230769
app/admin/audit-logs/page.tsx,components/NewsSection.tsx,3,0.200000
app/admin/audit-logs/page.tsx,lib/actions/user.ts,2,0.181818
app/admin/audit-logs/page.tsx,lib/swal.ts,3,0.230769
app/admin/audit-logs/page.tsx,lib/validations/profile.ts,2,0.166667
app/api/register/route.ts,app/login/LoginForm.tsx,2,0.285714
app/api/register/route.ts,app/register/RegisterForm.tsx,2,0.285714
app/api/register/route.ts,auth.ts,2,0.400000
app/api/register/route.ts,lib/validations/auth.ts,2,0.333333
app/layout.tsx,app/profile/settings/page.tsx,2,0.142857
app/layout.tsx,components/FloatingChatButton.tsx,4,0.285714
app/layout.tsx,components/Footer.tsx,3,0.214286
app/layout.tsx,components/HeroBannerClient.tsx,4,0.200000
app/layout.tsx,components/Navbar.tsx,7,0.291667
app/layout.tsx,components/NavigationDrawer.tsx,3,0.187500
app/layout.tsx,components/NewsSection.tsx,3,0.166667
app/layout.tsx,lib/swal.ts,3,0.187500
app/login/LoginForm.tsx,app/register/RegisterForm.tsx,3,0.600000
app/login/LoginForm.tsx,auth.ts,2,0.500000
app/page.tsx,app/profile/settings/page.tsx,2,0.181818
app/page.tsx,components/HeroBannerClient.tsx,4,0.235294
app/page.tsx,components/Navbar.tsx,7,0.333333
app/page.tsx,components/NavigationDrawer.tsx,2,0.142857
app/page.tsx,components/NewsSection.tsx,5,0.384615
app/page.tsx,lib/swal.ts,3,0.230769
app/profile/settings/page.tsx,app/shop/page.tsx,2,0.222222
app/profile/settings/page.tsx,components/FloatingChatButton.tsx,2,0.333333
app/profile/settings/page.tsx,components/Navbar.tsx,3,0.166667
app/profile/settings/page.tsx,components/NavigationDrawer.tsx,2,0.285714
app/profile/settings/page.tsx,lib/actions/user.ts,2,0.500000
app/profile/settings/page.tsx,lib/validations/profile.ts,2,0.400000
app/register/RegisterForm.tsx,auth.ts,2,0.500000
app/shop/page.tsx,components/HeroBannerClient.tsx,2,0.117647
app/shop/page.tsx,components/Navbar.tsx,3,0.130435
app/shop/page.tsx,components/NavigationDrawer.tsx,3,0.272727
app/shop/page.tsx,lib/swal.ts,3,0.272727
app/shop/page.tsx,lib/validations/auth.ts,2,0.222222
components/FloatingChatButton.tsx,components/Footer.tsx,3,0.500000
components/FloatingChatButton.tsx,components/HeroBannerClient.tsx,3,0.230769
components/FloatingChatButton.tsx,components/Navbar.tsx,4,0.210526
components/FloatingChatButton.tsx,components/NavigationDrawer.tsx,3,0.375000
components/FloatingChatButton.tsx,components/NewsSection.tsx,3,0.300000
components/FloatingChatButton.tsx,lib/actions/user.ts,2,0.333333
components/FloatingChatButton.tsx,lib/validations/profile.ts,2,0.285714
components/Footer.tsx,components/HeroBannerClient.tsx,4,0.363636
components/Footer.tsx,components/Navbar.tsx,3,0.157895
components/Footer.tsx,components/NewsSection.tsx,3,0.333333
components/HeroBannerClient.tsx,components/Navbar.tsx,6,0.260870
components/HeroBannerClient.tsx,components/NavigationDrawer.tsx,2,0.133333
components/HeroBannerClient.tsx,components/NewsSection.tsx,5,0.357143
components/HeroBannerClient.tsx,lib/swal.ts,4,0.307692
components/Navbar.tsx,components/NavigationDrawer.tsx,4,0.200000
components/Navbar.tsx,components/NewsSection.tsx,8,0.444444
components/Navbar.tsx,lib/actions/user.ts,2,0.105263
components/Navbar.tsx,lib/swal.ts,3,0.142857
components/Navbar.tsx,lib/validations/profile.ts,4,0.222222
components/NavigationDrawer.tsx,lib/actions/user.ts,2,0.285714
components/NavigationDrawer.tsx,lib/validations/profile.ts,2,0.250000
components/NewsSection.tsx,lib/swal.ts,3,0.272727
lib/actions/user.ts,lib/validations/profile.ts,2,0.400000
app/admin/products/[id]/edit/page.tsx,app/admin/products/new/page.tsx,8,0.888889
app/admin/products/[id]/edit/page.tsx,app/api/products/[id]/route.ts,7,0.583333
app/admin/products/[id]/edit/page.tsx,app/api/products/route.ts,7,0.538462
app/admin/products/[id]/edit/page.tsx,app/product/[id]/page.tsx,4,0.363636
app/admin/products/[id]/edit/page.tsx,components/FeaturedProducts.tsx,7,0.411765
app/admin/products/[id]/edit/page.tsx,components/GachaRhombus.tsx,3,0.200000
app/admin/products/[id]/edit/page.tsx,components/ProductActions.tsx,2,0.181818
app/admin/products/[id]/edit/page.tsx,components/ProductCard.tsx,6,0.545455
app/admin/products/[id]/edit/page.tsx,components/ProductGallery.tsx,3,0.300000
app/admin/products/[id]/edit/page.tsx,components/SaleProducts.tsx,6,0.352941
app/admin/products/[id]/edit/page.tsx,components/cart/CartSheet.tsx,3,0.300000
app/admin/products/[id]/edit/page.tsx,lib/db/schema.ts,2,0.166667
app/admin/products/new/page.tsx,app/api/products/[id]/route.ts,6,0.500000
app/admin/products/new/page.tsx,app/api/products/route.ts,6,0.461538
app/admin/products/new/page.tsx,app/product/[id]/page.tsx,4,0.400000
app/admin/products/new/page.tsx,components/FeaturedProducts.tsx,7,0.437500
app/admin/products/new/page.tsx,components/GachaRhombus.tsx,2,0.133333
app/admin/products/new/page.tsx,components/ProductActions.tsx,2,0.200000
app/admin/products/new/page.tsx,components/ProductCard.tsx,6,0.600000
app/admin/products/new/page.tsx,components/ProductGallery.tsx,3,0.333333
app/admin/products/new/page.tsx,components/SaleProducts.tsx,6,0.375000
app/admin/products/new/page.tsx,components/cart/CartSheet.tsx,3,0.333333
app/api/products/[id]/route.ts,app/product/[id]/page.tsx,3,0.230769
app/api/products/[id]/route.ts,components/FeaturedProducts.tsx,6,0.315789
app/api/products/[id]/route.ts,components/GachaRhombus.tsx,3,0.187500
app/api/products/[id]/route.ts,components/ProductCard.tsx,5,0.384615
app/api/products/[id]/route.ts,components/ProductGallery.tsx,3,0.272727
app/api/products/[id]/route.ts,components/SaleProducts.tsx,5,0.263158
app/api/products/[id]/route.ts,components/cart/CartSheet.tsx,3,0.272727
app/api/products/[id]/route.ts,lib/db/schema.ts,2,0.153846
app/api/products/route.ts,app/login/LoginForm.tsx,2,0.153846
app/api/products/route.ts,app/product/[id]/page.tsx,3,0.214286
app/api/products/route.ts,app/register/RegisterForm.tsx,2,0.153846
app/api/products/route.ts,components/FeaturedProducts.tsx,6,0.300000
app/api/products/route.ts,components/GachaRhombus.tsx,3,0.176471
app/api/products/route.ts,components/ProductCard.tsx,5,0.357143
app/api/products/route.ts,components/ProductGallery.tsx,3,0.250000
app/api/products/route.ts,components/SaleProducts.tsx,5,0.250000
app/api/products/route.ts,components/cart/CartSheet.tsx,3,0.250000
app/api/products/route.ts,lib/db/schema.ts,2,0.142857
app/product/[id]/page.tsx,components/FeaturedProducts.tsx,4,0.235294
app/product/[id]/page.tsx,components/GachaRhombus.tsx,3,0.250000
app/product/[id]/page.tsx,components/ProductActions.tsx,2,0.250000
app/product/[id]/page.tsx,components/ProductCard.tsx,4,0.400000
app/product/[id]/page.tsx,components/ProductGallery.tsx,4,0.666667
app/product/[id]/page.tsx,components/SaleProducts.tsx,4,0.250000
app/product/[id]/page.tsx,components/cart/CartSheet.tsx,3,0.428571
app/product/[id]/page.tsx,lib/db/schema.ts,2,0.222222
components/BuyButton.tsx,components/FeaturedProducts.tsx,5,0.333333
components/BuyButton.tsx,components/ProductActions.tsx,3,0.500000
components/BuyButton.tsx,components/ProductCard.tsx,3,0.300000
components/BuyButton.tsx,components/SaleProducts.tsx,5,0.357143
components/FeaturedProducts.tsx,components/GachaRhombus.tsx,2,0.090909
components/FeaturedProducts.tsx,components/ProductActions.tsx,4,0.266667
components/FeaturedProducts.tsx,components/ProductCard.tsx,8,0.533333
components/FeaturedProducts.tsx,components/ProductGallery.tsx,3,0.187500
components/FeaturedProducts.tsx,components/SaleProducts.tsx,14,0.933333
components/FeaturedProducts.tsx,components/cart/CartSheet.tsx,3,0.187500
components/GachaGridMachine.tsx,components/GachaRhombus.tsx,2,0.222222
components/GachaRhombus.tsx,components/ProductActions.tsx,2,0.181818
components/GachaRhombus.tsx,components/ProductCard.tsx,2,0.133333
components/GachaRhombus.tsx,components/ProductGallery.tsx,2,0.181818
components/GachaRhombus.tsx,components/SaleProducts.tsx,2,0.095238
components/GachaRhombus.tsx,lib/db/schema.ts,2,0.166667
components/ProductActions.tsx,components/ProductCard.tsx,4,0.500000
components/ProductActions.tsx,components/SaleProducts.tsx,4,0.285714
components/ProductCard.tsx,components/ProductGallery.tsx,3,0.333333
components/ProductCard.tsx,components/SaleProducts.tsx,8,0.571429
components/ProductCard.tsx,components/cart/CartSheet.tsx,3,0.333333
components/ProductGallery.tsx,components/SaleProducts.tsx,3,0.200000
components/ProductGallery.tsx,components/cart/CartSheet.tsx,3,0.600000
components/SaleProducts.tsx,components/cart/CartSheet.tsx,3,0.200000
app/admin/help/page.tsx,app/api/admin/help/[id]/route.ts,3,0.500000
app/admin/help/page.tsx,app/help/page.tsx,3,0.600000
app/api/admin/help/[id]/route.ts,app/help/page.tsx,3,0.375000
app/api/admin/help/[id]/route.ts,lib/validations/content.ts,2,0.222222
lib/db/schema.ts,lib/validations/content.ts,2,0.250000
app/admin/audit-logs/page.tsx,app/admin/roles/page.tsx,7,0.636364
app/admin/audit-logs/page.tsx,app/api/admin/audit-logs/route.ts,4,0.333333
app/admin/audit-logs/page.tsx,lib/auditLog.ts,4,0.333333
app/admin/roles/page.tsx,app/api/admin/audit-logs/route.ts,2,0.166667
app/admin/roles/page.tsx,lib/auditLog.ts,2,0.166667
app/api/admin/audit-logs/route.ts,lib/auditLog.ts,4,0.500000
app/api/admin/audit-logs/route.ts,lib/permissions.ts,2,0.333333
app/admin/footer-links/page.tsx,app/admin/news/page.tsx,5,0.357143
app/admin/footer-links/page.tsx,app/admin/popups/page.tsx,3,0.272727
app/admin/footer-links/page.tsx,app/api/admin/footer-links/[id]/route.ts,3,0.500000
app/admin/footer-links/page.tsx,lib/validations/content.ts,2,0.250000
app/admin/footer-links/page.tsx,tests/lib/serverImageUpload.test.ts,2,0.285714
app/admin/news/page.tsx,app/admin/popups/page.tsx,9,0.642857
app/admin/news/page.tsx,app/api/admin/footer-links/[id]/route.ts,3,0.200000
app/admin/news/page.tsx,lib/validations/content.ts,3,0.187500
app/admin/news/page.tsx,package.json,5,0.208333
app/admin/news/page.tsx,tests/lib/serverImageUpload.test.ts,3,0.200000
app/admin/popups/page.tsx,lib/validations/content.ts,2,0.166667
app/admin/popups/page.tsx,package.json,3,0.142857
app/admin/popups/page.tsx,tests/lib/serverImageUpload.test.ts,3,0.300000
app/api/admin/footer-links/[id]/route.ts,lib/validations/content.ts,2,0.285714
lib/validations/content.ts,tests/lib/serverImageUpload.test.ts,2,0.285714
app/admin/gacha-machines/[id]/edit/page.tsx,app/admin/gacha-machines/page.tsx,4,0.571429
app/admin/gacha-machines/[id]/edit/page.tsx,app/api/admin/gacha-machines/upload-image/route.ts,2,0.400000
app/admin/gacha-machines/[id]/edit/page.tsx,app/api/admin/gacha-rewards/upload-image/route.ts,2,0.285714
app/admin/gacha-machines/[id]/edit/page.tsx,app/api/upload/route.ts,2,0.250000
app/admin/gacha-machines/[id]/edit/page.tsx,lib/serverImageUpload.ts,2,0.400000
app/admin/gacha-machines/[id]/edit/page.tsx,tests/lib/serverImageUpload.test.ts,2,0.333333
app/admin/gacha-machines/page.tsx,app/api/admin/gacha-machines/upload-image/route.ts,2,0.250000
app/admin/gacha-machines/page.tsx,app/api/admin/gacha-rewards/upload-image/route.ts,2,0.200000
app/admin/gacha-machines/page.tsx,app/api/profile/upload-image/route.ts,2,0.285714
app/admin/gacha-machines/page.tsx,app/api/upload/route.ts,2,0.181818
app/admin/gacha-machines/page.tsx,components/admin/ProductTable.tsx,2,0.153846
app/admin/gacha-machines/page.tsx,lib/serverImageUpload.ts,3,0.428571
app/admin/gacha-machines/page.tsx,tests/lib/serverImageUpload.test.ts,3,0.375000
app/api/admin/gacha-machines/[id]/route.ts,app/api/admin/gacha-machines/route.ts,2,0.666667
app/api/admin/gacha-machines/[id]/route.ts,app/api/admin/gacha-rewards/[id]/route.ts,2,0.500000
app/api/admin/gacha-machines/[id]/route.ts,app/api/admin/gacha-rewards/route.ts,2,0.400000
app/api/admin/gacha-machines/route.ts,app/api/admin/gacha-rewards/[id]/route.ts,2,0.400000
app/api/admin/gacha-machines/route.ts,app/api/admin/gacha-rewards/route.ts,3,0.600000
app/api/admin/gacha-machines/upload-image/route.ts,app/api/admin/gacha-rewards/upload-image/route.ts,3,0.600000
app/api/admin/gacha-machines/upload-image/route.ts,app/api/upload/route.ts,3,0.500000
app/api/admin/gacha-machines/upload-image/route.ts,lib/serverImageUpload.ts,2,0.500000
app/api/admin/gacha-machines/upload-image/route.ts,tests/lib/serverImageUpload.test.ts,2,0.400000
app/api/admin/gacha-rewards/[id]/route.ts,app/api/admin/gacha-rewards/route.ts,4,0.800000
app/api/admin/gacha-rewards/[id]/route.ts,app/api/admin/gacha-rewards/upload-image/route.ts,3,0.500000
app/api/admin/gacha-rewards/[id]/route.ts,app/api/gacha/roll/route.ts,3,0.500000
app/api/admin/gacha-rewards/[id]/route.ts,components/GachaRhombus.tsx,3,0.300000
app/api/admin/gacha-rewards/route.ts,app/api/admin/gacha-rewards/upload-image/route.ts,3,0.428571
app/api/admin/gacha-rewards/route.ts,app/api/gacha/roll/route.ts,3,0.428571
app/api/admin/gacha-rewards/route.ts,components/GachaRhombus.tsx,3,0.272727
app/api/admin/gacha-rewards/upload-image/route.ts,app/api/gacha/roll/route.ts,3,0.428571
app/api/admin/gacha-rewards/upload-image/route.ts,app/api/upload/route.ts,3,0.375000
app/api/admin/gacha-rewards/upload-image/route.ts,components/GachaRhombus.tsx,3,0.272727
app/api/admin/gacha-rewards/upload-image/route.ts,lib/serverImageUpload.ts,2,0.333333
app/api/admin/gacha-rewards/upload-image/route.ts,tests/lib/serverImageUpload.test.ts,2,0.285714
app/api/gacha/roll/route.ts,components/GachaRhombus.tsx,3,0.272727
app/api/profile/upload-image/route.ts,components/admin/ProductTable.tsx,2,0.250000
app/api/profile/upload-image/route.ts,lib/serverImageUpload.ts,2,0.666667
app/api/profile/upload-image/route.ts,tests/lib/serverImageUpload.test.ts,2,0.500000
app/api/upload/route.ts,lib/serverImageUpload.ts,2,0.285714
app/api/upload/route.ts,tests/lib/serverImageUpload.test.ts,2,0.250000
components/GachaRhombus.tsx,components/admin/ProductTable.tsx,3,0.214286
components/admin/ProductTable.tsx,lib/serverImageUpload.ts,2,0.222222
components/admin/ProductTable.tsx,tests/lib/serverImageUpload.test.ts,2,0.200000
lib/serverImageUpload.ts,tests/lib/serverImageUpload.test.ts,3,0.750000
app/admin/users/AdminUsersClient.tsx,app/admin/users/page.tsx,3,0.428571
app/admin/users/AdminUsersClient.tsx,app/api/admin/users/[id]/route.ts,3,0.272727
app/admin/users/page.tsx,app/api/admin/users/[id]/route.ts,3,0.428571
README.md,next.config.ts,2,0.400000
README.md,package.json,2,0.133333
app/api/admin/auto-delete/run/route.ts,package.json,2,0.125000
app/api/topup/route.ts,lib/auth.ts,2,0.222222
app/api/topup/route.ts,lib/utils/date.ts,2,0.250000
app/api/topup/route.ts,package.json,4,0.210526
lib/auth.ts,lib/utils/date.ts,2,0.666667
lib/auth.ts,package.json,2,0.125000
lib/utils/date.ts,package.json,2,0.133333
package.json,scripts/run-next-dev.mjs,2,0.133333
app/admin/audit-logs/page.tsx,app/admin/footer-links/page.tsx,2,0.153846
app/admin/audit-logs/page.tsx,app/admin/news/page.tsx,6,0.333333
app/admin/audit-logs/page.tsx,app/admin/popups/page.tsx,6,0.461538
app/admin/audit-logs/page.tsx,app/admin/products/[id]/edit/page.tsx,4,0.266667
app/admin/audit-logs/page.tsx,app/admin/products/new/page.tsx,4,0.285714
app/admin/audit-logs/page.tsx,app/admin/settings/page.tsx,4,0.285714
app/admin/audit-logs/page.tsx,app/admin/users/AdminUsersClient.tsx,4,0.307692
app/admin/audit-logs/page.tsx,app/api/admin/roles/[id]/route.ts,3,0.300000
app/admin/audit-logs/page.tsx,app/api/featured-products/route.ts,3,0.250000
app/admin/audit-logs/page.tsx,app/api/products/[id]/route.ts,3,0.176471
app/admin/audit-logs/page.tsx,app/api/products/route.ts,3,0.166667
app/admin/audit-logs/page.tsx,app/api/topup/route.ts,3,0.200000
app/admin/audit-logs/page.tsx,app/dashboard/topup/page.tsx,4,0.307692
app/admin/audit-logs/page.tsx,components/FeaturedProducts.tsx,8,0.470588
app/admin/audit-logs/page.tsx,components/PurchasedItem.tsx,4,0.285714
app/admin/audit-logs/page.tsx,components/admin/AdminSidebar.tsx,4,0.250000
app/admin/audit-logs/page.tsx,components/admin/ProductTable.tsx,2,0.125000
app/admin/audit-logs/page.tsx,components/admin/SlipTable.tsx,2,0.200000
app/admin/audit-logs/page.tsx,lib/cache.ts,3,0.300000
app/admin/footer-links/page.tsx,app/admin/products/[id]/edit/page.tsx,4,0.400000
app/admin/footer-links/page.tsx,app/admin/products/new/page.tsx,4,0.444444
app/admin/footer-links/page.tsx,app/admin/roles/page.tsx,2,0.181818
app/admin/footer-links/page.tsx,app/admin/settings/page.tsx,2,0.181818
app/admin/footer-links/page.tsx,app/admin/users/AdminUsersClient.tsx,4,0.500000
app/admin/footer-links/page.tsx,app/api/products/[id]/route.ts,3,0.250000
app/admin/footer-links/page.tsx,app/api/products/route.ts,3,0.230769
app/admin/footer-links/page.tsx,app/dashboard/topup/page.tsx,2,0.200000
app/admin/footer-links/page.tsx,components/FeaturedProducts.tsx,4,0.250000
app/admin/footer-links/page.tsx,components/FloatingChatButton.tsx,3,0.428571
app/admin/footer-links/page.tsx,components/Navbar.tsx,4,0.210526
app/admin/footer-links/page.tsx,components/NavigationDrawer.tsx,2,0.222222
app/admin/footer-links/page.tsx,components/PurchasedItem.tsx,4,0.444444
app/admin/footer-links/page.tsx,components/admin/AdminSidebar.tsx,4,0.363636
app/admin/footer-links/page.tsx,components/admin/ProductTable.tsx,4,0.444444
app/admin/footer-links/page.tsx,components/admin/SlipTable.tsx,2,0.400000
app/admin/gacha-machines/page.tsx,app/admin/news/page.tsx,3,0.166667
app/admin/gacha-machines/page.tsx,app/admin/popups/page.tsx,3,0.230769
app/admin/gacha-machines/page.tsx,app/admin/products/[id]/edit/page.tsx,2,0.142857
app/admin/gacha-machines/page.tsx,app/admin/products/new/page.tsx,2,0.153846
app/admin/gacha-machines/page.tsx,app/admin/settings/page.tsx,2,0.153846
app/admin/gacha-machines/page.tsx,app/api/topup/route.ts,2,0.153846
app/admin/gacha-machines/page.tsx,app/dashboard/topup/page.tsx,2,0.166667
app/admin/gacha-machines/page.tsx,components/Navbar.tsx,3,0.136364
app/admin/news/page.tsx,app/admin/products/[id]/edit/page.tsx,7,0.437500
app/admin/news/page.tsx,app/admin/products/new/page.tsx,7,0.466667
app/admin/news/page.tsx,app/admin/products/page.tsx,3,0.187500
app/admin/news/page.tsx,app/admin/roles/page.tsx,6,0.375000
app/admin/news/page.tsx,app/admin/settings/page.tsx,6,0.375000
app/admin/news/page.tsx,app/admin/users/AdminUsersClient.tsx,6,0.400000
app/admin/news/page.tsx,app/api/admin/products/[id]/featured/route.ts,3,0.187500
app/admin/news/page.tsx,app/api/admin/roles/[id]/route.ts,3,0.214286
app/admin/news/page.tsx,app/api/featured-products/route.ts,3,0.187500
app/admin/news/page.tsx,app/api/products/[id]/route.ts,5,0.263158
app/admin/news/page.tsx,app/api/products/route.ts,5,0.250000
app/admin/news/page.tsx,app/api/topup/route.ts,4,0.222222
app/admin/news/page.tsx,app/dashboard/topup/page.tsx,4,0.235294
app/admin/news/page.tsx,components/FeaturedProducts.tsx,10,0.526316
app/admin/news/page.tsx,components/FloatingChatButton.tsx,3,0.187500
app/admin/news/page.tsx,components/Navbar.tsx,7,0.280000
app/admin/news/page.tsx,components/NavigationDrawer.tsx,2,0.111111
app/admin/news/page.tsx,components/PurchasedItem.tsx,6,0.375000
app/admin/news/page.tsx,components/admin/AdminSidebar.tsx,6,0.333333
app/admin/news/page.tsx,components/admin/ProductTable.tsx,6,0.375000
app/admin/news/page.tsx,components/admin/SlipTable.tsx,2,0.142857
app/admin/news/page.tsx,lib/serverImageUpload.ts,2,0.133333
app/admin/popups/page.tsx,app/admin/products/[id]/edit/page.tsx,5,0.384615
app/admin/popups/page.tsx,app/admin/products/new/page.tsx,5,0.416667
app/admin/popups/page.tsx,app/admin/roles/page.tsx,6,0.545455
app/admin/popups/page.tsx,app/admin/settings/page.tsx,5,0.416667
app/admin/popups/page.tsx,app/admin/users/AdminUsersClient.tsx,4,0.333333
app/admin/popups/page.tsx,app/api/admin/roles/[id]/route.ts,3,0.333333
app/admin/popups/page.tsx,app/api/products/[id]/route.ts,3,0.187500
app/admin/popups/page.tsx,app/api/products/route.ts,3,0.176471
app/admin/popups/page.tsx,app/api/topup/route.ts,4,0.307692
app/admin/popups/page.tsx,app/dashboard/topup/page.tsx,4,0.333333
app/admin/popups/page.tsx,components/FeaturedProducts.tsx,6,0.333333
app/admin/popups/page.tsx,components/Navbar.tsx,2,0.080000
app/admin/popups/page.tsx,components/NavigationDrawer.tsx,2,0.153846
app/admin/popups/page.tsx,components/PurchasedItem.tsx,4,0.307692
app/admin/popups/page.tsx,components/admin/AdminSidebar.tsx,2,0.117647
app/admin/popups/page.tsx,components/admin/ProductTable.tsx,2,0.133333
app/admin/popups/page.tsx,components/admin/SlipTable.tsx,2,0.222222
app/admin/popups/page.tsx,lib/serverImageUpload.ts,2,0.200000
app/admin/products/[id]/edit/page.tsx,app/admin/products/page.tsx,2,0.166667
app/admin/products/[id]/edit/page.tsx,app/admin/roles/page.tsx,4,0.307692
app/admin/products/[id]/edit/page.tsx,app/admin/settings/page.tsx,5,0.416667
app/admin/products/[id]/edit/page.tsx,app/admin/users/AdminUsersClient.tsx,4,0.333333
app/admin/products/[id]/edit/page.tsx,app/api/admin/roles/[id]/route.ts,3,0.333333
app/admin/products/[id]/edit/page.tsx,app/api/topup/route.ts,3,0.214286
app/admin/products/[id]/edit/page.tsx,app/dashboard/topup/page.tsx,2,0.142857
app/admin/products/[id]/edit/page.tsx,components/FloatingChatButton.tsx,4,0.400000
app/admin/products/[id]/edit/page.tsx,components/Navbar.tsx,4,0.173913
app/admin/products/[id]/edit/page.tsx,components/NavigationDrawer.tsx,3,0.250000
app/admin/products/[id]/edit/page.tsx,components/PurchasedItem.tsx,6,0.545455
app/admin/products/[id]/edit/page.tsx,components/admin/AdminSidebar.tsx,4,0.266667
app/admin/products/[id]/edit/page.tsx,components/admin/ProductTable.tsx,5,0.416667
app/admin/products/[id]/edit/page.tsx,components/admin/SlipTable.tsx,2,0.222222
app/admin/products/[id]/edit/page.tsx,lib/serverImageUpload.ts,2,0.200000
app/admin/products/[id]/edit/page.tsx,tests/lib/serverImageUpload.test.ts,2,0.181818
app/admin/products/new/page.tsx,app/admin/roles/page.tsx,4,0.333333
app/admin/products/new/page.tsx,app/admin/settings/page.tsx,5,0.454545
app/admin/products/new/page.tsx,app/admin/users/AdminUsersClient.tsx,4,0.363636
app/admin/products/new/page.tsx,app/api/admin/roles/[id]/route.ts,3,0.375000
app/admin/products/new/page.tsx,app/api/topup/route.ts,3,0.230769
app/admin/products/new/page.tsx,app/dashboard/topup/page.tsx,2,0.153846
app/admin/products/new/page.tsx,components/FloatingChatButton.tsx,3,0.300000
app/admin/products/new/page.tsx,components/Navbar.tsx,4,0.181818
app/admin/products/new/page.tsx,components/NavigationDrawer.tsx,2,0.166667
app/admin/products/new/page.tsx,components/PurchasedItem.tsx,6,0.600000
app/admin/products/new/page.tsx,components/admin/AdminSidebar.tsx,4,0.285714
app/admin/products/new/page.tsx,components/admin/ProductTable.tsx,4,0.333333
app/admin/products/new/page.tsx,components/admin/SlipTable.tsx,2,0.250000
app/admin/products/new/page.tsx,lib/serverImageUpload.ts,2,0.222222
app/admin/products/new/page.tsx,tests/lib/serverImageUpload.test.ts,2,0.200000
app/admin/products/page.tsx,app/api/admin/products/[id]/featured/route.ts,3,0.428571
app/admin/products/page.tsx,app/api/featured-products/route.ts,3,0.428571
app/admin/products/page.tsx,app/api/products/[id]/route.ts,2,0.153846
app/admin/products/page.tsx,app/api/products/route.ts,2,0.142857
app/admin/products/page.tsx,components/FeaturedProducts.tsx,3,0.176471
app/admin/products/page.tsx,components/FloatingChatButton.tsx,2,0.250000
app/admin/products/page.tsx,components/Navbar.tsx,3,0.150000
app/admin/products/page.tsx,components/NavigationDrawer.tsx,3,0.375000
app/admin/products/page.tsx,components/admin/AdminSidebar.tsx,3,0.250000
app/admin/products/page.tsx,components/admin/ProductTable.tsx,4,0.444444
app/admin/roles/page.tsx,app/admin/settings/page.tsx,4,0.333333
app/admin/roles/page.tsx,app/admin/users/AdminUsersClient.tsx,4,0.363636
app/admin/roles/page.tsx,app/api/admin/roles/[id]/route.ts,3,0.375000
app/admin/roles/page.tsx,app/api/products/[id]/route.ts,3,0.200000
app/admin/roles/page.tsx,app/api/products/route.ts,3,0.187500
app/admin/roles/page.tsx,app/api/topup/route.ts,3,0.230769
app/admin/roles/page.tsx,app/dashboard/topup/page.tsx,5,0.500000
app/admin/roles/page.tsx,components/FeaturedProducts.tsx,6,0.352941
app/admin/roles/page.tsx,components/Navbar.tsx,2,0.083333
app/admin/roles/page.tsx,components/NavigationDrawer.tsx,2,0.166667
app/admin/roles/page.tsx,components/PurchasedItem.tsx,4,0.333333
app/admin/roles/page.tsx,components/admin/AdminSidebar.tsx,2,0.125000
app/admin/roles/page.tsx,components/admin/ProductTable.tsx,2,0.142857
app/admin/roles/page.tsx,components/admin/SlipTable.tsx,2,0.250000
app/admin/settings/page.tsx,app/admin/users/AdminUsersClient.tsx,2,0.153846
app/admin/settings/page.tsx,app/api/admin/roles/[id]/route.ts,3,0.375000
app/admin/settings/page.tsx,app/api/products/[id]/route.ts,3,0.200000
app/admin/settings/page.tsx,app/api/products/route.ts,3,0.187500
app/admin/settings/page.tsx,app/api/topup/route.ts,3,0.230769
app/admin/settings/page.tsx,app/dashboard/topup/page.tsx,2,0.153846
app/admin/settings/page.tsx,components/FeaturedProducts.tsx,4,0.210526
app/admin/settings/page.tsx,components/Navbar.tsx,5,0.238095
app/admin/settings/page.tsx,components/NavigationDrawer.tsx,2,0.166667
app/admin/settings/page.tsx,components/PurchasedItem.tsx,4,0.333333
app/admin/settings/page.tsx,components/admin/AdminSidebar.tsx,4,0.285714
app/admin/settings/page.tsx,components/admin/ProductTable.tsx,2,0.142857
app/admin/settings/page.tsx,components/admin/SlipTable.tsx,2,0.250000
app/admin/settings/page.tsx,lib/serverImageUpload.ts,2,0.222222
app/admin/settings/page.tsx,lib/validations/content.ts,2,0.181818
app/admin/settings/page.tsx,tests/lib/serverImageUpload.test.ts,2,0.200000
app/admin/users/AdminUsersClient.tsx,app/api/products/[id]/route.ts,3,0.214286
app/admin/users/AdminUsersClient.tsx,app/api/products/route.ts,3,0.200000
app/admin/users/AdminUsersClient.tsx,app/dashboard/topup/page.tsx,4,0.400000
app/admin/users/AdminUsersClient.tsx,components/FeaturedProducts.tsx,6,0.375000
app/admin/users/AdminUsersClient.tsx,components/FloatingChatButton.tsx,3,0.333333
app/admin/users/AdminUsersClient.tsx,components/Navbar.tsx,4,0.190476
app/admin/users/AdminUsersClient.tsx,components/NavigationDrawer.tsx,2,0.181818
app/admin/users/AdminUsersClient.tsx,components/PurchasedItem.tsx,4,0.363636
app/admin/users/AdminUsersClient.tsx,components/admin/AdminSidebar.tsx,4,0.307692
app/admin/users/AdminUsersClient.tsx,components/admin/ProductTable.tsx,4,0.363636
app/admin/users/AdminUsersClient.tsx,components/admin/SlipTable.tsx,2,0.285714
app/api/admin/audit-logs/route.ts,app/api/admin/products/[id]/featured/route.ts,2,0.222222
app/api/admin/audit-logs/route.ts,app/api/featured-products/route.ts,3,0.375000
app/api/admin/audit-logs/route.ts,components/FeaturedProducts.tsx,3,0.166667
app/api/admin/audit-logs/route.ts,components/Navbar.tsx,3,0.142857
app/api/admin/audit-logs/route.ts,components/admin/AdminSidebar.tsx,3,0.230769
app/api/admin/audit-logs/route.ts,lib/cache.ts,3,0.500000
app/api/admin/audit-logs/route.ts,lib/validations/content.ts,2,0.222222
app/api/admin/products/[id]/featured/route.ts,app/api/featured-products/route.ts,3,0.428571
app/api/admin/products/[id]/featured/route.ts,components/FeaturedProducts.tsx,3,0.176471
app/api/admin/products/[id]/featured/route.ts,components/Navbar.tsx,3,0.150000
app/api/admin/products/[id]/featured/route.ts,components/admin/AdminSidebar.tsx,3,0.250000
app/api/admin/products/[id]/featured/route.ts,components/admin/ProductTable.tsx,3,0.300000
app/api/admin/products/[id]/featured/route.ts,lib/validations/content.ts,2,0.250000
app/api/admin/roles/[id]/route.ts,app/api/products/[id]/route.ts,3,0.300000
app/api/admin/roles/[id]/route.ts,app/api/products/route.ts,3,0.272727
app/api/admin/roles/[id]/route.ts,app/api/topup/route.ts,3,0.375000
app/api/admin/roles/[id]/route.ts,components/FeaturedProducts.tsx,3,0.200000
app/api/admin/roles/[id]/route.ts,components/PurchasedItem.tsx,3,0.375000
app/api/featured-products/route.ts,components/FeaturedProducts.tsx,5,0.333333
app/api/featured-products/route.ts,components/Navbar.tsx,5,0.277778
app/api/featured-products/route.ts,components/admin/AdminSidebar.tsx,5,0.500000
app/api/featured-products/route.ts,components/admin/ProductTable.tsx,3,0.300000
app/api/featured-products/route.ts,lib/auditLog.ts,3,0.375000
app/api/featured-products/route.ts,lib/cache.ts,3,0.600000
app/api/products/[id]/route.ts,app/api/topup/route.ts,3,0.200000
app/api/products/[id]/route.ts,components/FloatingChatButton.tsx,4,0.363636
app/api/products/[id]/route.ts,components/Navbar.tsx,3,0.120000
app/api/products/[id]/route.ts,components/NavigationDrawer.tsx,2,0.142857
app/api/products/[id]/route.ts,components/PurchasedItem.tsx,5,0.384615
app/api/products/[id]/route.ts,components/admin/AdminSidebar.tsx,3,0.176471
app/api/products/[id]/route.ts,components/admin/ProductTable.tsx,4,0.285714
app/api/products/route.ts,app/api/topup/route.ts,4,0.266667
app/api/products/route.ts,components/FloatingChatButton.tsx,4,0.333333
app/api/products/route.ts,components/Navbar.tsx,3,0.115385
app/api/products/route.ts,components/NavigationDrawer.tsx,2,0.133333
app/api/products/route.ts,components/PurchasedItem.tsx,5,0.357143
app/api/products/route.ts,components/admin/AdminSidebar.tsx,3,0.166667
app/api/products/route.ts,components/admin/ProductTable.tsx,4,0.266667
app/api/products/route.ts,lib/auditLog.ts,2,0.133333
app/api/topup/route.ts,components/FeaturedProducts.tsx,3,0.150000
app/api/topup/route.ts,components/PurchasedItem.tsx,3,0.230769
app/api/topup/route.ts,lib/actions/user.ts,2,0.222222
app/api/topup/route.ts,lib/auditLog.ts,2,0.166667
app/dashboard/topup/page.tsx,components/FeaturedProducts.tsx,4,0.222222
app/dashboard/topup/page.tsx,components/Navbar.tsx,2,0.086957
app/dashboard/topup/page.tsx,components/NavigationDrawer.tsx,2,0.181818
app/dashboard/topup/page.tsx,components/PurchasedItem.tsx,2,0.153846
app/dashboard/topup/page.tsx,components/admin/AdminSidebar.tsx,2,0.133333
app/dashboard/topup/page.tsx,components/admin/ProductTable.tsx,2,0.153846
app/dashboard/topup/page.tsx,components/admin/SlipTable.tsx,2,0.285714
components/FeaturedProducts.tsx,components/FloatingChatButton.tsx,3,0.176471
components/FeaturedProducts.tsx,components/Navbar.tsx,10,0.434783
components/FeaturedProducts.tsx,components/NavigationDrawer.tsx,2,0.105263
components/FeaturedProducts.tsx,components/PurchasedItem.tsx,6,0.352941
components/FeaturedProducts.tsx,components/admin/AdminSidebar.tsx,8,0.470588
components/FeaturedProducts.tsx,components/admin/ProductTable.tsx,6,0.352941
components/FeaturedProducts.tsx,components/admin/SlipTable.tsx,2,0.133333
components/FeaturedProducts.tsx,lib/auditLog.ts,3,0.166667
components/FeaturedProducts.tsx,lib/cache.ts,3,0.200000
components/FeaturedProducts.tsx,lib/validations/profile.ts,3,0.187500
components/FloatingChatButton.tsx,components/PurchasedItem.tsx,3,0.300000
components/FloatingChatButton.tsx,components/admin/AdminSidebar.tsx,3,0.250000
components/FloatingChatButton.tsx,components/admin/ProductTable.tsx,4,0.444444
components/Navbar.tsx,components/PurchasedItem.tsx,4,0.181818
components/Navbar.tsx,components/admin/AdminSidebar.tsx,10,0.555556
components/Navbar.tsx,components/admin/ProductTable.tsx,6,0.300000
components/Navbar.tsx,components/admin/SlipTable.tsx,2,0.111111
components/Navbar.tsx,lib/auditLog.ts,3,0.142857
components/Navbar.tsx,lib/cache.ts,3,0.166667
components/Navbar.tsx,lib/validations/content.ts,2,0.095238
components/NavigationDrawer.tsx,components/PurchasedItem.tsx,2,0.166667
components/NavigationDrawer.tsx,components/admin/AdminSidebar.tsx,2,0.142857
components/NavigationDrawer.tsx,components/admin/ProductTable.tsx,3,0.272727
components/NavigationDrawer.tsx,components/admin/SlipTable.tsx,2,0.333333
components/PurchasedItem.tsx,components/admin/AdminSidebar.tsx,4,0.285714
components/PurchasedItem.tsx,components/admin/ProductTable.tsx,4,0.333333
components/PurchasedItem.tsx,components/admin/SlipTable.tsx,2,0.250000
components/admin/AdminSidebar.tsx,components/admin/ProductTable.tsx,6,0.500000
components/admin/AdminSidebar.tsx,components/admin/SlipTable.tsx,2,0.200000
components/admin/AdminSidebar.tsx,lib/auditLog.ts,3,0.230769
components/admin/AdminSidebar.tsx,lib/cache.ts,3,0.300000
components/admin/ProductTable.tsx,components/admin/SlipTable.tsx,2,0.250000
lib/auditLog.ts,lib/cache.ts,3,0.500000
app/admin/gacha-machines/[id]/edit/page.tsx,app/admin/news/page.tsx,2,0.125000
app/admin/gacha-machines/[id]/edit/page.tsx,app/admin/popups/page.tsx,2,0.181818
app/admin/news/page.tsx,app/api/upload/route.ts,3,0.176471
app/admin/popups/page.tsx,app/api/upload/route.ts,3,0.250000
app/admin/products/[id]/edit/page.tsx,app/api/upload/route.ts,3,0.250000
app/admin/products/new/page.tsx,app/api/upload/route.ts,3,0.272727
app/admin/settings/page.tsx,app/api/admin/gacha-rewards/upload-image/route.ts,3,0.300000
app/admin/settings/page.tsx,app/api/upload/route.ts,3,0.272727
app/globals.css,app/layout.tsx,10,0.625000
lib/seo.ts,lint-report.json,2,1.000000
app/api/cart/checkout/route.ts,app/api/dashboard/topup-summary/route.ts,3,0.272727
app/api/cart/checkout/route.ts,components/GachaHubClient.tsx,2,0.285714
app/api/dashboard/topup-summary/route.ts,components/GachaHubClient.tsx,2,0.285714
app/admin/layout.tsx,app/admin/page.tsx,5,0.714286
app/admin/layout.tsx,app/admin/products/[id]/stock/page.tsx,2,0.222222
app/admin/layout.tsx,app/api/cart/checkout/route.ts,2,0.166667
app/admin/layout.tsx,app/api/dashboard/topup-summary/route.ts,4,0.400000
app/admin/layout.tsx,app/dashboard/layout.tsx,4,0.571429
app/admin/layout.tsx,app/gacha/page.tsx,3,0.333333
app/admin/layout.tsx,app/gacha/play/page.tsx,2,0.222222
app/admin/layout.tsx,app/globals.css,6,0.428571
app/admin/layout.tsx,app/layout.tsx,6,0.428571
app/admin/layout.tsx,app/page.tsx,2,0.133333
app/admin/layout.tsx,app/product/[id]/page.tsx,2,0.181818
app/admin/layout.tsx,app/shop/page.tsx,4,0.363636
app/admin/layout.tsx,components/GachaRhombus.tsx,4,0.333333
app/admin/layout.tsx,components/Navbar.tsx,4,0.190476
app/admin/layout.tsx,components/PageBreadcrumb.tsx,2,0.285714
app/admin/page.tsx,app/api/dashboard/topup-summary/route.ts,3,0.333333
app/admin/page.tsx,app/dashboard/layout.tsx,3,0.500000
app/admin/page.tsx,app/gacha/page.tsx,3,0.428571
app/admin/page.tsx,app/globals.css,5,0.384615
app/admin/page.tsx,app/layout.tsx,5,0.384615
app/admin/page.tsx,app/shop/page.tsx,3,0.300000
app/admin/page.tsx,components/GachaRhombus.tsx,3,0.272727
app/admin/page.tsx,components/Navbar.tsx,3,0.150000
app/admin/products/[id]/stock/page.tsx,app/api/cart/checkout/route.ts,2,0.222222
app/admin/products/[id]/stock/page.tsx,app/dashboard/layout.tsx,2,0.333333
app/admin/products/[id]/stock/page.tsx,app/gacha/play/page.tsx,2,0.333333
app/admin/products/[id]/stock/page.tsx,app/globals.css,2,0.133333
app/admin/products/[id]/stock/page.tsx,app/layout.tsx,3,0.214286
app/admin/products/[id]/stock/page.tsx,app/page.tsx,2,0.166667
app/admin/products/[id]/stock/page.tsx,app/product/[id]/page.tsx,2,0.250000
app/admin/products/[id]/stock/page.tsx,app/shop/page.tsx,2,0.200000
app/admin/products/[id]/stock/page.tsx,components/GachaRhombus.tsx,3,0.300000
app/admin/products/[id]/stock/page.tsx,components/Navbar.tsx,2,0.100000
app/admin/products/[id]/stock/page.tsx,components/PageBreadcrumb.tsx,2,0.500000
app/api/cart/checkout/route.ts,app/globals.css,3,0.176471
app/api/cart/checkout/route.ts,app/layout.tsx,3,0.176471
app/api/cart/checkout/route.ts,app/product/[id]/page.tsx,3,0.300000
app/api/cart/checkout/route.ts,components/Navbar.tsx,3,0.136364
app/api/cart/checkout/route.ts,components/ProductGallery.tsx,3,0.375000
app/api/dashboard/topup-summary/route.ts,app/dashboard/layout.tsx,3,0.375000
app/api/dashboard/topup-summary/route.ts,app/globals.css,3,0.176471
app/api/dashboard/topup-summary/route.ts,app/layout.tsx,3,0.176471
app/api/dashboard/topup-summary/route.ts,app/shop/page.tsx,4,0.363636
app/api/dashboard/topup-summary/route.ts,components/AnnouncementPopup.tsx,2,0.200000
app/api/dashboard/topup-summary/route.ts,components/GachaRhombus.tsx,2,0.142857
app/dashboard/layout.tsx,app/gacha/play/page.tsx,2,0.333333
app/dashboard/layout.tsx,app/globals.css,4,0.307692
app/dashboard/layout.tsx,app/layout.tsx,4,0.307692
app/dashboard/layout.tsx,app/page.tsx,2,0.166667
app/dashboard/layout.tsx,app/product/[id]/page.tsx,2,0.250000
app/dashboard/layout.tsx,app/shop/page.tsx,4,0.500000
app/dashboard/layout.tsx,components/GachaRhombus.tsx,2,0.181818
app/dashboard/layout.tsx,components/Navbar.tsx,2,0.100000
app/dashboard/layout.tsx,components/PageBreadcrumb.tsx,2,0.500000
app/dashboard/settings/page.tsx,components/Navbar.tsx,3,0.166667
app/gacha/page.tsx,app/globals.css,3,0.200000
app/gacha/page.tsx,components/GachaRhombus.tsx,3,0.272727
app/gacha/page.tsx,components/Navbar.tsx,3,0.150000
app/gacha/play/page.tsx,app/globals.css,2,0.133333
app/gacha/play/page.tsx,app/product/[id]/page.tsx,2,0.250000
app/gacha/play/page.tsx,components/GachaRhombus.tsx,2,0.181818
app/gacha/play/page.tsx,components/Navbar.tsx,2,0.100000
app/gacha/play/page.tsx,components/PageBreadcrumb.tsx,2,0.500000
app/globals.css,app/page.tsx,5,0.277778
app/globals.css,app/product/[id]/page.tsx,4,0.266667
app/globals.css,app/shop/page.tsx,4,0.235294
app/globals.css,components/GachaRhombus.tsx,4,0.222222
app/globals.css,components/Navbar.tsx,8,0.347826
app/globals.css,components/PageBreadcrumb.tsx,2,0.153846
app/globals.css,components/ProductGallery.tsx,3,0.214286
app/globals.css,eslint.config.mjs,2,0.153846
app/help/page.tsx,components/Navbar.tsx,3,0.150000
app/help/page.tsx,package.json,3,0.176471
app/layout.tsx,app/product/[id]/page.tsx,4,0.266667
app/layout.tsx,components/GachaRhombus.tsx,5,0.294118
app/layout.tsx,components/PageBreadcrumb.tsx,2,0.153846
app/layout.tsx,components/ProductGallery.tsx,3,0.214286
app/layout.tsx,eslint.config.mjs,2,0.153846
app/layout.tsx,package.json,2,0.076923
app/page.tsx,app/product/[id]/page.tsx,2,0.142857
app/page.tsx,components/GachaRhombus.tsx,2,0.117647
app/page.tsx,components/PageBreadcrumb.tsx,2,0.200000
app/page.tsx,eslint.config.mjs,2,0.200000
app/page.tsx,package.json,6,0.315789
app/product/[id]/page.tsx,app/shop/page.tsx,2,0.166667
app/product/[id]/page.tsx,components/Navbar.tsx,5,0.263158
app/product/[id]/page.tsx,components/PageBreadcrumb.tsx,2,0.333333
app/shop/page.tsx,components/GachaRhombus.tsx,2,0.133333
app/shop/page.tsx,components/PageBreadcrumb.tsx,2,0.250000
components/AnnouncementPopup.tsx,components/GachaRhombus.tsx,2,0.166667
components/AnnouncementPopup.tsx,package.json,3,0.176471
components/GachaRhombus.tsx,components/Navbar.tsx,4,0.173913
components/GachaRhombus.tsx,components/PageBreadcrumb.tsx,2,0.222222
components/Navbar.tsx,components/PageBreadcrumb.tsx,2,0.111111
components/Navbar.tsx,components/ProductGallery.tsx,3,0.157895
components/Navbar.tsx,package.json,5,0.178571
eslint.config.mjs,package.json,2,0.133333
app/admin/audit-logs/page.tsx,app/admin/layout.tsx,3,0.214286
app/admin/audit-logs/page.tsx,app/admin/promo-codes/page.tsx,3,0.250000
app/admin/audit-logs/page.tsx,app/dashboard/layout.tsx,3,0.272727
app/admin/audit-logs/page.tsx,app/globals.css,5,0.277778
app/admin/audit-logs/page.tsx,components/DashboardClient.tsx,3,0.272727
app/admin/audit-logs/page.tsx,components/DashboardTabs.tsx,3,0.300000
app/admin/audit-logs/page.tsx,components/ProductActions.tsx,3,0.272727
app/admin/audit-logs/page.tsx,components/ProductCard.tsx,5,0.384615
app/admin/audit-logs/page.tsx,components/SaleProducts.tsx,7,0.411765
app/admin/footer-links/page.tsx,app/admin/promo-codes/page.tsx,3,0.428571
app/admin/footer-links/page.tsx,app/globals.css,3,0.200000
app/admin/footer-links/page.tsx,app/layout.tsx,3,0.200000
app/admin/footer-links/page.tsx,app/product/[id]/page.tsx,3,0.375000
app/admin/footer-links/page.tsx,components/HeroBannerClient.tsx,3,0.230769
app/admin/footer-links/page.tsx,components/ProductCard.tsx,3,0.300000
app/admin/footer-links/page.tsx,components/SaleProducts.tsx,3,0.187500
app/admin/footer-links/page.tsx,components/cart/AddToCartButton.tsx,3,0.600000
app/admin/layout.tsx,app/admin/news/page.tsx,3,0.166667
app/admin/layout.tsx,app/admin/popups/page.tsx,3,0.230769
app/admin/layout.tsx,app/admin/promo-codes/page.tsx,3,0.333333
app/admin/layout.tsx,app/admin/roles/page.tsx,3,0.250000
app/admin/layout.tsx,app/admin/settings/page.tsx,3,0.250000
app/admin/layout.tsx,app/admin/users/AdminUsersClient.tsx,3,0.272727
app/admin/layout.tsx,app/dashboard/topup/page.tsx,3,0.272727
app/admin/layout.tsx,components/DashboardClient.tsx,3,0.375000
app/admin/layout.tsx,components/DashboardTabs.tsx,3,0.428571
app/admin/layout.tsx,components/FeaturedProducts.tsx,3,0.157895
app/admin/layout.tsx,components/ProductActions.tsx,3,0.375000
app/admin/layout.tsx,components/ProductCard.tsx,3,0.250000
app/admin/layout.tsx,components/SaleProducts.tsx,3,0.166667
app/admin/layout.tsx,components/admin/AdminSidebar.tsx,3,0.214286
app/admin/news/page.tsx,app/admin/promo-codes/page.tsx,5,0.357143
app/admin/news/page.tsx,app/dashboard/layout.tsx,3,0.200000
app/admin/news/page.tsx,app/globals.css,5,0.227273
app/admin/news/page.tsx,app/layout.tsx,5,0.227273
app/admin/news/page.tsx,app/page.tsx,3,0.142857
app/admin/news/page.tsx,app/product/[id]/page.tsx,4,0.250000
app/admin/news/page.tsx,app/shop/page.tsx,3,0.157895
app/admin/news/page.tsx,components/DashboardClient.tsx,3,0.200000
app/admin/news/page.tsx,components/DashboardTabs.tsx,3,0.214286
app/admin/news/page.tsx,components/HeroBannerClient.tsx,5,0.250000
app/admin/news/page.tsx,components/ProductActions.tsx,3,0.200000
app/admin/news/page.tsx,components/ProductCard.tsx,7,0.466667
app/admin/news/page.tsx,components/SaleProducts.tsx,9,0.473684
app/admin/news/page.tsx,components/cart/AddToCartButton.tsx,3,0.214286
app/admin/popups/page.tsx,app/admin/promo-codes/page.tsx,3,0.272727
app/admin/popups/page.tsx,app/dashboard/layout.tsx,3,0.300000
app/admin/popups/page.tsx,app/globals.css,3,0.157895
app/admin/popups/page.tsx,app/layout.tsx,3,0.157895
app/admin/popups/page.tsx,app/shop/page.tsx,3,0.214286
app/admin/popups/page.tsx,components/DashboardClient.tsx,3,0.300000
app/admin/popups/page.tsx,components/DashboardTabs.tsx,3,0.333333
app/admin/popups/page.tsx,components/ProductActions.tsx,3,0.300000
app/admin/popups/page.tsx,components/ProductCard.tsx,5,0.416667
app/admin/popups/page.tsx,components/SaleProducts.tsx,5,0.277778
app/admin/products/[id]/edit/page.tsx,app/admin/products/[id]/stock/page.tsx,2,0.181818
app/admin/products/[id]/edit/page.tsx,app/admin/promo-codes/page.tsx,3,0.272727
app/admin/products/[id]/edit/page.tsx,app/globals.css,3,0.157895
app/admin/products/[id]/edit/page.tsx,app/layout.tsx,4,0.222222
app/admin/products/[id]/edit/page.tsx,components/HeroBannerClient.tsx,3,0.176471
app/admin/products/[id]/edit/page.tsx,components/cart/AddToCartButton.tsx,3,0.333333
app/admin/products/[id]/stock/page.tsx,components/HeroBannerClient.tsx,2,0.153846
app/admin/products/[id]/stock/page.tsx,components/NavigationDrawer.tsx,2,0.250000
app/admin/products/[id]/stock/page.tsx,components/PurchasedItem.tsx,2,0.200000
app/admin/products/[id]/stock/page.tsx,components/admin/ProductTable.tsx,2,0.200000
app/admin/products/new/page.tsx,app/admin/promo-codes/page.tsx,3,0.300000
app/admin/products/new/page.tsx,app/globals.css,3,0.166667
app/admin/products/new/page.tsx,app/layout.tsx,3,0.166667
app/admin/products/new/page.tsx,components/HeroBannerClient.tsx,3,0.187500
app/admin/products/new/page.tsx,components/cart/AddToCartButton.tsx,3,0.375000
app/admin/promo-codes/page.tsx,app/admin/roles/page.tsx,3,0.300000
app/admin/promo-codes/page.tsx,app/admin/users/AdminUsersClient.tsx,5,0.714286
app/admin/promo-codes/page.tsx,app/dashboard/layout.tsx,3,0.500000
app/admin/promo-codes/page.tsx,app/dashboard/topup/page.tsx,3,0.333333
app/admin/promo-codes/page.tsx,app/globals.css,5,0.384615
app/admin/promo-codes/page.tsx,app/layout.tsx,5,0.384615
app/admin/promo-codes/page.tsx,app/product/[id]/page.tsx,3,0.375000
app/admin/promo-codes/page.tsx,app/shop/page.tsx,3,0.300000
app/admin/promo-codes/page.tsx,components/DashboardClient.tsx,3,0.500000
app/admin/promo-codes/page.tsx,components/DashboardTabs.tsx,3,0.600000
app/admin/promo-codes/page.tsx,components/FeaturedProducts.tsx,5,0.333333
app/admin/promo-codes/page.tsx,components/HeroBannerClient.tsx,3,0.230769
app/admin/promo-codes/page.tsx,components/Navbar.tsx,3,0.150000
app/admin/promo-codes/page.tsx,components/ProductActions.tsx,3,0.500000
app/admin/promo-codes/page.tsx,components/ProductCard.tsx,5,0.625000
app/admin/promo-codes/page.tsx,components/PurchasedItem.tsx,3,0.300000
app/admin/promo-codes/page.tsx,components/SaleProducts.tsx,5,0.357143
app/admin/promo-codes/page.tsx,components/admin/AdminSidebar.tsx,3,0.250000
app/admin/promo-codes/page.tsx,components/admin/ProductTable.tsx,3,0.300000
app/admin/promo-codes/page.tsx,components/cart/AddToCartButton.tsx,3,0.600000
app/admin/roles/page.tsx,app/dashboard/layout.tsx,3,0.333333
app/admin/roles/page.tsx,app/globals.css,3,0.166667
app/admin/roles/page.tsx,app/layout.tsx,3,0.166667
app/admin/roles/page.tsx,app/shop/page.tsx,3,0.230769
app/admin/roles/page.tsx,components/DashboardClient.tsx,3,0.333333
app/admin/roles/page.tsx,components/DashboardTabs.tsx,3,0.375000
app/admin/roles/page.tsx,components/ProductActions.tsx,3,0.333333
app/admin/roles/page.tsx,components/ProductCard.tsx,5,0.454545
app/admin/roles/page.tsx,components/SaleProducts.tsx,5,0.294118
app/admin/settings/page.tsx,app/globals.css,3,0.166667
app/admin/settings/page.tsx,app/layout.tsx,3,0.166667
app/admin/settings/page.tsx,app/product/[id]/page.tsx,2,0.166667
app/admin/settings/page.tsx,components/GachaRhombus.tsx,3,0.214286
app/admin/settings/page.tsx,components/ProductCard.tsx,3,0.230769
app/admin/settings/page.tsx,components/SaleProducts.tsx,3,0.157895
app/admin/users/AdminUsersClient.tsx,app/dashboard/layout.tsx,3,0.375000
app/admin/users/AdminUsersClient.tsx,app/globals.css,5,0.333333
app/admin/users/AdminUsersClient.tsx,app/layout.tsx,5,0.333333
app/admin/users/AdminUsersClient.tsx,app/product/[id]/page.tsx,3,0.300000
app/admin/users/AdminUsersClient.tsx,app/shop/page.tsx,3,0.250000
app/admin/users/AdminUsersClient.tsx,components/DashboardClient.tsx,3,0.375000
app/admin/users/AdminUsersClient.tsx,components/DashboardTabs.tsx,3,0.428571
app/admin/users/AdminUsersClient.tsx,components/HeroBannerClient.tsx,3,0.200000
app/admin/users/AdminUsersClient.tsx,components/ProductActions.tsx,3,0.375000
app/admin/users/AdminUsersClient.tsx,components/ProductCard.tsx,5,0.500000
app/admin/users/AdminUsersClient.tsx,components/SaleProducts.tsx,5,0.312500
app/admin/users/AdminUsersClient.tsx,components/cart/AddToCartButton.tsx,3,0.428571
app/dashboard/layout.tsx,app/dashboard/topup/page.tsx,3,0.375000
app/dashboard/layout.tsx,components/DashboardClient.tsx,3,0.600000
app/dashboard/layout.tsx,components/DashboardTabs.tsx,3,0.750000
app/dashboard/layout.tsx,components/FeaturedProducts.tsx,3,0.187500
app/dashboard/layout.tsx,components/ProductActions.tsx,3,0.600000
app/dashboard/layout.tsx,components/ProductCard.tsx,3,0.333333
app/dashboard/layout.tsx,components/SaleProducts.tsx,3,0.200000
app/dashboard/topup/page.tsx,app/globals.css,3,0.176471
app/dashboard/topup/page.tsx,app/layout.tsx,3,0.176471
app/dashboard/topup/page.tsx,app/shop/page.tsx,3,0.250000
app/dashboard/topup/page.tsx,components/DashboardClient.tsx,3,0.375000
app/dashboard/topup/page.tsx,components/DashboardTabs.tsx,3,0.428571
app/dashboard/topup/page.tsx,components/HeroBannerClient.tsx,2,0.125000
app/dashboard/topup/page.tsx,components/ProductActions.tsx,3,0.375000
app/dashboard/topup/page.tsx,components/ProductCard.tsx,3,0.250000
app/dashboard/topup/page.tsx,components/SaleProducts.tsx,3,0.166667
app/globals.css,components/DashboardTabs.tsx,3,0.230769
app/globals.css,components/FeaturedProducts.tsx,7,0.333333
app/globals.css,components/HeroBannerClient.tsx,3,0.142857
app/globals.css,components/ProductActions.tsx,3,0.214286
app/globals.css,components/ProductCard.tsx,5,0.312500
app/globals.css,components/SaleProducts.tsx,7,0.350000
app/globals.css,components/admin/AdminSidebar.tsx,7,0.437500
app/globals.css,components/admin/ProductTable.tsx,3,0.166667
app/globals.css,components/cart/AddToCartButton.tsx,3,0.230769
app/layout.tsx,components/DashboardClient.tsx,3,0.214286
app/layout.tsx,components/DashboardTabs.tsx,3,0.230769
app/layout.tsx,components/FeaturedProducts.tsx,5,0.217391
app/layout.tsx,components/ProductActions.tsx,3,0.214286
app/layout.tsx,components/ProductCard.tsx,5,0.312500
app/layout.tsx,components/PurchasedItem.tsx,3,0.166667
app/layout.tsx,components/SaleProducts.tsx,5,0.227273
app/layout.tsx,components/admin/AdminSidebar.tsx,5,0.277778
app/layout.tsx,components/admin/ProductTable.tsx,4,0.235294
app/layout.tsx,components/cart/AddToCartButton.tsx,3,0.230769
app/page.tsx,components/FeaturedProducts.tsx,5,0.250000
app/page.tsx,components/SaleProducts.tsx,5,0.263158
app/page.tsx,components/admin/AdminSidebar.tsx,5,0.333333
app/page.tsx,components/admin/ProductTable.tsx,3,0.200000
app/product/[id]/page.tsx,components/HeroBannerClient.tsx,3,0.214286
app/product/[id]/page.tsx,components/PurchasedItem.tsx,3,0.272727
app/product/[id]/page.tsx,components/admin/AdminSidebar.tsx,3,0.230769
app/product/[id]/page.tsx,components/admin/ProductTable.tsx,3,0.272727
app/product/[id]/page.tsx,components/cart/AddToCartButton.tsx,3,0.500000
app/shop/page.tsx,components/DashboardClient.tsx,3,0.333333
app/shop/page.tsx,components/DashboardTabs.tsx,3,0.375000
app/shop/page.tsx,components/FeaturedProducts.tsx,3,0.150000
app/shop/page.tsx,components/ProductActions.tsx,3,0.333333
app/shop/page.tsx,components/ProductCard.tsx,3,0.230769
app/shop/page.tsx,components/SaleProducts.tsx,3,0.157895
app/shop/page.tsx,components/ShopControls.tsx,2,0.250000
components/DashboardClient.tsx,components/DashboardTabs.tsx,3,0.750000
components/DashboardClient.tsx,components/FeaturedProducts.tsx,3,0.187500
components/DashboardClient.tsx,components/ProductActions.tsx,3,0.600000
components/DashboardClient.tsx,components/ProductCard.tsx,3,0.333333
components/DashboardClient.tsx,components/SaleProducts.tsx,3,0.200000
components/DashboardTabs.tsx,components/FeaturedProducts.tsx,3,0.200000
components/DashboardTabs.tsx,components/ProductActions.tsx,3,0.750000
components/DashboardTabs.tsx,components/ProductCard.tsx,3,0.375000
components/DashboardTabs.tsx,components/SaleProducts.tsx,3,0.214286
components/FeaturedProducts.tsx,components/HeroBannerClient.tsx,5,0.238095
components/FeaturedProducts.tsx,components/cart/AddToCartButton.tsx,3,0.200000
components/GachaRhombus.tsx,components/HeroBannerClient.tsx,2,0.111111
components/GachaRhombus.tsx,components/NavigationDrawer.tsx,2,0.153846
components/GachaRhombus.tsx,components/admin/AdminSidebar.tsx,3,0.187500
components/HeroBannerClient.tsx,components/ProductCard.tsx,3,0.187500
components/HeroBannerClient.tsx,components/PurchasedItem.tsx,4,0.266667
components/HeroBannerClient.tsx,components/SaleProducts.tsx,5,0.250000
components/HeroBannerClient.tsx,components/admin/AdminSidebar.tsx,5,0.312500
components/HeroBannerClient.tsx,components/admin/ProductTable.tsx,5,0.357143
components/HeroBannerClient.tsx,components/cart/AddToCartButton.tsx,3,0.272727
components/Navbar.tsx,components/ProductCard.tsx,3,0.130435
components/Navbar.tsx,components/SaleProducts.tsx,9,0.391304
components/Navbar.tsx,components/cart/AddToCartButton.tsx,3,0.166667
components/ProductCard.tsx,components/PurchasedItem.tsx,5,0.454545
components/ProductCard.tsx,components/admin/AdminSidebar.tsx,3,0.200000
components/ProductCard.tsx,components/admin/ProductTable.tsx,3,0.230769
components/ProductCard.tsx,components/cart/AddToCartButton.tsx,3,0.375000
components/PurchasedItem.tsx,components/SaleProducts.tsx,5,0.294118
components/PurchasedItem.tsx,components/cart/AddToCartButton.tsx,3,0.375000
components/SaleProducts.tsx,components/admin/AdminSidebar.tsx,7,0.411765
components/SaleProducts.tsx,components/admin/ProductTable.tsx,5,0.294118
components/SaleProducts.tsx,components/cart/AddToCartButton.tsx,3,0.214286
components/admin/AdminSidebar.tsx,components/cart/AddToCartButton.tsx,3,0.300000
components/admin/ProductTable.tsx,components/cart/AddToCartButton.tsx,3,0.375000
app/api/dashboard/topup-summary/route.ts,components/DailyTopupSummary.tsx,3,0.300000
app/api/dashboard/topup-summary/route.ts,components/MembersSummary.tsx,3,0.333333
app/shop/page.tsx,components/DailyTopupSummary.tsx,3,0.272727
app/shop/page.tsx,components/MembersSummary.tsx,3,0.300000
components/DailyTopupSummary.tsx,components/MembersSummary.tsx,5,0.833333
app/admin/products/[id]/stock/page.tsx,app/dashboard/inventory/page.tsx,2,0.500000
app/api/cart/checkout/route.ts,components/HeroBannerClient.tsx,3,0.200000
app/api/cart/checkout/route.ts,components/PurchasedItem.tsx,3,0.250000
app/api/cart/checkout/route.ts,components/cart/CartItem.tsx,3,0.428571
app/api/cart/checkout/route.ts,components/cart/CartSheet.tsx,3,0.375000
app/api/cart/checkout/route.ts,components/providers/CartContext.tsx,3,0.428571
components/HeroBannerClient.tsx,components/cart/CartItem.tsx,3,0.272727
components/HeroBannerClient.tsx,components/cart/CartSheet.tsx,3,0.250000
components/HeroBannerClient.tsx,components/providers/CartContext.tsx,3,0.272727
components/PurchasedItem.tsx,components/cart/CartItem.tsx,3,0.375000
components/PurchasedItem.tsx,components/cart/CartSheet.tsx,3,0.333333
components/PurchasedItem.tsx,components/providers/CartContext.tsx,3,0.375000
components/cart/CartItem.tsx,components/cart/CartSheet.tsx,3,0.750000
components/cart/CartItem.tsx,components/providers/CartContext.tsx,3,1.000000
components/cart/CartSheet.tsx,components/providers/CartContext.tsx,3,0.750000
app/admin/news/page.tsx,components/NewsSection.tsx,5,0.294118
app/admin/settings/page.tsx,components/HeroBanner.tsx,3,0.375000
app/product/[id]/page.tsx,components/NewsSection.tsx,3,0.272727
components/HeroBanner.tsx,components/Navbar.tsx,3,0.166667
app/admin/products/[id]/edit/page.tsx,app/api/purchase/route.ts,3,0.230769
app/api/products/[id]/route.ts,app/layout.tsx,3,0.150000
app/api/products/route.ts,app/layout.tsx,3,0.142857
app/api/purchase/route.ts,app/layout.tsx,3,0.176471
.scannerwork/report-task.txt,components/GachaRecentFeed.tsx,3,0.300000
.scannerwork/report-task.txt,components/HeroBannerClient.tsx,3,0.214286
components/GachaHistory.tsx,components/HeroBannerClient.tsx,2,0.166667
components/GachaRecentFeed.tsx,components/HeroBannerClient.tsx,4,0.285714
.scannerwork/report-task.txt,components/ui/table.tsx,3,0.428571
components/GachaRecentFeed.tsx,components/ui/table.tsx,2,0.222222
components/HeroBannerClient.tsx,components/ui/table.tsx,2,0.153846
app/dashboard/topup/page.tsx,components/ui/chart.tsx,2,0.285714
app/admin/nav-items/page.tsx,app/api/products/[id]/route.ts,3,0.300000
app/admin/nav-items/page.tsx,app/api/products/route.ts,3,0.272727
app/admin/nav-items/page.tsx,components/Footer.tsx,3,0.750000
app/admin/nav-items/page.tsx,components/HeroBannerClient.tsx,3,0.272727
app/api/dashboard/members-summary/route.ts,app/api/dashboard/topup-summary/route.ts,4,0.571429
app/api/products/[id]/route.ts,components/AnnouncementPopup.tsx,3,0.250000
app/api/products/[id]/route.ts,components/Footer.tsx,3,0.272727
app/api/products/[id]/route.ts,components/HeroBannerClient.tsx,3,0.166667
app/api/products/route.ts,components/AnnouncementPopup.tsx,3,0.230769
app/api/products/route.ts,components/Footer.tsx,3,0.250000
app/api/products/route.ts,components/HeroBannerClient.tsx,3,0.157895
components/GachaRhombus.tsx,components/admin/RevenueAreaChart.tsx,3,0.333333
app/admin/news/page.tsx,app/api/admin/promo-codes/[id]/route.ts,3,0.214286
app/api/topup/route.ts,app/register/RegisterForm.tsx,2,0.200000
app/admin/roles/page.tsx,components/AnnouncementPopup.tsx,3,0.300000
app/admin/roles/page.tsx,components/DailyTopupSummary.tsx,3,0.272727
app/dashboard/topup/page.tsx,components/DailyTopupSummary.tsx,3,0.300000
app/api/admin/roles/route.ts,app/login/LoginForm.tsx,2,0.400000
app/admin/layout.tsx,app/api/dashboard/members-summary/route.ts,3,0.375000
app/admin/layout.tsx,app/api/dashboard/topup-trend/route.ts,3,0.428571
app/admin/layout.tsx,app/api/purchase/route.ts,3,0.272727
app/api/admin/products/[id]/duplicate/route.ts,app/api/topup/route.ts,2,0.181818
app/api/dashboard/members-summary/route.ts,app/api/dashboard/topup-trend/route.ts,3,0.750000
app/api/dashboard/members-summary/route.ts,app/api/purchase/route.ts,3,0.375000
app/api/dashboard/topup-summary/route.ts,app/api/dashboard/topup-trend/route.ts,3,0.428571
app/api/dashboard/topup-summary/route.ts,app/api/purchase/route.ts,3,0.272727
app/api/dashboard/topup-trend/route.ts,app/api/purchase/route.ts,3,0.428571
app/api/purchase/route.ts,app/api/topup/route.ts,3,0.250000
app/api/admin/currency-settings/route.ts,app/api/admin/footer-links/route.ts,4,0.800000
app/api/admin/currency-settings/route.ts,app/api/admin/footer-links/settings/route.ts,3,0.600000
app/api/admin/currency-settings/route.ts,app/api/admin/gacha-machines/route.ts,2,0.333333
app/api/admin/currency-settings/route.ts,app/api/admin/gacha-rewards/route.ts,2,0.250000
app/api/admin/currency-settings/route.ts,app/api/admin/gacha-settings/route.ts,2,0.285714
app/api/admin/currency-settings/route.ts,app/api/admin/help/route.ts,2,0.222222
app/api/admin/currency-settings/route.ts,app/api/admin/nav-items/route.ts,4,0.800000
app/api/admin/currency-settings/route.ts,app/api/admin/news/route.ts,2,0.222222
app/api/admin/currency-settings/route.ts,app/api/admin/popups/route.ts,2,0.400000
app/api/admin/currency-settings/route.ts,app/api/admin/promo-codes/route.ts,4,0.800000
app/api/admin/currency-settings/route.ts,app/api/admin/roles/route.ts,2,0.333333
app/api/admin/currency-settings/route.ts,scripts/backup-db.ts,2,0.400000
app/api/admin/footer-links/route.ts,app/api/admin/footer-links/settings/route.ts,3,0.750000
app/api/admin/footer-links/route.ts,app/api/admin/gacha-machines/route.ts,2,0.400000
app/api/admin/footer-links/route.ts,app/api/admin/gacha-rewards/route.ts,2,0.285714
app/api/admin/footer-links/route.ts,app/api/admin/gacha-settings/route.ts,2,0.333333
app/api/admin/footer-links/route.ts,app/api/admin/help/route.ts,2,0.250000
app/api/admin/footer-links/route.ts,app/api/admin/nav-items/route.ts,4,1.000000
app/api/admin/footer-links/route.ts,app/api/admin/news/route.ts,2,0.250000
app/api/admin/footer-links/route.ts,app/api/admin/popups/route.ts,2,0.500000
app/api/admin/footer-links/route.ts,app/api/admin/promo-codes/route.ts,4,1.000000
app/api/admin/footer-links/route.ts,app/api/admin/roles/route.ts,2,0.400000
app/api/admin/footer-links/route.ts,app/api/admin/settings/route.ts,2,0.400000
app/api/admin/footer-links/route.ts,app/api/products/route.ts,3,0.250000
app/api/admin/footer-links/route.ts,scripts/backup-db.ts,2,0.500000
app/api/admin/footer-links/settings/route.ts,app/api/admin/nav-items/route.ts,3,0.750000
app/api/admin/footer-links/settings/route.ts,app/api/admin/promo-codes/route.ts,3,0.750000
app/api/admin/footer-links/settings/route.ts,app/api/products/route.ts,3,0.272727
app/api/admin/gacha-machines/route.ts,app/api/admin/gacha-settings/route.ts,2,0.400000
app/api/admin/gacha-machines/route.ts,app/api/admin/help/route.ts,2,0.285714
app/api/admin/gacha-machines/route.ts,app/api/admin/nav-items/route.ts,2,0.400000
app/api/admin/gacha-machines/route.ts,app/api/admin/news/route.ts,2,0.285714
app/api/admin/gacha-machines/route.ts,app/api/admin/popups/route.ts,2,0.666667
app/api/admin/gacha-machines/route.ts,app/api/admin/promo-codes/route.ts,2,0.400000
app/api/admin/gacha-machines/route.ts,app/api/admin/roles/route.ts,2,0.500000
app/api/admin/gacha-machines/route.ts,app/api/admin/settings/route.ts,2,0.500000
app/api/admin/gacha-machines/route.ts,scripts/backup-db.ts,2,0.666667
app/api/admin/gacha-rewards/route.ts,app/api/admin/gacha-settings/route.ts,4,0.800000
app/api/admin/gacha-rewards/route.ts,app/api/admin/help/route.ts,2,0.222222
app/api/admin/gacha-rewards/route.ts,app/api/admin/nav-items/route.ts,2,0.285714
app/api/admin/gacha-rewards/route.ts,app/api/admin/news/route.ts,2,0.222222
app/api/admin/gacha-rewards/route.ts,app/api/admin/popups/route.ts,2,0.400000
app/api/admin/gacha-rewards/route.ts,app/api/admin/promo-codes/route.ts,2,0.285714
app/api/admin/gacha-rewards/route.ts,app/api/admin/roles/route.ts,2,0.333333
app/api/admin/gacha-rewards/route.ts,app/api/admin/settings/route.ts,2,0.333333
app/api/admin/gacha-rewards/route.ts,scripts/backup-db.ts,2,0.400000
app/api/admin/gacha-settings/route.ts,app/api/admin/help/route.ts,2,0.250000
app/api/admin/gacha-settings/route.ts,app/api/admin/nav-items/route.ts,2,0.333333
app/api/admin/gacha-settings/route.ts,app/api/admin/news/route.ts,2,0.250000
app/api/admin/gacha-settings/route.ts,app/api/admin/popups/route.ts,2,0.500000
app/api/admin/gacha-settings/route.ts,app/api/admin/promo-codes/route.ts,2,0.333333
app/api/admin/gacha-settings/route.ts,app/api/admin/roles/route.ts,2,0.400000
app/api/admin/gacha-settings/route.ts,app/api/admin/settings/route.ts,2,0.400000
app/api/admin/gacha-settings/route.ts,scripts/backup-db.ts,2,0.500000
app/api/admin/help/route.ts,app/api/admin/nav-items/route.ts,2,0.250000
app/api/admin/help/route.ts,app/api/admin/news/route.ts,4,0.500000
app/api/admin/help/route.ts,app/api/admin/popups/route.ts,2,0.333333
app/api/admin/help/route.ts,app/api/admin/products/[id]/duplicate/route.ts,3,0.375000
app/api/admin/help/route.ts,app/api/admin/promo-codes/route.ts,2,0.250000
app/api/admin/help/route.ts,app/api/admin/roles/route.ts,2,0.285714
app/api/admin/help/route.ts,app/api/admin/settings/route.ts,2,0.285714
app/api/admin/help/route.ts,app/api/products/route.ts,3,0.214286
app/api/admin/help/route.ts,app/api/register/route.ts,3,0.375000
app/api/admin/help/route.ts,app/api/topup/route.ts,3,0.272727
app/api/admin/help/route.ts,package.json,5,0.312500
app/api/admin/help/route.ts,scripts/backup-db.ts,2,0.333333
app/api/admin/nav-items/route.ts,app/api/admin/news/route.ts,2,0.250000
app/api/admin/nav-items/route.ts,app/api/admin/popups/route.ts,2,0.500000
app/api/admin/nav-items/route.ts,app/api/admin/promo-codes/route.ts,4,1.000000
app/api/admin/nav-items/route.ts,app/api/admin/roles/route.ts,2,0.400000
app/api/admin/nav-items/route.ts,app/api/admin/settings/route.ts,2,0.400000
app/api/admin/nav-items/route.ts,app/api/products/route.ts,3,0.250000
app/api/admin/nav-items/route.ts,scripts/backup-db.ts,2,0.500000
app/api/admin/news/route.ts,app/api/admin/popups/route.ts,2,0.333333
app/api/admin/news/route.ts,app/api/admin/products/[id]/duplicate/route.ts,3,0.375000
app/api/admin/news/route.ts,app/api/admin/promo-codes/route.ts,2,0.250000
app/api/admin/news/route.ts,app/api/admin/roles/route.ts,2,0.285714
app/api/admin/news/route.ts,app/api/admin/settings/route.ts,2,0.285714
app/api/admin/news/route.ts,lib/auditLog.ts,3,0.333333
app/api/admin/news/route.ts,package.json,5,0.312500
app/api/admin/news/route.ts,scripts/backup-db.ts,2,0.333333
app/api/admin/popups/route.ts,app/api/admin/promo-codes/route.ts,2,0.500000
app/api/admin/popups/route.ts,app/api/admin/roles/route.ts,2,0.666667
app/api/admin/popups/route.ts,app/api/admin/settings/route.ts,2,0.666667
app/api/admin/popups/route.ts,scripts/backup-db.ts,2,1.000000
app/api/admin/products/[id]/duplicate/route.ts,package.json,3,0.176471
app/api/admin/promo-codes/route.ts,app/api/admin/roles/route.ts,2,0.400000
app/api/admin/promo-codes/route.ts,app/api/admin/settings/route.ts,2,0.400000
app/api/admin/promo-codes/route.ts,app/api/products/route.ts,3,0.250000
app/api/admin/promo-codes/route.ts,scripts/backup-db.ts,2,0.500000
app/api/admin/roles/route.ts,app/api/admin/settings/route.ts,2,0.500000
app/api/admin/roles/route.ts,scripts/backup-db.ts,2,0.666667
app/api/admin/settings/route.ts,scripts/backup-db.ts,2,0.666667
app/api/products/route.ts,app/api/register/route.ts,3,0.230769
app/api/products/route.ts,package.json,3,0.130435
app/api/register/route.ts,app/api/topup/route.ts,3,0.300000
app/api/register/route.ts,package.json,3,0.176471
lib/auditLog.ts,package.json,3,0.166667
package.json,tsconfig.json,2,0.133333
app/api/admin/audit-logs/route.ts,app/api/admin/news/[id]/route.ts,3,0.375000
app/api/admin/audit-logs/route.ts,app/api/admin/news/route.ts,3,0.333333
app/api/admin/currency-settings/route.ts,app/api/admin/footer-links/[id]/route.ts,3,0.500000
app/api/admin/currency-settings/route.ts,app/api/admin/nav-items/[id]/route.ts,3,0.600000
app/api/admin/footer-links/[id]/route.ts,app/api/admin/footer-links/route.ts,3,0.600000
app/api/admin/footer-links/[id]/route.ts,app/api/admin/nav-items/[id]/route.ts,3,0.750000
app/api/admin/footer-links/[id]/route.ts,app/api/admin/nav-items/route.ts,3,0.600000
app/api/admin/footer-links/[id]/route.ts,app/api/admin/promo-codes/route.ts,3,0.600000
app/api/admin/footer-links/[id]/route.ts,app/api/admin/users/[id]/route.ts,3,0.375000
app/api/admin/footer-links/route.ts,app/api/admin/nav-items/[id]/route.ts,3,0.750000
app/api/admin/footer-links/route.ts,app/api/admin/users/[id]/route.ts,3,0.375000
app/api/admin/gacha-rewards/[id]/route.ts,app/api/admin/gacha-settings/route.ts,3,0.600000
app/api/admin/help/[id]/route.ts,app/api/admin/help/route.ts,5,0.714286
app/api/admin/help/[id]/route.ts,app/api/admin/news/[id]/route.ts,3,0.375000
app/api/admin/help/[id]/route.ts,app/api/admin/news/route.ts,3,0.333333
app/api/admin/help/[id]/route.ts,app/api/admin/popups/[id]/route.ts,3,0.500000
app/api/admin/help/[id]/route.ts,app/api/admin/products/[id]/featured/route.ts,3,0.375000
app/api/admin/help/[id]/route.ts,app/api/admin/users/[id]/route.ts,3,0.300000
app/api/admin/help/route.ts,app/api/admin/news/[id]/route.ts,3,0.375000
app/api/admin/help/route.ts,app/api/admin/popups/[id]/route.ts,3,0.500000
app/api/admin/help/route.ts,app/api/admin/products/[id]/featured/route.ts,3,0.375000
app/api/admin/help/route.ts,app/api/admin/users/[id]/route.ts,3,0.300000
app/api/admin/nav-items/[id]/route.ts,app/api/admin/nav-items/route.ts,3,0.750000
app/api/admin/nav-items/[id]/route.ts,app/api/admin/promo-codes/route.ts,3,0.750000
app/api/admin/nav-items/[id]/route.ts,app/api/admin/users/[id]/route.ts,3,0.428571
app/api/admin/nav-items/route.ts,app/api/admin/users/[id]/route.ts,3,0.375000
app/api/admin/news/[id]/route.ts,app/api/admin/news/route.ts,5,0.833333
app/api/admin/news/[id]/route.ts,app/api/admin/products/[id]/featured/route.ts,3,0.428571
app/api/admin/news/route.ts,app/api/admin/products/[id]/featured/route.ts,3,0.375000
app/api/admin/popups/[id]/route.ts,app/api/admin/users/[id]/route.ts,3,0.428571
app/api/admin/promo-codes/route.ts,app/api/admin/users/[id]/route.ts,3,0.375000
lib/validations/gacha.ts,lib/validations/index.ts,2,0.666667
app/api/login/route.ts,app/api/register/route.ts,3,0.600000
app/admin/gacha-machines/page.tsx,components/GachaRecentFeed.tsx,2,0.166667
components/GachaRecentFeed.tsx,components/Navbar.tsx,2,0.086957
app/admin/gacha-settings/page.tsx,app/admin/layout.tsx,2,0.285714
app/admin/gacha-settings/page.tsx,app/admin/page.tsx,2,0.400000
app/admin/gacha-settings/page.tsx,app/admin/settings/page.tsx,2,0.250000
app/admin/gacha-settings/page.tsx,app/api/admin/gacha-products/route.ts,2,1.000000
app/admin/gacha-settings/page.tsx,app/api/admin/gacha-rewards/[id]/route.ts,2,0.500000
app/admin/gacha-settings/page.tsx,app/api/admin/gacha-rewards/route.ts,2,0.400000
app/admin/gacha-settings/page.tsx,app/api/admin/gacha-rewards/upload-image/route.ts,2,0.400000
app/admin/gacha-settings/page.tsx,app/api/admin/gacha-settings/route.ts,2,0.500000
app/admin/gacha-settings/page.tsx,app/api/gacha/roll/route.ts,2,0.400000
app/admin/gacha-settings/page.tsx,app/gacha/page.tsx,2,0.400000
app/admin/gacha-settings/page.tsx,app/globals.css,2,0.153846
app/admin/gacha-settings/page.tsx,app/layout.tsx,2,0.153846
app/admin/gacha-settings/page.tsx,components/DailyTopupSummary.tsx,2,0.333333
app/admin/gacha-settings/page.tsx,components/GachaResultModal.tsx,2,1.000000
app/admin/gacha-settings/page.tsx,components/GachaRhombus.tsx,2,0.222222
app/admin/gacha-settings/page.tsx,components/HeroBanner.tsx,2,0.666667
app/admin/gacha-settings/page.tsx,components/LiveDateTime.tsx,2,0.500000
app/admin/gacha-settings/page.tsx,components/MembersSummary.tsx,2,0.400000
app/admin/gacha-settings/page.tsx,components/Navbar.tsx,2,0.111111
app/admin/gacha-settings/page.tsx,components/admin/AdminSidebar.tsx,2,0.200000
app/admin/gacha-settings/page.tsx,components/admin/RevenueAreaChart.tsx,2,0.666667
app/admin/gacha-settings/page.tsx,components/admin/SalesDistribution.tsx,2,1.000000
app/admin/gacha-settings/page.tsx,components/ui/sidebar.tsx,2,1.000000
app/admin/gacha-settings/page.tsx,lib/gachaGrid.ts,2,1.000000
app/admin/gacha-settings/page.tsx,prisma/schema.prisma,2,0.250000
app/admin/gacha-settings/page.tsx,prisma/seed-massive.ts,2,0.500000
app/admin/gacha-settings/page.tsx,prisma/seed-test-data.ts,2,0.500000
app/admin/gacha-settings/page.tsx,public/uploads/products/1771301373135-3lm5ke.webp,2,1.000000
app/admin/gacha-settings/page.tsx,public/uploads/products/1771301434858-evz2v6.webp,2,1.000000
app/admin/layout.tsx,app/api/admin/gacha-products/route.ts,2,0.285714
app/admin/layout.tsx,app/api/admin/gacha-rewards/[id]/route.ts,2,0.222222
app/admin/layout.tsx,app/api/admin/gacha-rewards/route.ts,2,0.200000
app/admin/layout.tsx,app/api/admin/gacha-rewards/upload-image/route.ts,2,0.200000
app/admin/layout.tsx,app/api/admin/gacha-settings/route.ts,2,0.222222
app/admin/layout.tsx,app/api/gacha/roll/route.ts,2,0.200000
app/admin/layout.tsx,components/DailyTopupSummary.tsx,4,0.444444
app/admin/layout.tsx,components/GachaResultModal.tsx,2,0.285714
app/admin/layout.tsx,components/HeroBanner.tsx,2,0.250000
app/admin/layout.tsx,components/LiveDateTime.tsx,4,0.571429
app/admin/layout.tsx,components/MembersSummary.tsx,4,0.500000
app/admin/layout.tsx,components/admin/RevenueAreaChart.tsx,2,0.250000
app/admin/layout.tsx,components/admin/SalesDistribution.tsx,2,0.285714
app/admin/layout.tsx,components/ui/sidebar.tsx,2,0.285714
app/admin/layout.tsx,lib/gachaGrid.ts,2,0.285714
app/admin/layout.tsx,prisma/schema.prisma,4,0.363636
app/admin/layout.tsx,prisma/seed-massive.ts,4,0.571429
app/admin/layout.tsx,prisma/seed-test-data.ts,4,0.571429
app/admin/layout.tsx,public/uploads/products/1771301373135-3lm5ke.webp,2,0.285714
app/admin/layout.tsx,public/uploads/products/1771301434858-evz2v6.webp,2,0.285714
app/admin/page.tsx,app/admin/settings/page.tsx,2,0.181818
app/admin/page.tsx,app/api/admin/gacha-products/route.ts,2,0.400000
app/admin/page.tsx,app/api/admin/gacha-rewards/[id]/route.ts,2,0.285714
app/admin/page.tsx,app/api/admin/gacha-rewards/route.ts,2,0.250000
app/admin/page.tsx,app/api/admin/gacha-rewards/upload-image/route.ts,2,0.250000
app/admin/page.tsx,app/api/admin/gacha-settings/route.ts,2,0.285714
app/admin/page.tsx,app/api/gacha/roll/route.ts,2,0.250000
app/admin/page.tsx,components/DailyTopupSummary.tsx,4,0.571429
app/admin/page.tsx,components/GachaResultModal.tsx,2,0.400000
app/admin/page.tsx,components/HeroBanner.tsx,2,0.333333
app/admin/page.tsx,components/LiveDateTime.tsx,4,0.800000
app/admin/page.tsx,components/MembersSummary.tsx,4,0.666667
app/admin/page.tsx,components/admin/AdminSidebar.tsx,2,0.153846
app/admin/page.tsx,components/admin/RevenueAreaChart.tsx,2,0.333333
app/admin/page.tsx,components/admin/SalesDistribution.tsx,2,0.400000
app/admin/page.tsx,components/ui/sidebar.tsx,2,0.400000
app/admin/page.tsx,lib/gachaGrid.ts,2,0.400000
app/admin/page.tsx,prisma/schema.prisma,4,0.444444
app/admin/page.tsx,prisma/seed-massive.ts,4,0.800000
app/admin/page.tsx,prisma/seed-test-data.ts,4,0.800000
app/admin/page.tsx,public/uploads/products/1771301373135-3lm5ke.webp,2,0.400000
app/admin/page.tsx,public/uploads/products/1771301434858-evz2v6.webp,2,0.400000
app/admin/settings/page.tsx,app/api/admin/gacha-products/route.ts,2,0.250000
app/admin/settings/page.tsx,app/api/admin/gacha-rewards/[id]/route.ts,2,0.200000
app/admin/settings/page.tsx,app/api/admin/gacha-rewards/route.ts,2,0.181818
app/admin/settings/page.tsx,app/api/admin/gacha-settings/route.ts,2,0.200000
app/admin/settings/page.tsx,app/api/gacha/roll/route.ts,2,0.181818
app/admin/settings/page.tsx,app/gacha/page.tsx,2,0.181818
app/admin/settings/page.tsx,components/DailyTopupSummary.tsx,2,0.166667
app/admin/settings/page.tsx,components/GachaResultModal.tsx,2,0.250000
app/admin/settings/page.tsx,components/LiveDateTime.tsx,2,0.200000
app/admin/settings/page.tsx,components/MembersSummary.tsx,2,0.181818
app/admin/settings/page.tsx,components/admin/RevenueAreaChart.tsx,2,0.222222
app/admin/settings/page.tsx,components/admin/SalesDistribution.tsx,2,0.250000
app/admin/settings/page.tsx,components/ui/sidebar.tsx,2,0.250000
app/admin/settings/page.tsx,lib/gachaGrid.ts,2,0.250000
app/admin/settings/page.tsx,prisma/schema.prisma,2,0.142857
app/admin/settings/page.tsx,prisma/seed-massive.ts,2,0.200000
app/admin/settings/page.tsx,prisma/seed-test-data.ts,2,0.200000
app/admin/settings/page.tsx,public/uploads/products/1771301373135-3lm5ke.webp,2,0.250000
app/admin/settings/page.tsx,public/uploads/products/1771301434858-evz2v6.webp,2,0.250000
app/api/admin/gacha-products/route.ts,app/api/admin/gacha-rewards/[id]/route.ts,2,0.500000
app/api/admin/gacha-products/route.ts,app/api/admin/gacha-rewards/route.ts,2,0.400000
app/api/admin/gacha-products/route.ts,app/api/admin/gacha-rewards/upload-image/route.ts,2,0.400000
app/api/admin/gacha-products/route.ts,app/api/admin/gacha-settings/route.ts,2,0.500000
app/api/admin/gacha-products/route.ts,app/api/gacha/roll/route.ts,2,0.400000
app/api/admin/gacha-products/route.ts,app/gacha/page.tsx,2,0.400000
app/api/admin/gacha-products/route.ts,app/globals.css,2,0.153846
app/api/admin/gacha-products/route.ts,app/layout.tsx,2,0.153846
app/api/admin/gacha-products/route.ts,components/DailyTopupSummary.tsx,2,0.333333
app/api/admin/gacha-products/route.ts,components/GachaResultModal.tsx,2,1.000000
app/api/admin/gacha-products/route.ts,components/GachaRhombus.tsx,2,0.222222
app/api/admin/gacha-products/route.ts,components/HeroBanner.tsx,2,0.666667
app/api/admin/gacha-products/route.ts,components/LiveDateTime.tsx,2,0.500000
app/api/admin/gacha-products/route.ts,components/MembersSummary.tsx,2,0.400000
app/api/admin/gacha-products/route.ts,components/Navbar.tsx,2,0.111111
app/api/admin/gacha-products/route.ts,components/admin/AdminSidebar.tsx,2,0.200000
app/api/admin/gacha-products/route.ts,components/admin/RevenueAreaChart.tsx,2,0.666667
app/api/admin/gacha-products/route.ts,components/admin/SalesDistribution.tsx,2,1.000000
app/api/admin/gacha-products/route.ts,components/ui/sidebar.tsx,2,1.000000
app/api/admin/gacha-products/route.ts,lib/gachaGrid.ts,2,1.000000
app/api/admin/gacha-products/route.ts,prisma/schema.prisma,2,0.250000
app/api/admin/gacha-products/route.ts,prisma/seed-massive.ts,2,0.500000
app/api/admin/gacha-products/route.ts,prisma/seed-test-data.ts,2,0.500000
app/api/admin/gacha-products/route.ts,public/uploads/products/1771301373135-3lm5ke.webp,2,1.000000
app/api/admin/gacha-products/route.ts,public/uploads/products/1771301434858-evz2v6.webp,2,1.000000
app/api/admin/gacha-rewards/[id]/route.ts,app/gacha/page.tsx,2,0.285714
app/api/admin/gacha-rewards/[id]/route.ts,app/globals.css,2,0.133333
app/api/admin/gacha-rewards/[id]/route.ts,app/layout.tsx,2,0.133333
app/api/admin/gacha-rewards/[id]/route.ts,components/DailyTopupSummary.tsx,2,0.250000
app/api/admin/gacha-rewards/[id]/route.ts,components/GachaResultModal.tsx,2,0.500000
app/api/admin/gacha-rewards/[id]/route.ts,components/HeroBanner.tsx,2,0.400000
app/api/admin/gacha-rewards/[id]/route.ts,components/LiveDateTime.tsx,2,0.333333
app/api/admin/gacha-rewards/[id]/route.ts,components/MembersSummary.tsx,2,0.285714
app/api/admin/gacha-rewards/[id]/route.ts,components/Navbar.tsx,2,0.100000
app/api/admin/gacha-rewards/[id]/route.ts,components/admin/AdminSidebar.tsx,2,0.166667
app/api/admin/gacha-rewards/[id]/route.ts,components/admin/RevenueAreaChart.tsx,2,0.400000
app/api/admin/gacha-rewards/[id]/route.ts,components/admin/SalesDistribution.tsx,2,0.500000
app/api/admin/gacha-rewards/[id]/route.ts,components/ui/sidebar.tsx,2,0.500000
app/api/admin/gacha-rewards/[id]/route.ts,lib/gachaGrid.ts,2,0.500000
app/api/admin/gacha-rewards/[id]/route.ts,prisma/schema.prisma,2,0.200000
app/api/admin/gacha-rewards/[id]/route.ts,prisma/seed-massive.ts,2,0.333333
app/api/admin/gacha-rewards/[id]/route.ts,prisma/seed-test-data.ts,2,0.333333
app/api/admin/gacha-rewards/[id]/route.ts,public/uploads/products/1771301373135-3lm5ke.webp,2,0.500000
app/api/admin/gacha-rewards/[id]/route.ts,public/uploads/products/1771301434858-evz2v6.webp,2,0.500000
app/api/admin/gacha-rewards/route.ts,app/gacha/page.tsx,2,0.250000
app/api/admin/gacha-rewards/route.ts,app/globals.css,2,0.125000
app/api/admin/gacha-rewards/route.ts,app/layout.tsx,2,0.125000
app/api/admin/gacha-rewards/route.ts,components/DailyTopupSummary.tsx,2,0.222222
app/api/admin/gacha-rewards/route.ts,components/GachaResultModal.tsx,2,0.400000
app/api/admin/gacha-rewards/route.ts,components/HeroBanner.tsx,2,0.333333
app/api/admin/gacha-rewards/route.ts,components/LiveDateTime.tsx,2,0.285714
app/api/admin/gacha-rewards/route.ts,components/MembersSummary.tsx,2,0.250000
app/api/admin/gacha-rewards/route.ts,components/Navbar.tsx,2,0.095238
app/api/admin/gacha-rewards/route.ts,components/admin/AdminSidebar.tsx,2,0.153846
app/api/admin/gacha-rewards/route.ts,components/admin/RevenueAreaChart.tsx,2,0.333333
app/api/admin/gacha-rewards/route.ts,components/admin/SalesDistribution.tsx,2,0.400000
app/api/admin/gacha-rewards/route.ts,components/ui/sidebar.tsx,2,0.400000
app/api/admin/gacha-rewards/route.ts,lib/gachaGrid.ts,2,0.400000
app/api/admin/gacha-rewards/route.ts,prisma/schema.prisma,2,0.181818
app/api/admin/gacha-rewards/route.ts,prisma/seed-massive.ts,2,0.285714
app/api/admin/gacha-rewards/route.ts,prisma/seed-test-data.ts,2,0.285714
app/api/admin/gacha-rewards/route.ts,public/uploads/products/1771301373135-3lm5ke.webp,2,0.400000
app/api/admin/gacha-rewards/route.ts,public/uploads/products/1771301434858-evz2v6.webp,2,0.400000
app/api/admin/gacha-rewards/upload-image/route.ts,app/api/admin/gacha-settings/route.ts,2,0.285714
app/api/admin/gacha-rewards/upload-image/route.ts,app/gacha/page.tsx,2,0.250000
app/api/admin/gacha-rewards/upload-image/route.ts,app/globals.css,2,0.125000
app/api/admin/gacha-rewards/upload-image/route.ts,app/layout.tsx,2,0.125000
app/api/admin/gacha-rewards/upload-image/route.ts,components/DailyTopupSummary.tsx,2,0.222222
app/api/admin/gacha-rewards/upload-image/route.ts,components/GachaResultModal.tsx,2,0.400000
app/api/admin/gacha-rewards/upload-image/route.ts,components/HeroBanner.tsx,2,0.333333
app/api/admin/gacha-rewards/upload-image/route.ts,components/LiveDateTime.tsx,2,0.285714
app/api/admin/gacha-rewards/upload-image/route.ts,components/MembersSummary.tsx,2,0.250000
app/api/admin/gacha-rewards/upload-image/route.ts,components/Navbar.tsx,2,0.095238
app/api/admin/gacha-rewards/upload-image/route.ts,components/admin/AdminSidebar.tsx,2,0.153846
app/api/admin/gacha-rewards/upload-image/route.ts,components/admin/RevenueAreaChart.tsx,2,0.333333
app/api/admin/gacha-rewards/upload-image/route.ts,components/admin/SalesDistribution.tsx,2,0.400000
app/api/admin/gacha-rewards/upload-image/route.ts,components/ui/sidebar.tsx,2,0.400000
app/api/admin/gacha-rewards/upload-image/route.ts,lib/gachaGrid.ts,2,0.400000
app/api/admin/gacha-rewards/upload-image/route.ts,prisma/schema.prisma,2,0.181818
app/api/admin/gacha-rewards/upload-image/route.ts,prisma/seed-massive.ts,2,0.285714
app/api/admin/gacha-rewards/upload-image/route.ts,prisma/seed-test-data.ts,2,0.285714
app/api/admin/gacha-rewards/upload-image/route.ts,public/uploads/products/1771301373135-3lm5ke.webp,2,0.400000
app/api/admin/gacha-rewards/upload-image/route.ts,public/uploads/products/1771301434858-evz2v6.webp,2,0.400000
app/api/admin/gacha-settings/route.ts,app/api/gacha/roll/route.ts,2,0.285714
app/api/admin/gacha-settings/route.ts,app/gacha/page.tsx,2,0.285714
app/api/admin/gacha-settings/route.ts,app/globals.css,2,0.133333
app/api/admin/gacha-settings/route.ts,app/layout.tsx,2,0.133333
app/api/admin/gacha-settings/route.ts,components/DailyTopupSummary.tsx,2,0.250000
app/api/admin/gacha-settings/route.ts,components/GachaResultModal.tsx,2,0.500000
app/api/admin/gacha-settings/route.ts,components/GachaRhombus.tsx,2,0.181818
app/api/admin/gacha-settings/route.ts,components/HeroBanner.tsx,2,0.400000
app/api/admin/gacha-settings/route.ts,components/LiveDateTime.tsx,2,0.333333
app/api/admin/gacha-settings/route.ts,components/MembersSummary.tsx,2,0.285714
app/api/admin/gacha-settings/route.ts,components/Navbar.tsx,2,0.100000
app/api/admin/gacha-settings/route.ts,components/admin/AdminSidebar.tsx,2,0.166667
app/api/admin/gacha-settings/route.ts,components/admin/RevenueAreaChart.tsx,2,0.400000
app/api/admin/gacha-settings/route.ts,components/admin/SalesDistribution.tsx,2,0.500000
app/api/admin/gacha-settings/route.ts,components/ui/sidebar.tsx,2,0.500000
app/api/admin/gacha-settings/route.ts,lib/gachaGrid.ts,2,0.500000
app/api/admin/gacha-settings/route.ts,prisma/schema.prisma,2,0.200000
app/api/admin/gacha-settings/route.ts,prisma/seed-massive.ts,2,0.333333
app/api/admin/gacha-settings/route.ts,prisma/seed-test-data.ts,2,0.333333
app/api/admin/gacha-settings/route.ts,public/uploads/products/1771301373135-3lm5ke.webp,2,0.500000
app/api/admin/gacha-settings/route.ts,public/uploads/products/1771301434858-evz2v6.webp,2,0.500000
app/api/gacha/roll/route.ts,app/gacha/page.tsx,2,0.250000
app/api/gacha/roll/route.ts,app/globals.css,2,0.125000
app/api/gacha/roll/route.ts,app/layout.tsx,2,0.125000
app/api/gacha/roll/route.ts,components/DailyTopupSummary.tsx,2,0.222222
app/api/gacha/roll/route.ts,components/GachaResultModal.tsx,2,0.400000
app/api/gacha/roll/route.ts,components/HeroBanner.tsx,2,0.333333
app/api/gacha/roll/route.ts,components/LiveDateTime.tsx,2,0.285714
app/api/gacha/roll/route.ts,components/MembersSummary.tsx,2,0.250000
app/api/gacha/roll/route.ts,components/Navbar.tsx,2,0.095238
app/api/gacha/roll/route.ts,components/admin/AdminSidebar.tsx,2,0.153846
app/api/gacha/roll/route.ts,components/admin/RevenueAreaChart.tsx,2,0.333333
app/api/gacha/roll/route.ts,components/admin/SalesDistribution.tsx,2,0.400000
app/api/gacha/roll/route.ts,components/ui/sidebar.tsx,2,0.400000
app/api/gacha/roll/route.ts,lib/gachaGrid.ts,2,0.400000
app/api/gacha/roll/route.ts,prisma/schema.prisma,2,0.181818
app/api/gacha/roll/route.ts,prisma/seed-massive.ts,2,0.285714
app/api/gacha/roll/route.ts,prisma/seed-test-data.ts,2,0.285714
app/api/gacha/roll/route.ts,public/uploads/products/1771301373135-3lm5ke.webp,2,0.400000
app/api/gacha/roll/route.ts,public/uploads/products/1771301434858-evz2v6.webp,2,0.400000
app/gacha/page.tsx,components/DailyTopupSummary.tsx,2,0.222222
app/gacha/page.tsx,components/GachaResultModal.tsx,2,0.400000
app/gacha/page.tsx,components/HeroBanner.tsx,2,0.333333
app/gacha/page.tsx,components/LiveDateTime.tsx,2,0.285714
app/gacha/page.tsx,components/MembersSummary.tsx,2,0.250000
app/gacha/page.tsx,components/admin/AdminSidebar.tsx,2,0.153846
app/gacha/page.tsx,components/admin/RevenueAreaChart.tsx,2,0.333333
app/gacha/page.tsx,components/admin/SalesDistribution.tsx,2,0.400000
app/gacha/page.tsx,components/ui/sidebar.tsx,2,0.400000
app/gacha/page.tsx,lib/gachaGrid.ts,2,0.400000
app/gacha/page.tsx,prisma/schema.prisma,2,0.181818
app/gacha/page.tsx,prisma/seed-massive.ts,2,0.285714
app/gacha/page.tsx,prisma/seed-test-data.ts,2,0.285714
app/gacha/page.tsx,public/uploads/products/1771301373135-3lm5ke.webp,2,0.400000
app/gacha/page.tsx,public/uploads/products/1771301434858-evz2v6.webp,2,0.400000
app/globals.css,components/DailyTopupSummary.tsx,4,0.266667
app/globals.css,components/GachaResultModal.tsx,2,0.153846
app/globals.css,components/HeroBanner.tsx,2,0.142857
app/globals.css,components/LiveDateTime.tsx,4,0.307692
app/globals.css,components/MembersSummary.tsx,4,0.285714
app/globals.css,components/admin/RevenueAreaChart.tsx,2,0.142857
app/globals.css,components/admin/SalesDistribution.tsx,2,0.153846
app/globals.css,components/ui/sidebar.tsx,2,0.153846
app/globals.css,lib/gachaGrid.ts,2,0.153846
app/globals.css,prisma/schema.prisma,6,0.400000
app/globals.css,prisma/seed-massive.ts,4,0.307692
app/globals.css,prisma/seed-test-data.ts,4,0.307692
app/globals.css,public/uploads/products/1771301373135-3lm5ke.webp,2,0.153846
app/globals.css,public/uploads/products/1771301434858-evz2v6.webp,2,0.153846
app/layout.tsx,components/DailyTopupSummary.tsx,4,0.266667
app/layout.tsx,components/GachaResultModal.tsx,2,0.153846
app/layout.tsx,components/HeroBanner.tsx,2,0.142857
app/layout.tsx,components/LiveDateTime.tsx,4,0.307692
app/layout.tsx,components/MembersSummary.tsx,4,0.285714
app/layout.tsx,components/admin/RevenueAreaChart.tsx,2,0.142857
app/layout.tsx,components/admin/SalesDistribution.tsx,2,0.153846
app/layout.tsx,components/ui/sidebar.tsx,2,0.153846
app/layout.tsx,lib/gachaGrid.ts,2,0.153846
app/layout.tsx,prisma/schema.prisma,6,0.400000
app/layout.tsx,prisma/seed-massive.ts,4,0.307692
app/layout.tsx,prisma/seed-test-data.ts,4,0.307692
app/layout.tsx,public/uploads/products/1771301373135-3lm5ke.webp,2,0.153846
app/layout.tsx,public/uploads/products/1771301434858-evz2v6.webp,2,0.153846
components/DailyTopupSummary.tsx,components/GachaResultModal.tsx,2,0.333333
components/DailyTopupSummary.tsx,components/GachaRhombus.tsx,2,0.153846
components/DailyTopupSummary.tsx,components/HeroBanner.tsx,2,0.285714
components/DailyTopupSummary.tsx,components/LiveDateTime.tsx,4,0.666667
components/DailyTopupSummary.tsx,components/Navbar.tsx,2,0.090909
components/DailyTopupSummary.tsx,components/admin/AdminSidebar.tsx,2,0.142857
components/DailyTopupSummary.tsx,components/admin/RevenueAreaChart.tsx,2,0.285714
components/DailyTopupSummary.tsx,components/admin/SalesDistribution.tsx,2,0.333333
components/DailyTopupSummary.tsx,components/ui/sidebar.tsx,2,0.333333
components/DailyTopupSummary.tsx,lib/gachaGrid.ts,2,0.333333
components/DailyTopupSummary.tsx,prisma/schema.prisma,4,0.400000
components/DailyTopupSummary.tsx,prisma/seed-massive.ts,4,0.666667
components/DailyTopupSummary.tsx,prisma/seed-test-data.ts,4,0.666667
components/DailyTopupSummary.tsx,public/uploads/products/1771301373135-3lm5ke.webp,2,0.333333
components/DailyTopupSummary.tsx,public/uploads/products/1771301434858-evz2v6.webp,2,0.333333
components/GachaResultModal.tsx,components/GachaRhombus.tsx,2,0.222222
components/GachaResultModal.tsx,components/HeroBanner.tsx,2,0.666667
components/GachaResultModal.tsx,components/LiveDateTime.tsx,2,0.500000
components/GachaResultModal.tsx,components/MembersSummary.tsx,2,0.400000
components/GachaResultModal.tsx,components/Navbar.tsx,2,0.111111
components/GachaResultModal.tsx,components/admin/AdminSidebar.tsx,2,0.200000
components/GachaResultModal.tsx,components/admin/RevenueAreaChart.tsx,2,0.666667
components/GachaResultModal.tsx,components/admin/SalesDistribution.tsx,2,1.000000
components/GachaResultModal.tsx,components/ui/sidebar.tsx,2,1.000000
components/GachaResultModal.tsx,lib/gachaGrid.ts,2,1.000000
components/GachaResultModal.tsx,prisma/schema.prisma,2,0.250000
components/GachaResultModal.tsx,prisma/seed-massive.ts,2,0.500000
components/GachaResultModal.tsx,prisma/seed-test-data.ts,2,0.500000
components/GachaResultModal.tsx,public/uploads/products/1771301373135-3lm5ke.webp,2,1.000000
components/GachaResultModal.tsx,public/uploads/products/1771301434858-evz2v6.webp,2,1.000000
components/GachaRhombus.tsx,components/HeroBanner.tsx,2,0.200000
components/GachaRhombus.tsx,components/LiveDateTime.tsx,2,0.181818
components/GachaRhombus.tsx,components/MembersSummary.tsx,2,0.166667
components/GachaRhombus.tsx,components/admin/SalesDistribution.tsx,2,0.222222
components/GachaRhombus.tsx,components/ui/sidebar.tsx,2,0.222222
components/GachaRhombus.tsx,lib/gachaGrid.ts,2,0.222222
components/GachaRhombus.tsx,prisma/schema.prisma,2,0.133333
components/GachaRhombus.tsx,prisma/seed-massive.ts,2,0.181818
components/GachaRhombus.tsx,prisma/seed-test-data.ts,2,0.181818
components/GachaRhombus.tsx,public/uploads/products/1771301373135-3lm5ke.webp,2,0.222222
components/GachaRhombus.tsx,public/uploads/products/1771301434858-evz2v6.webp,2,0.222222
components/HeroBanner.tsx,components/LiveDateTime.tsx,2,0.400000
components/HeroBanner.tsx,components/MembersSummary.tsx,2,0.333333
components/HeroBanner.tsx,components/admin/AdminSidebar.tsx,2,0.181818
components/HeroBanner.tsx,components/admin/RevenueAreaChart.tsx,2,0.500000
components/HeroBanner.tsx,components/admin/SalesDistribution.tsx,2,0.666667
components/HeroBanner.tsx,components/ui/sidebar.tsx,2,0.666667
components/HeroBanner.tsx,lib/gachaGrid.ts,2,0.666667
components/HeroBanner.tsx,prisma/schema.prisma,2,0.222222
components/HeroBanner.tsx,prisma/seed-massive.ts,2,0.400000
components/HeroBanner.tsx,prisma/seed-test-data.ts,2,0.400000
components/HeroBanner.tsx,public/uploads/products/1771301373135-3lm5ke.webp,2,0.666667
components/HeroBanner.tsx,public/uploads/products/1771301434858-evz2v6.webp,2,0.666667
components/LiveDateTime.tsx,components/MembersSummary.tsx,4,0.800000
components/LiveDateTime.tsx,components/Navbar.tsx,2,0.100000
components/LiveDateTime.tsx,components/admin/AdminSidebar.tsx,2,0.166667
components/LiveDateTime.tsx,components/admin/RevenueAreaChart.tsx,2,0.400000
components/LiveDateTime.tsx,components/admin/SalesDistribution.tsx,2,0.500000
components/LiveDateTime.tsx,components/ui/sidebar.tsx,2,0.500000
components/LiveDateTime.tsx,lib/gachaGrid.ts,2,0.500000
components/LiveDateTime.tsx,prisma/schema.prisma,4,0.500000
components/LiveDateTime.tsx,prisma/seed-massive.ts,4,1.000000
components/LiveDateTime.tsx,prisma/seed-test-data.ts,4,1.000000
components/LiveDateTime.tsx,public/uploads/products/1771301373135-3lm5ke.webp,2,0.500000
components/LiveDateTime.tsx,public/uploads/products/1771301434858-evz2v6.webp,2,0.500000
components/MembersSummary.tsx,components/Navbar.tsx,2,0.095238
components/MembersSummary.tsx,components/admin/AdminSidebar.tsx,2,0.153846
components/MembersSummary.tsx,components/admin/RevenueAreaChart.tsx,2,0.333333
components/MembersSummary.tsx,components/admin/SalesDistribution.tsx,2,0.400000
components/MembersSummary.tsx,components/ui/sidebar.tsx,2,0.400000
components/MembersSummary.tsx,lib/gachaGrid.ts,2,0.400000
components/MembersSummary.tsx,prisma/schema.prisma,4,0.444444
components/MembersSummary.tsx,prisma/seed-massive.ts,4,0.800000
components/MembersSummary.tsx,prisma/seed-test-data.ts,4,0.800000
components/MembersSummary.tsx,public/uploads/products/1771301373135-3lm5ke.webp,2,0.400000
components/MembersSummary.tsx,public/uploads/products/1771301434858-evz2v6.webp,2,0.400000
components/Navbar.tsx,components/admin/RevenueAreaChart.tsx,2,0.105263
components/Navbar.tsx,components/admin/SalesDistribution.tsx,2,0.111111
components/Navbar.tsx,components/ui/sidebar.tsx,2,0.111111
components/Navbar.tsx,lib/gachaGrid.ts,2,0.111111
components/Navbar.tsx,prisma/schema.prisma,6,0.300000
components/Navbar.tsx,prisma/seed-massive.ts,2,0.100000
components/Navbar.tsx,prisma/seed-test-data.ts,2,0.100000
components/Navbar.tsx,public/uploads/products/1771301373135-3lm5ke.webp,2,0.111111
components/Navbar.tsx,public/uploads/products/1771301434858-evz2v6.webp,2,0.111111
components/admin/AdminSidebar.tsx,components/admin/RevenueAreaChart.tsx,2,0.181818
components/admin/AdminSidebar.tsx,components/admin/SalesDistribution.tsx,2,0.200000
components/admin/AdminSidebar.tsx,components/ui/sidebar.tsx,2,0.200000
components/admin/AdminSidebar.tsx,lib/gachaGrid.ts,2,0.200000
components/admin/AdminSidebar.tsx,prisma/schema.prisma,6,0.500000
components/admin/AdminSidebar.tsx,prisma/seed-massive.ts,2,0.166667
components/admin/AdminSidebar.tsx,prisma/seed-test-data.ts,2,0.166667
components/admin/AdminSidebar.tsx,public/uploads/products/1771301373135-3lm5ke.webp,2,0.200000
components/admin/AdminSidebar.tsx,public/uploads/products/1771301434858-evz2v6.webp,2,0.200000
components/admin/RevenueAreaChart.tsx,components/admin/SalesDistribution.tsx,2,0.666667
components/admin/RevenueAreaChart.tsx,components/ui/sidebar.tsx,2,0.666667
components/admin/RevenueAreaChart.tsx,lib/gachaGrid.ts,2,0.666667
components/admin/RevenueAreaChart.tsx,prisma/schema.prisma,2,0.222222
components/admin/RevenueAreaChart.tsx,prisma/seed-massive.ts,2,0.400000
components/admin/RevenueAreaChart.tsx,prisma/seed-test-data.ts,2,0.400000
components/admin/RevenueAreaChart.tsx,public/uploads/products/1771301373135-3lm5ke.webp,2,0.666667
components/admin/RevenueAreaChart.tsx,public/uploads/products/1771301434858-evz2v6.webp,2,0.666667
components/admin/SalesDistribution.tsx,components/ui/sidebar.tsx,2,1.000000
components/admin/SalesDistribution.tsx,lib/gachaGrid.ts,2,1.000000
components/admin/SalesDistribution.tsx,prisma/schema.prisma,2,0.250000
components/admin/SalesDistribution.tsx,prisma/seed-massive.ts,2,0.500000
components/admin/SalesDistribution.tsx,prisma/seed-test-data.ts,2,0.500000
components/admin/SalesDistribution.tsx,public/uploads/products/1771301373135-3lm5ke.webp,2,1.000000
components/admin/SalesDistribution.tsx,public/uploads/products/1771301434858-evz2v6.webp,2,1.000000
components/ui/sidebar.tsx,lib/gachaGrid.ts,2,1.000000
components/ui/sidebar.tsx,prisma/schema.prisma,2,0.250000
components/ui/sidebar.tsx,prisma/seed-massive.ts,2,0.500000
components/ui/sidebar.tsx,prisma/seed-test-data.ts,2,0.500000
components/ui/sidebar.tsx,public/uploads/products/1771301373135-3lm5ke.webp,2,1.000000
components/ui/sidebar.tsx,public/uploads/products/1771301434858-evz2v6.webp,2,1.000000
lib/gachaGrid.ts,prisma/schema.prisma,2,0.250000
lib/gachaGrid.ts,prisma/seed-massive.ts,2,0.500000
lib/gachaGrid.ts,prisma/seed-test-data.ts,2,0.500000
lib/gachaGrid.ts,public/uploads/products/1771301373135-3lm5ke.webp,2,1.000000
lib/gachaGrid.ts,public/uploads/products/1771301434858-evz2v6.webp,2,1.000000
prisma/schema.prisma,prisma/seed-massive.ts,4,0.500000
prisma/schema.prisma,prisma/seed-test-data.ts,4,0.500000
prisma/schema.prisma,public/uploads/products/1771301373135-3lm5ke.webp,2,0.250000
prisma/schema.prisma,public/uploads/products/1771301434858-evz2v6.webp,2,0.250000
prisma/seed-massive.ts,prisma/seed-test-data.ts,4,1.000000
prisma/seed-massive.ts,public/uploads/products/1771301373135-3lm5ke.webp,2,0.500000
prisma/seed-massive.ts,public/uploads/products/1771301434858-evz2v6.webp,2,0.500000
prisma/seed-test-data.ts,public/uploads/products/1771301373135-3lm5ke.webp,2,0.500000
prisma/seed-test-data.ts,public/uploads/products/1771301434858-evz2v6.webp,2,0.500000
public/uploads/products/1771301373135-3lm5ke.webp,public/uploads/products/1771301434858-evz2v6.webp,2,1.000000
app/admin/audit-logs/page.tsx,app/admin/page.tsx,2,0.153846
app/admin/audit-logs/page.tsx,app/api/dashboard/members-summary/route.ts,2,0.166667
app/admin/audit-logs/page.tsx,app/api/dashboard/topup-summary/route.ts,2,0.133333
app/admin/audit-logs/page.tsx,app/api/dashboard/topup-trend/route.ts,2,0.181818
app/admin/audit-logs/page.tsx,app/api/purchase/route.ts,4,0.307692
app/admin/audit-logs/page.tsx,components/BuyButton.tsx,2,0.153846
app/admin/audit-logs/page.tsx,components/DailyTopupSummary.tsx,2,0.142857
app/admin/audit-logs/page.tsx,components/DateRangePicker.tsx,2,0.200000
app/admin/audit-logs/page.tsx,components/HideMainLayout.tsx,2,0.200000
app/admin/audit-logs/page.tsx,components/LiveDateTime.tsx,2,0.166667
app/admin/audit-logs/page.tsx,components/MembersSummary.tsx,2,0.153846
app/admin/audit-logs/page.tsx,components/TopupSummaryWithDateRange.tsx,2,0.200000
app/admin/audit-logs/page.tsx,components/admin/AdminDashboardHeader.tsx,2,0.200000
app/admin/audit-logs/page.tsx,prisma/schema.prisma,2,0.125000
app/admin/audit-logs/page.tsx,prisma/seed-massive.ts,2,0.166667
app/admin/audit-logs/page.tsx,prisma/seed-test-data.ts,2,0.166667
app/admin/layout.tsx,components/BuyButton.tsx,2,0.200000
app/admin/layout.tsx,components/DateRangePicker.tsx,2,0.285714
app/admin/layout.tsx,components/HideMainLayout.tsx,2,0.285714
app/admin/layout.tsx,components/TopupSummaryWithDateRange.tsx,2,0.285714
app/admin/layout.tsx,components/admin/AdminDashboardHeader.tsx,2,0.285714
app/admin/layout.tsx,lib/swal.ts,2,0.181818
app/admin/news/page.tsx,app/admin/page.tsx,2,0.117647
app/admin/news/page.tsx,app/api/dashboard/members-summary/route.ts,2,0.125000
app/admin/news/page.tsx,app/api/dashboard/topup-summary/route.ts,2,0.105263
app/admin/news/page.tsx,app/api/dashboard/topup-trend/route.ts,2,0.133333
app/admin/news/page.tsx,app/api/purchase/route.ts,4,0.235294
app/admin/news/page.tsx,components/BuyButton.tsx,4,0.266667
app/admin/news/page.tsx,components/DailyTopupSummary.tsx,2,0.111111
app/admin/news/page.tsx,components/DateRangePicker.tsx,2,0.142857
app/admin/news/page.tsx,components/HideMainLayout.tsx,2,0.142857
app/admin/news/page.tsx,components/LiveDateTime.tsx,2,0.125000
app/admin/news/page.tsx,components/MembersSummary.tsx,2,0.117647
app/admin/news/page.tsx,components/TopupSummaryWithDateRange.tsx,2,0.142857
app/admin/news/page.tsx,components/admin/AdminDashboardHeader.tsx,2,0.142857
app/admin/news/page.tsx,lib/swal.ts,4,0.250000
app/admin/news/page.tsx,prisma/schema.prisma,6,0.375000
app/admin/news/page.tsx,prisma/seed-massive.ts,2,0.125000
app/admin/news/page.tsx,prisma/seed-test-data.ts,2,0.125000
app/admin/page.tsx,app/admin/popups/page.tsx,2,0.166667
app/admin/page.tsx,app/admin/promo-codes/page.tsx,2,0.250000
app/admin/page.tsx,app/admin/roles/page.tsx,2,0.181818
app/admin/page.tsx,app/admin/users/AdminUsersClient.tsx,2,0.200000
app/admin/page.tsx,app/api/dashboard/members-summary/route.ts,2,0.285714
app/admin/page.tsx,app/api/dashboard/topup-trend/route.ts,2,0.333333
app/admin/page.tsx,app/api/purchase/route.ts,2,0.200000
app/admin/page.tsx,app/dashboard/topup/page.tsx,2,0.200000
app/admin/page.tsx,components/BuyButton.tsx,2,0.250000
app/admin/page.tsx,components/DashboardClient.tsx,2,0.285714
app/admin/page.tsx,components/DashboardTabs.tsx,2,0.333333
app/admin/page.tsx,components/DateRangePicker.tsx,2,0.400000
app/admin/page.tsx,components/FeaturedProducts.tsx,2,0.111111
app/admin/page.tsx,components/HideMainLayout.tsx,2,0.400000
app/admin/page.tsx,components/ProductActions.tsx,2,0.285714
app/admin/page.tsx,components/ProductCard.tsx,2,0.181818
app/admin/page.tsx,components/SaleProducts.tsx,2,0.117647
app/admin/page.tsx,components/TopupSummaryWithDateRange.tsx,2,0.400000
app/admin/page.tsx,components/admin/AdminDashboardHeader.tsx,2,0.400000
app/admin/page.tsx,lib/swal.ts,2,0.222222
app/admin/popups/page.tsx,app/api/dashboard/members-summary/route.ts,2,0.181818
app/admin/popups/page.tsx,app/api/dashboard/topup-summary/route.ts,2,0.142857
app/admin/popups/page.tsx,app/api/dashboard/topup-trend/route.ts,2,0.200000
app/admin/popups/page.tsx,app/api/purchase/route.ts,4,0.333333
app/admin/popups/page.tsx,components/BuyButton.tsx,2,0.166667
app/admin/popups/page.tsx,components/DailyTopupSummary.tsx,2,0.153846
app/admin/popups/page.tsx,components/DateRangePicker.tsx,2,0.222222
app/admin/popups/page.tsx,components/HideMainLayout.tsx,2,0.222222
app/admin/popups/page.tsx,components/LiveDateTime.tsx,2,0.181818
app/admin/popups/page.tsx,components/MembersSummary.tsx,2,0.166667
app/admin/popups/page.tsx,components/TopupSummaryWithDateRange.tsx,2,0.222222
app/admin/popups/page.tsx,components/admin/AdminDashboardHeader.tsx,2,0.222222
app/admin/popups/page.tsx,lib/swal.ts,2,0.153846
app/admin/popups/page.tsx,prisma/schema.prisma,2,0.133333
app/admin/popups/page.tsx,prisma/seed-massive.ts,2,0.181818
app/admin/popups/page.tsx,prisma/seed-test-data.ts,2,0.181818
app/admin/promo-codes/page.tsx,app/api/dashboard/members-summary/route.ts,2,0.285714
app/admin/promo-codes/page.tsx,app/api/dashboard/topup-summary/route.ts,2,0.200000
app/admin/promo-codes/page.tsx,app/api/dashboard/topup-trend/route.ts,2,0.333333
app/admin/promo-codes/page.tsx,app/api/purchase/route.ts,2,0.200000
app/admin/promo-codes/page.tsx,components/BuyButton.tsx,2,0.250000
app/admin/promo-codes/page.tsx,components/DailyTopupSummary.tsx,2,0.222222
app/admin/promo-codes/page.tsx,components/DateRangePicker.tsx,2,0.400000
app/admin/promo-codes/page.tsx,components/HideMainLayout.tsx,2,0.400000
app/admin/promo-codes/page.tsx,components/LiveDateTime.tsx,2,0.285714
app/admin/promo-codes/page.tsx,components/MembersSummary.tsx,2,0.250000
app/admin/promo-codes/page.tsx,components/TopupSummaryWithDateRange.tsx,2,0.400000
app/admin/promo-codes/page.tsx,components/admin/AdminDashboardHeader.tsx,2,0.400000
app/admin/promo-codes/page.tsx,lib/swal.ts,2,0.222222
app/admin/promo-codes/page.tsx,prisma/schema.prisma,4,0.444444
app/admin/promo-codes/page.tsx,prisma/seed-massive.ts,2,0.285714
app/admin/promo-codes/page.tsx,prisma/seed-test-data.ts,2,0.285714
app/admin/roles/page.tsx,app/api/dashboard/members-summary/route.ts,2,0.200000
app/admin/roles/page.tsx,app/api/dashboard/topup-summary/route.ts,2,0.153846
app/admin/roles/page.tsx,app/api/dashboard/topup-trend/route.ts,2,0.222222
app/admin/roles/page.tsx,app/api/purchase/route.ts,4,0.363636
app/admin/roles/page.tsx,components/BuyButton.tsx,2,0.181818
app/admin/roles/page.tsx,components/DateRangePicker.tsx,2,0.250000
app/admin/roles/page.tsx,components/HideMainLayout.tsx,2,0.250000
app/admin/roles/page.tsx,components/LiveDateTime.tsx,2,0.200000
app/admin/roles/page.tsx,components/MembersSummary.tsx,2,0.181818
app/admin/roles/page.tsx,components/TopupSummaryWithDateRange.tsx,2,0.250000
app/admin/roles/page.tsx,components/admin/AdminDashboardHeader.tsx,2,0.250000
app/admin/roles/page.tsx,lib/swal.ts,2,0.166667
app/admin/roles/page.tsx,prisma/schema.prisma,2,0.142857
app/admin/roles/page.tsx,prisma/seed-massive.ts,2,0.200000
app/admin/roles/page.tsx,prisma/seed-test-data.ts,2,0.200000
app/admin/users/AdminUsersClient.tsx,app/api/dashboard/members-summary/route.ts,2,0.222222
app/admin/users/AdminUsersClient.tsx,app/api/dashboard/topup-summary/route.ts,2,0.166667
app/admin/users/AdminUsersClient.tsx,app/api/dashboard/topup-trend/route.ts,2,0.250000
app/admin/users/AdminUsersClient.tsx,app/api/purchase/route.ts,2,0.166667
app/admin/users/AdminUsersClient.tsx,components/BuyButton.tsx,2,0.200000
app/admin/users/AdminUsersClient.tsx,components/DailyTopupSummary.tsx,2,0.181818
app/admin/users/AdminUsersClient.tsx,components/DateRangePicker.tsx,2,0.285714
app/admin/users/AdminUsersClient.tsx,components/HideMainLayout.tsx,2,0.285714
app/admin/users/AdminUsersClient.tsx,components/LiveDateTime.tsx,2,0.222222
app/admin/users/AdminUsersClient.tsx,components/MembersSummary.tsx,2,0.200000
app/admin/users/AdminUsersClient.tsx,components/TopupSummaryWithDateRange.tsx,2,0.285714
app/admin/users/AdminUsersClient.tsx,components/admin/AdminDashboardHeader.tsx,2,0.285714
app/admin/users/AdminUsersClient.tsx,lib/swal.ts,2,0.181818
app/admin/users/AdminUsersClient.tsx,prisma/schema.prisma,4,0.363636
app/admin/users/AdminUsersClient.tsx,prisma/seed-massive.ts,2,0.222222
app/admin/users/AdminUsersClient.tsx,prisma/seed-test-data.ts,2,0.222222
app/api/dashboard/members-summary/route.ts,app/dashboard/layout.tsx,2,0.333333
app/api/dashboard/members-summary/route.ts,app/dashboard/topup/page.tsx,2,0.222222
app/api/dashboard/members-summary/route.ts,app/globals.css,2,0.133333
app/api/dashboard/members-summary/route.ts,app/layout.tsx,2,0.133333
app/api/dashboard/members-summary/route.ts,app/shop/page.tsx,2,0.200000
app/api/dashboard/members-summary/route.ts,components/BuyButton.tsx,2,0.285714
app/api/dashboard/members-summary/route.ts,components/DailyTopupSummary.tsx,2,0.250000
app/api/dashboard/members-summary/route.ts,components/DashboardClient.tsx,2,0.333333
app/api/dashboard/members-summary/route.ts,components/DashboardTabs.tsx,2,0.400000
app/api/dashboard/members-summary/route.ts,components/DateRangePicker.tsx,2,0.500000
app/api/dashboard/members-summary/route.ts,components/FeaturedProducts.tsx,2,0.117647
app/api/dashboard/members-summary/route.ts,components/HideMainLayout.tsx,2,0.500000
app/api/dashboard/members-summary/route.ts,components/LiveDateTime.tsx,2,0.333333
app/api/dashboard/members-summary/route.ts,components/MembersSummary.tsx,2,0.285714
app/api/dashboard/members-summary/route.ts,components/ProductActions.tsx,2,0.333333
app/api/dashboard/members-summary/route.ts,components/ProductCard.tsx,2,0.200000
app/api/dashboard/members-summary/route.ts,components/SaleProducts.tsx,2,0.125000
app/api/dashboard/members-summary/route.ts,components/TopupSummaryWithDateRange.tsx,2,0.500000
app/api/dashboard/members-summary/route.ts,components/admin/AdminDashboardHeader.tsx,2,0.500000
app/api/dashboard/members-summary/route.ts,lib/swal.ts,2,0.250000
app/api/dashboard/members-summary/route.ts,prisma/schema.prisma,2,0.200000
app/api/dashboard/members-summary/route.ts,prisma/seed-massive.ts,2,0.333333
app/api/dashboard/members-summary/route.ts,prisma/seed-test-data.ts,2,0.333333
app/api/dashboard/topup-summary/route.ts,app/dashboard/topup/page.tsx,2,0.166667
app/api/dashboard/topup-summary/route.ts,components/BuyButton.tsx,2,0.200000
app/api/dashboard/topup-summary/route.ts,components/DashboardClient.tsx,2,0.222222
app/api/dashboard/topup-summary/route.ts,components/DashboardTabs.tsx,2,0.250000
app/api/dashboard/topup-summary/route.ts,components/DateRangePicker.tsx,2,0.285714
app/api/dashboard/topup-summary/route.ts,components/FeaturedProducts.tsx,2,0.100000
app/api/dashboard/topup-summary/route.ts,components/HideMainLayout.tsx,2,0.285714
app/api/dashboard/topup-summary/route.ts,components/LiveDateTime.tsx,2,0.222222
app/api/dashboard/topup-summary/route.ts,components/ProductActions.tsx,2,0.222222
app/api/dashboard/topup-summary/route.ts,components/ProductCard.tsx,2,0.153846
app/api/dashboard/topup-summary/route.ts,components/SaleProducts.tsx,2,0.105263
app/api/dashboard/topup-summary/route.ts,components/TopupSummaryWithDateRange.tsx,2,0.285714
app/api/dashboard/topup-summary/route.ts,components/admin/AdminDashboardHeader.tsx,2,0.285714
app/api/dashboard/topup-summary/route.ts,lib/swal.ts,2,0.181818
app/api/dashboard/topup-summary/route.ts,prisma/schema.prisma,2,0.153846
app/api/dashboard/topup-summary/route.ts,prisma/seed-massive.ts,2,0.222222
app/api/dashboard/topup-summary/route.ts,prisma/seed-test-data.ts,2,0.222222
app/api/dashboard/topup-trend/route.ts,app/dashboard/layout.tsx,2,0.400000
app/api/dashboard/topup-trend/route.ts,app/dashboard/topup/page.tsx,2,0.250000
app/api/dashboard/topup-trend/route.ts,app/globals.css,2,0.142857
app/api/dashboard/topup-trend/route.ts,app/layout.tsx,2,0.142857
app/api/dashboard/topup-trend/route.ts,app/shop/page.tsx,2,0.222222
app/api/dashboard/topup-trend/route.ts,components/BuyButton.tsx,2,0.333333
app/api/dashboard/topup-trend/route.ts,components/DailyTopupSummary.tsx,2,0.285714
app/api/dashboard/topup-trend/route.ts,components/DashboardClient.tsx,2,0.400000
app/api/dashboard/topup-trend/route.ts,components/DashboardTabs.tsx,2,0.500000
app/api/dashboard/topup-trend/route.ts,components/DateRangePicker.tsx,2,0.666667
app/api/dashboard/topup-trend/route.ts,components/FeaturedProducts.tsx,2,0.125000
app/api/dashboard/topup-trend/route.ts,components/HideMainLayout.tsx,2,0.666667
app/api/dashboard/topup-trend/route.ts,components/LiveDateTime.tsx,2,0.400000
app/api/dashboard/topup-trend/route.ts,components/MembersSummary.tsx,2,0.333333
app/api/dashboard/topup-trend/route.ts,components/ProductActions.tsx,2,0.400000
app/api/dashboard/topup-trend/route.ts,components/ProductCard.tsx,2,0.222222
app/api/dashboard/topup-trend/route.ts,components/SaleProducts.tsx,2,0.133333
app/api/dashboard/topup-trend/route.ts,components/TopupSummaryWithDateRange.tsx,2,0.666667
app/api/dashboard/topup-trend/route.ts,components/admin/AdminDashboardHeader.tsx,2,0.666667
app/api/dashboard/topup-trend/route.ts,lib/swal.ts,2,0.285714
app/api/dashboard/topup-trend/route.ts,prisma/schema.prisma,2,0.222222
app/api/dashboard/topup-trend/route.ts,prisma/seed-massive.ts,2,0.400000
app/api/dashboard/topup-trend/route.ts,prisma/seed-test-data.ts,2,0.400000
app/api/purchase/route.ts,app/dashboard/layout.tsx,2,0.222222
app/api/purchase/route.ts,app/dashboard/topup/page.tsx,2,0.166667
app/api/purchase/route.ts,app/globals.css,2,0.111111
app/api/purchase/route.ts,app/shop/page.tsx,2,0.153846
app/api/purchase/route.ts,components/BuyButton.tsx,2,0.200000
app/api/purchase/route.ts,components/DailyTopupSummary.tsx,2,0.181818
app/api/purchase/route.ts,components/DashboardClient.tsx,2,0.222222
app/api/purchase/route.ts,components/DashboardTabs.tsx,2,0.250000
app/api/purchase/route.ts,components/DateRangePicker.tsx,2,0.285714
app/api/purchase/route.ts,components/FeaturedProducts.tsx,4,0.222222
app/api/purchase/route.ts,components/HideMainLayout.tsx,2,0.285714
app/api/purchase/route.ts,components/LiveDateTime.tsx,2,0.222222
app/api/purchase/route.ts,components/MembersSummary.tsx,2,0.200000
app/api/purchase/route.ts,components/ProductActions.tsx,2,0.222222
app/api/purchase/route.ts,components/ProductCard.tsx,4,0.363636
app/api/purchase/route.ts,components/SaleProducts.tsx,4,0.235294
app/api/purchase/route.ts,components/TopupSummaryWithDateRange.tsx,2,0.285714
app/api/purchase/route.ts,components/admin/AdminDashboardHeader.tsx,2,0.285714
app/api/purchase/route.ts,lib/swal.ts,2,0.181818
app/api/purchase/route.ts,prisma/schema.prisma,2,0.153846
app/api/purchase/route.ts,prisma/seed-massive.ts,2,0.222222
app/api/purchase/route.ts,prisma/seed-test-data.ts,2,0.222222
app/dashboard/layout.tsx,components/BuyButton.tsx,2,0.285714
app/dashboard/layout.tsx,components/DailyTopupSummary.tsx,2,0.250000
app/dashboard/layout.tsx,components/DateRangePicker.tsx,2,0.500000
app/dashboard/layout.tsx,components/HideMainLayout.tsx,2,0.500000
app/dashboard/layout.tsx,components/LiveDateTime.tsx,2,0.333333
app/dashboard/layout.tsx,components/MembersSummary.tsx,2,0.285714
app/dashboard/layout.tsx,components/TopupSummaryWithDateRange.tsx,2,0.500000
app/dashboard/layout.tsx,components/admin/AdminDashboardHeader.tsx,2,0.500000
app/dashboard/layout.tsx,lib/swal.ts,2,0.250000
app/dashboard/layout.tsx,prisma/schema.prisma,2,0.200000
app/dashboard/layout.tsx,prisma/seed-massive.ts,2,0.333333
app/dashboard/layout.tsx,prisma/seed-test-data.ts,2,0.333333
app/dashboard/topup/page.tsx,components/BuyButton.tsx,2,0.200000
app/dashboard/topup/page.tsx,components/DateRangePicker.tsx,2,0.285714
app/dashboard/topup/page.tsx,components/HideMainLayout.tsx,2,0.285714
app/dashboard/topup/page.tsx,components/LiveDateTime.tsx,2,0.222222
app/dashboard/topup/page.tsx,components/MembersSummary.tsx,2,0.200000
app/dashboard/topup/page.tsx,components/TopupSummaryWithDateRange.tsx,2,0.285714
app/dashboard/topup/page.tsx,components/admin/AdminDashboardHeader.tsx,2,0.285714
app/dashboard/topup/page.tsx,lib/swal.ts,2,0.181818
app/dashboard/topup/page.tsx,prisma/schema.prisma,2,0.153846
app/dashboard/topup/page.tsx,prisma/seed-massive.ts,2,0.222222
app/dashboard/topup/page.tsx,prisma/seed-test-data.ts,2,0.222222
app/globals.css,components/BuyButton.tsx,2,0.125000
app/globals.css,components/DateRangePicker.tsx,2,0.153846
app/globals.css,components/HideMainLayout.tsx,2,0.153846
app/globals.css,components/TopupSummaryWithDateRange.tsx,2,0.153846
app/globals.css,components/admin/AdminDashboardHeader.tsx,2,0.153846
app/globals.css,lib/swal.ts,2,0.117647
app/layout.tsx,components/BuyButton.tsx,2,0.125000
app/layout.tsx,components/DateRangePicker.tsx,2,0.153846
app/layout.tsx,components/HideMainLayout.tsx,2,0.153846
app/layout.tsx,components/TopupSummaryWithDateRange.tsx,2,0.153846
app/layout.tsx,components/admin/AdminDashboardHeader.tsx,2,0.153846
app/shop/page.tsx,components/BuyButton.tsx,2,0.181818
app/shop/page.tsx,components/DateRangePicker.tsx,2,0.250000
app/shop/page.tsx,components/HideMainLayout.tsx,2,0.250000
app/shop/page.tsx,components/LiveDateTime.tsx,2,0.200000
app/shop/page.tsx,components/TopupSummaryWithDateRange.tsx,2,0.250000
app/shop/page.tsx,components/admin/AdminDashboardHeader.tsx,2,0.250000
app/shop/page.tsx,prisma/schema.prisma,2,0.142857
app/shop/page.tsx,prisma/seed-massive.ts,2,0.200000
app/shop/page.tsx,prisma/seed-test-data.ts,2,0.200000
components/BuyButton.tsx,components/DailyTopupSummary.tsx,2,0.222222
components/BuyButton.tsx,components/DashboardClient.tsx,2,0.285714
components/BuyButton.tsx,components/DashboardTabs.tsx,2,0.333333
components/BuyButton.tsx,components/DateRangePicker.tsx,2,0.400000
components/BuyButton.tsx,components/HideMainLayout.tsx,2,0.400000
components/BuyButton.tsx,components/LiveDateTime.tsx,2,0.285714
components/BuyButton.tsx,components/MembersSummary.tsx,2,0.250000
components/BuyButton.tsx,components/TopupSummaryWithDateRange.tsx,2,0.400000
components/BuyButton.tsx,components/admin/AdminDashboardHeader.tsx,2,0.400000
components/BuyButton.tsx,lib/swal.ts,4,0.571429
components/BuyButton.tsx,prisma/schema.prisma,4,0.444444
components/BuyButton.tsx,prisma/seed-massive.ts,2,0.285714
components/BuyButton.tsx,prisma/seed-test-data.ts,2,0.285714
components/DailyTopupSummary.tsx,components/DashboardClient.tsx,2,0.250000
components/DailyTopupSummary.tsx,components/DashboardTabs.tsx,2,0.285714
components/DailyTopupSummary.tsx,components/DateRangePicker.tsx,2,0.333333
components/DailyTopupSummary.tsx,components/FeaturedProducts.tsx,2,0.105263
components/DailyTopupSummary.tsx,components/HideMainLayout.tsx,2,0.333333
components/DailyTopupSummary.tsx,components/ProductActions.tsx,2,0.250000
components/DailyTopupSummary.tsx,components/ProductCard.tsx,2,0.166667
components/DailyTopupSummary.tsx,components/SaleProducts.tsx,2,0.111111
components/DailyTopupSummary.tsx,components/TopupSummaryWithDateRange.tsx,2,0.333333
components/DailyTopupSummary.tsx,components/admin/AdminDashboardHeader.tsx,2,0.333333
components/DailyTopupSummary.tsx,lib/swal.ts,2,0.200000
components/DashboardClient.tsx,components/DateRangePicker.tsx,2,0.500000
components/DashboardClient.tsx,components/HideMainLayout.tsx,2,0.500000
components/DashboardClient.tsx,components/LiveDateTime.tsx,2,0.333333
components/DashboardClient.tsx,components/MembersSummary.tsx,2,0.285714
components/DashboardClient.tsx,components/TopupSummaryWithDateRange.tsx,2,0.500000
components/DashboardClient.tsx,components/admin/AdminDashboardHeader.tsx,2,0.500000
components/DashboardClient.tsx,lib/swal.ts,2,0.250000
components/DashboardClient.tsx,prisma/schema.prisma,2,0.200000
components/DashboardClient.tsx,prisma/seed-massive.ts,2,0.333333
components/DashboardClient.tsx,prisma/seed-test-data.ts,2,0.333333
components/DashboardTabs.tsx,components/DateRangePicker.tsx,2,0.666667
components/DashboardTabs.tsx,components/HideMainLayout.tsx,2,0.666667
components/DashboardTabs.tsx,components/LiveDateTime.tsx,2,0.400000
components/DashboardTabs.tsx,components/MembersSummary.tsx,2,0.333333
components/DashboardTabs.tsx,components/TopupSummaryWithDateRange.tsx,2,0.666667
components/DashboardTabs.tsx,components/admin/AdminDashboardHeader.tsx,2,0.666667
components/DashboardTabs.tsx,lib/swal.ts,2,0.285714
components/DashboardTabs.tsx,prisma/schema.prisma,2,0.222222
components/DashboardTabs.tsx,prisma/seed-massive.ts,2,0.400000
components/DashboardTabs.tsx,prisma/seed-test-data.ts,2,0.400000
components/DateRangePicker.tsx,components/FeaturedProducts.tsx,2,0.133333
components/DateRangePicker.tsx,components/HideMainLayout.tsx,2,1.000000
components/DateRangePicker.tsx,components/LiveDateTime.tsx,2,0.500000
components/DateRangePicker.tsx,components/MembersSummary.tsx,2,0.400000
components/DateRangePicker.tsx,components/ProductActions.tsx,2,0.500000
components/DateRangePicker.tsx,components/ProductCard.tsx,2,0.250000
components/DateRangePicker.tsx,components/SaleProducts.tsx,2,0.142857
components/DateRangePicker.tsx,components/TopupSummaryWithDateRange.tsx,2,1.000000
components/DateRangePicker.tsx,components/admin/AdminDashboardHeader.tsx,2,1.000000
components/DateRangePicker.tsx,lib/swal.ts,2,0.333333
components/DateRangePicker.tsx,prisma/schema.prisma,2,0.250000
components/DateRangePicker.tsx,prisma/seed-massive.ts,2,0.500000
components/DateRangePicker.tsx,prisma/seed-test-data.ts,2,0.500000
components/FeaturedProducts.tsx,components/HideMainLayout.tsx,2,0.133333
components/FeaturedProducts.tsx,components/LiveDateTime.tsx,2,0.117647
components/FeaturedProducts.tsx,components/MembersSummary.tsx,2,0.111111
components/FeaturedProducts.tsx,components/TopupSummaryWithDateRange.tsx,2,0.133333
components/FeaturedProducts.tsx,components/admin/AdminDashboardHeader.tsx,2,0.133333
components/FeaturedProducts.tsx,lib/swal.ts,4,0.235294
components/FeaturedProducts.tsx,prisma/schema.prisma,6,0.352941
components/FeaturedProducts.tsx,prisma/seed-massive.ts,2,0.117647
components/FeaturedProducts.tsx,prisma/seed-test-data.ts,2,0.117647
components/HideMainLayout.tsx,components/LiveDateTime.tsx,2,0.500000
components/HideMainLayout.tsx,components/MembersSummary.tsx,2,0.400000
components/HideMainLayout.tsx,components/ProductActions.tsx,2,0.500000
components/HideMainLayout.tsx,components/ProductCard.tsx,2,0.250000
components/HideMainLayout.tsx,components/SaleProducts.tsx,2,0.142857
components/HideMainLayout.tsx,components/TopupSummaryWithDateRange.tsx,2,1.000000
components/HideMainLayout.tsx,components/admin/AdminDashboardHeader.tsx,2,1.000000
components/HideMainLayout.tsx,lib/swal.ts,2,0.333333
components/HideMainLayout.tsx,prisma/schema.prisma,2,0.250000
components/HideMainLayout.tsx,prisma/seed-massive.ts,2,0.500000
components/HideMainLayout.tsx,prisma/seed-test-data.ts,2,0.500000
components/LiveDateTime.tsx,components/ProductActions.tsx,2,0.333333
components/LiveDateTime.tsx,components/ProductCard.tsx,2,0.200000
components/LiveDateTime.tsx,components/SaleProducts.tsx,2,0.125000
components/LiveDateTime.tsx,components/TopupSummaryWithDateRange.tsx,2,0.500000
components/LiveDateTime.tsx,components/admin/AdminDashboardHeader.tsx,2,0.500000
components/LiveDateTime.tsx,lib/swal.ts,2,0.250000
components/MembersSummary.tsx,components/ProductActions.tsx,2,0.285714
components/MembersSummary.tsx,components/ProductCard.tsx,2,0.181818
components/MembersSummary.tsx,components/SaleProducts.tsx,2,0.117647
components/MembersSummary.tsx,components/TopupSummaryWithDateRange.tsx,2,0.400000
components/MembersSummary.tsx,components/admin/AdminDashboardHeader.tsx,2,0.400000
components/MembersSummary.tsx,lib/swal.ts,2,0.222222
components/ProductActions.tsx,components/TopupSummaryWithDateRange.tsx,2,0.500000
components/ProductActions.tsx,components/admin/AdminDashboardHeader.tsx,2,0.500000
components/ProductActions.tsx,lib/swal.ts,2,0.250000
components/ProductActions.tsx,prisma/schema.prisma,2,0.200000
components/ProductActions.tsx,prisma/seed-massive.ts,2,0.333333
components/ProductActions.tsx,prisma/seed-test-data.ts,2,0.333333
components/ProductCard.tsx,components/TopupSummaryWithDateRange.tsx,2,0.250000
components/ProductCard.tsx,components/admin/AdminDashboardHeader.tsx,2,0.250000
components/ProductCard.tsx,lib/swal.ts,2,0.166667
components/ProductCard.tsx,prisma/schema.prisma,4,0.333333
components/ProductCard.tsx,prisma/seed-massive.ts,2,0.200000
components/ProductCard.tsx,prisma/seed-test-data.ts,2,0.200000
components/SaleProducts.tsx,components/TopupSummaryWithDateRange.tsx,2,0.142857
components/SaleProducts.tsx,components/admin/AdminDashboardHeader.tsx,2,0.142857
components/SaleProducts.tsx,lib/swal.ts,4,0.250000
components/SaleProducts.tsx,prisma/schema.prisma,6,0.375000
components/SaleProducts.tsx,prisma/seed-massive.ts,2,0.125000
components/SaleProducts.tsx,prisma/seed-test-data.ts,2,0.125000
components/TopupSummaryWithDateRange.tsx,components/admin/AdminDashboardHeader.tsx,2,1.000000
components/TopupSummaryWithDateRange.tsx,lib/swal.ts,2,0.333333
components/TopupSummaryWithDateRange.tsx,prisma/schema.prisma,2,0.250000
components/TopupSummaryWithDateRange.tsx,prisma/seed-massive.ts,2,0.500000
components/TopupSummaryWithDateRange.tsx,prisma/seed-test-data.ts,2,0.500000
components/admin/AdminDashboardHeader.tsx,lib/swal.ts,2,0.333333
components/admin/AdminDashboardHeader.tsx,prisma/schema.prisma,2,0.250000
components/admin/AdminDashboardHeader.tsx,prisma/seed-massive.ts,2,0.500000
components/admin/AdminDashboardHeader.tsx,prisma/seed-test-data.ts,2,0.500000
lib/swal.ts,prisma/schema.prisma,4,0.400000
lib/swal.ts,prisma/seed-massive.ts,2,0.250000
lib/swal.ts,prisma/seed-test-data.ts,2,0.250000
app/admin/audit-logs/page.tsx,app/api/admin/help/[id]/route.ts,2,0.142857
app/admin/audit-logs/page.tsx,app/api/admin/help/route.ts,2,0.142857
app/admin/audit-logs/page.tsx,app/api/admin/popups/[id]/route.ts,2,0.181818
app/admin/audit-logs/page.tsx,app/api/admin/users/[id]/route.ts,2,0.133333
app/admin/audit-logs/page.tsx,app/api/login/route.ts,2,0.181818
app/admin/audit-logs/page.tsx,app/api/upload/route.ts,2,0.142857
app/admin/audit-logs/page.tsx,components/AnnouncementPopup.tsx,2,0.153846
app/admin/audit-logs/page.tsx,package.json,4,0.190476
app/admin/audit-logs/page.tsx,public/uploads/products/1770568049552-iaxo6p.png,2,0.200000
app/admin/audit-logs/page.tsx,public/uploads/products/1770568136999-6e6oex.png,2,0.200000
app/admin/audit-logs/page.tsx,public/uploads/products/1770569587171-irbt9f.png,2,0.200000
app/admin/audit-logs/page.tsx,public/uploads/products/1770569599752-tgua06.png,2,0.200000
app/admin/news/page.tsx,app/api/admin/help/[id]/route.ts,4,0.250000
app/admin/news/page.tsx,app/api/admin/help/route.ts,4,0.250000
app/admin/news/page.tsx,app/api/admin/popups/[id]/route.ts,2,0.133333
app/admin/news/page.tsx,app/api/admin/users/[id]/route.ts,4,0.235294
app/admin/news/page.tsx,app/api/login/route.ts,2,0.133333
app/admin/news/page.tsx,app/api/register/route.ts,2,0.117647
app/admin/news/page.tsx,components/AnnouncementPopup.tsx,2,0.117647
app/admin/news/page.tsx,public/uploads/products/1770568049552-iaxo6p.png,2,0.142857
app/admin/news/page.tsx,public/uploads/products/1770568136999-6e6oex.png,2,0.142857
app/admin/news/page.tsx,public/uploads/products/1770569587171-irbt9f.png,2,0.142857
app/admin/news/page.tsx,public/uploads/products/1770569599752-tgua06.png,2,0.142857
app/admin/popups/page.tsx,app/api/admin/help/[id]/route.ts,2,0.153846
app/admin/popups/page.tsx,app/api/admin/help/route.ts,2,0.153846
app/admin/popups/page.tsx,app/api/admin/popups/[id]/route.ts,2,0.200000
app/admin/popups/page.tsx,app/api/admin/users/[id]/route.ts,2,0.142857
app/admin/popups/page.tsx,app/api/login/route.ts,2,0.200000
app/admin/popups/page.tsx,app/api/register/route.ts,2,0.166667
app/admin/popups/page.tsx,components/AnnouncementPopup.tsx,2,0.166667
app/admin/popups/page.tsx,public/uploads/products/1770568049552-iaxo6p.png,2,0.222222
app/admin/popups/page.tsx,public/uploads/products/1770568136999-6e6oex.png,2,0.222222
app/admin/popups/page.tsx,public/uploads/products/1770569587171-irbt9f.png,2,0.222222
app/admin/popups/page.tsx,public/uploads/products/1770569599752-tgua06.png,2,0.222222
app/admin/products/[id]/edit/page.tsx,app/api/admin/help/[id]/route.ts,2,0.153846
app/admin/products/[id]/edit/page.tsx,app/api/admin/help/route.ts,2,0.153846
app/admin/products/[id]/edit/page.tsx,app/api/admin/popups/[id]/route.ts,2,0.200000
app/admin/products/[id]/edit/page.tsx,app/api/admin/users/[id]/route.ts,4,0.333333
app/admin/products/[id]/edit/page.tsx,app/api/login/route.ts,2,0.200000
app/admin/products/[id]/edit/page.tsx,app/api/register/route.ts,2,0.166667
app/admin/products/[id]/edit/page.tsx,components/AnnouncementPopup.tsx,2,0.166667
app/admin/products/[id]/edit/page.tsx,package.json,2,0.090909
app/admin/products/[id]/edit/page.tsx,public/uploads/products/1770568049552-iaxo6p.png,2,0.222222
app/admin/products/[id]/edit/page.tsx,public/uploads/products/1770568136999-6e6oex.png,2,0.222222
app/admin/products/[id]/edit/page.tsx,public/uploads/products/1770569587171-irbt9f.png,2,0.222222
app/admin/products/[id]/edit/page.tsx,public/uploads/products/1770569599752-tgua06.png,2,0.222222
app/admin/products/new/page.tsx,app/api/admin/help/[id]/route.ts,2,0.166667
app/admin/products/new/page.tsx,app/api/admin/help/route.ts,2,0.166667
app/admin/products/new/page.tsx,app/api/admin/popups/[id]/route.ts,2,0.222222
app/admin/products/new/page.tsx,app/api/admin/users/[id]/route.ts,4,0.363636
app/admin/products/new/page.tsx,app/api/login/route.ts,2,0.222222
app/admin/products/new/page.tsx,app/api/purchase/route.ts,2,0.153846
app/admin/products/new/page.tsx,app/api/register/route.ts,2,0.181818
app/admin/products/new/page.tsx,components/AnnouncementPopup.tsx,2,0.181818
app/admin/products/new/page.tsx,package.json,2,0.095238
app/admin/products/new/page.tsx,public/uploads/products/1770568049552-iaxo6p.png,2,0.250000
app/admin/products/new/page.tsx,public/uploads/products/1770568136999-6e6oex.png,2,0.250000
app/admin/products/new/page.tsx,public/uploads/products/1770569587171-irbt9f.png,2,0.250000
app/admin/products/new/page.tsx,public/uploads/products/1770569599752-tgua06.png,2,0.250000
app/admin/roles/page.tsx,app/api/admin/help/[id]/route.ts,2,0.166667
app/admin/roles/page.tsx,app/api/admin/help/route.ts,2,0.166667
app/admin/roles/page.tsx,app/api/admin/popups/[id]/route.ts,2,0.222222
app/admin/roles/page.tsx,app/api/admin/users/[id]/route.ts,2,0.153846
app/admin/roles/page.tsx,app/api/login/route.ts,2,0.222222
app/admin/roles/page.tsx,app/api/register/route.ts,2,0.181818
app/admin/roles/page.tsx,app/api/upload/route.ts,2,0.166667
app/admin/roles/page.tsx,package.json,2,0.095238
app/admin/roles/page.tsx,public/uploads/products/1770568049552-iaxo6p.png,2,0.250000
app/admin/roles/page.tsx,public/uploads/products/1770568136999-6e6oex.png,2,0.250000
app/admin/roles/page.tsx,public/uploads/products/1770569587171-irbt9f.png,2,0.250000
app/admin/roles/page.tsx,public/uploads/products/1770569599752-tgua06.png,2,0.250000
app/admin/settings/page.tsx,app/api/admin/help/[id]/route.ts,2,0.166667
app/admin/settings/page.tsx,app/api/admin/help/route.ts,2,0.166667
app/admin/settings/page.tsx,app/api/admin/popups/[id]/route.ts,2,0.222222
app/admin/settings/page.tsx,app/api/admin/users/[id]/route.ts,2,0.153846
app/admin/settings/page.tsx,app/api/login/route.ts,2,0.222222
app/admin/settings/page.tsx,app/api/purchase/route.ts,2,0.153846
app/admin/settings/page.tsx,app/api/register/route.ts,2,0.181818
app/admin/settings/page.tsx,components/AnnouncementPopup.tsx,2,0.181818
app/admin/settings/page.tsx,package.json,2,0.095238
app/admin/settings/page.tsx,public/uploads/products/1770568049552-iaxo6p.png,2,0.250000
app/admin/settings/page.tsx,public/uploads/products/1770568136999-6e6oex.png,2,0.250000
app/admin/settings/page.tsx,public/uploads/products/1770569587171-irbt9f.png,2,0.250000
app/admin/settings/page.tsx,public/uploads/products/1770569599752-tgua06.png,2,0.250000
app/api/admin/help/[id]/route.ts,app/api/admin/roles/[id]/route.ts,2,0.285714
app/api/admin/help/[id]/route.ts,app/api/login/route.ts,2,0.285714
app/api/admin/help/[id]/route.ts,app/api/products/[id]/route.ts,2,0.142857
app/api/admin/help/[id]/route.ts,app/api/products/route.ts,2,0.133333
app/api/admin/help/[id]/route.ts,app/api/purchase/route.ts,2,0.181818
app/api/admin/help/[id]/route.ts,app/api/register/route.ts,2,0.222222
app/api/admin/help/[id]/route.ts,app/api/topup/route.ts,2,0.166667
app/api/admin/help/[id]/route.ts,app/api/upload/route.ts,2,0.200000
app/api/admin/help/[id]/route.ts,components/AnnouncementPopup.tsx,2,0.222222
app/api/admin/help/[id]/route.ts,components/FeaturedProducts.tsx,4,0.235294
app/api/admin/help/[id]/route.ts,components/ProductCard.tsx,2,0.166667
app/api/admin/help/[id]/route.ts,components/PurchasedItem.tsx,2,0.166667
app/api/admin/help/[id]/route.ts,components/SaleProducts.tsx,4,0.250000
app/api/admin/help/[id]/route.ts,package.json,4,0.235294
app/api/admin/help/[id]/route.ts,public/uploads/products/1770568049552-iaxo6p.png,2,0.333333
app/api/admin/help/[id]/route.ts,public/uploads/products/1770568136999-6e6oex.png,2,0.333333
app/api/admin/help/[id]/route.ts,public/uploads/products/1770569587171-irbt9f.png,2,0.333333
app/api/admin/help/[id]/route.ts,public/uploads/products/1770569599752-tgua06.png,2,0.333333
app/api/admin/help/route.ts,app/api/admin/roles/[id]/route.ts,2,0.285714
app/api/admin/help/route.ts,app/api/login/route.ts,2,0.285714
app/api/admin/help/route.ts,app/api/products/[id]/route.ts,2,0.142857
app/api/admin/help/route.ts,app/api/purchase/route.ts,2,0.181818
app/api/admin/help/route.ts,app/api/upload/route.ts,2,0.200000
app/api/admin/help/route.ts,components/AnnouncementPopup.tsx,2,0.222222
app/api/admin/help/route.ts,components/FeaturedProducts.tsx,4,0.235294
app/api/admin/help/route.ts,components/ProductCard.tsx,2,0.166667
app/api/admin/help/route.ts,components/PurchasedItem.tsx,2,0.166667
app/api/admin/help/route.ts,components/SaleProducts.tsx,4,0.250000
app/api/admin/help/route.ts,public/uploads/products/1770568049552-iaxo6p.png,2,0.333333
app/api/admin/help/route.ts,public/uploads/products/1770568136999-6e6oex.png,2,0.333333
app/api/admin/help/route.ts,public/uploads/products/1770569587171-irbt9f.png,2,0.333333
app/api/admin/help/route.ts,public/uploads/products/1770569599752-tgua06.png,2,0.333333
app/api/admin/popups/[id]/route.ts,app/api/admin/roles/[id]/route.ts,2,0.500000
app/api/admin/popups/[id]/route.ts,app/api/login/route.ts,2,0.500000
app/api/admin/popups/[id]/route.ts,app/api/products/[id]/route.ts,2,0.181818
app/api/admin/popups/[id]/route.ts,app/api/products/route.ts,2,0.166667
app/api/admin/popups/[id]/route.ts,app/api/purchase/route.ts,2,0.250000
app/api/admin/popups/[id]/route.ts,app/api/register/route.ts,2,0.333333
app/api/admin/popups/[id]/route.ts,app/api/topup/route.ts,2,0.222222
app/api/admin/popups/[id]/route.ts,app/api/upload/route.ts,2,0.285714
app/api/admin/popups/[id]/route.ts,components/AnnouncementPopup.tsx,2,0.333333
app/api/admin/popups/[id]/route.ts,components/FeaturedProducts.tsx,2,0.125000
app/api/admin/popups/[id]/route.ts,components/ProductCard.tsx,2,0.222222
app/api/admin/popups/[id]/route.ts,components/PurchasedItem.tsx,2,0.222222
app/api/admin/popups/[id]/route.ts,components/SaleProducts.tsx,2,0.133333
app/api/admin/popups/[id]/route.ts,package.json,2,0.125000
app/api/admin/popups/[id]/route.ts,public/uploads/products/1770568049552-iaxo6p.png,2,0.666667
app/api/admin/popups/[id]/route.ts,public/uploads/products/1770568136999-6e6oex.png,2,0.666667
app/api/admin/popups/[id]/route.ts,public/uploads/products/1770569587171-irbt9f.png,2,0.666667
app/api/admin/popups/[id]/route.ts,public/uploads/products/1770569599752-tgua06.png,2,0.666667
app/api/admin/roles/[id]/route.ts,app/api/admin/users/[id]/route.ts,2,0.250000
app/api/admin/roles/[id]/route.ts,app/api/login/route.ts,2,0.500000
app/api/admin/roles/[id]/route.ts,app/api/purchase/route.ts,2,0.250000
app/api/admin/roles/[id]/route.ts,app/api/register/route.ts,2,0.333333
app/api/admin/roles/[id]/route.ts,app/api/upload/route.ts,2,0.285714
app/api/admin/roles/[id]/route.ts,components/AnnouncementPopup.tsx,2,0.333333
app/api/admin/roles/[id]/route.ts,components/ProductCard.tsx,2,0.222222
app/api/admin/roles/[id]/route.ts,components/SaleProducts.tsx,2,0.133333
app/api/admin/roles/[id]/route.ts,package.json,2,0.125000
app/api/admin/roles/[id]/route.ts,public/uploads/products/1770568049552-iaxo6p.png,2,0.666667
app/api/admin/roles/[id]/route.ts,public/uploads/products/1770568136999-6e6oex.png,2,0.666667
app/api/admin/roles/[id]/route.ts,public/uploads/products/1770569587171-irbt9f.png,2,0.666667
app/api/admin/roles/[id]/route.ts,public/uploads/products/1770569599752-tgua06.png,2,0.666667
app/api/admin/users/[id]/route.ts,app/api/login/route.ts,2,0.250000
app/api/admin/users/[id]/route.ts,app/api/register/route.ts,2,0.200000
app/api/admin/users/[id]/route.ts,app/api/topup/route.ts,2,0.153846
app/api/admin/users/[id]/route.ts,components/AnnouncementPopup.tsx,2,0.200000
app/api/admin/users/[id]/route.ts,components/FeaturedProducts.tsx,4,0.222222
app/api/admin/users/[id]/route.ts,components/ProductCard.tsx,4,0.363636
app/api/admin/users/[id]/route.ts,components/PurchasedItem.tsx,4,0.363636
app/api/admin/users/[id]/route.ts,components/SaleProducts.tsx,4,0.235294
app/api/admin/users/[id]/route.ts,package.json,2,0.100000
app/api/admin/users/[id]/route.ts,public/uploads/products/1770568049552-iaxo6p.png,2,0.285714
app/api/admin/users/[id]/route.ts,public/uploads/products/1770568136999-6e6oex.png,2,0.285714
app/api/admin/users/[id]/route.ts,public/uploads/products/1770569587171-irbt9f.png,2,0.285714
app/api/admin/users/[id]/route.ts,public/uploads/products/1770569599752-tgua06.png,2,0.285714
app/api/login/route.ts,app/api/products/[id]/route.ts,2,0.181818
app/api/login/route.ts,app/api/products/route.ts,2,0.166667
app/api/login/route.ts,app/api/purchase/route.ts,2,0.250000
app/api/login/route.ts,app/api/topup/route.ts,2,0.222222
app/api/login/route.ts,app/api/upload/route.ts,2,0.285714
app/api/login/route.ts,components/AnnouncementPopup.tsx,2,0.333333
app/api/login/route.ts,components/FeaturedProducts.tsx,2,0.125000
app/api/login/route.ts,components/ProductCard.tsx,2,0.222222
app/api/login/route.ts,components/PurchasedItem.tsx,2,0.222222
app/api/login/route.ts,components/SaleProducts.tsx,2,0.133333
app/api/login/route.ts,package.json,2,0.125000
app/api/login/route.ts,public/uploads/products/1770568049552-iaxo6p.png,2,0.666667
app/api/login/route.ts,public/uploads/products/1770568136999-6e6oex.png,2,0.666667
app/api/login/route.ts,public/uploads/products/1770569587171-irbt9f.png,2,0.666667
app/api/login/route.ts,public/uploads/products/1770569599752-tgua06.png,2,0.666667
app/api/products/[id]/route.ts,app/api/register/route.ts,2,0.153846
app/api/products/[id]/route.ts,package.json,2,0.086957
app/api/products/[id]/route.ts,public/uploads/products/1770568049552-iaxo6p.png,2,0.200000
app/api/products/[id]/route.ts,public/uploads/products/1770568136999-6e6oex.png,2,0.200000
app/api/products/[id]/route.ts,public/uploads/products/1770569587171-irbt9f.png,2,0.200000
app/api/products/[id]/route.ts,public/uploads/products/1770569599752-tgua06.png,2,0.200000
app/api/products/route.ts,public/uploads/products/1770568049552-iaxo6p.png,2,0.181818
app/api/products/route.ts,public/uploads/products/1770568136999-6e6oex.png,2,0.181818
app/api/products/route.ts,public/uploads/products/1770569587171-irbt9f.png,2,0.181818
app/api/products/route.ts,public/uploads/products/1770569599752-tgua06.png,2,0.181818
app/api/purchase/route.ts,app/api/register/route.ts,2,0.200000
app/api/purchase/route.ts,components/AnnouncementPopup.tsx,2,0.200000
app/api/purchase/route.ts,components/PurchasedItem.tsx,2,0.153846
app/api/purchase/route.ts,package.json,2,0.100000
app/api/purchase/route.ts,public/uploads/products/1770568049552-iaxo6p.png,2,0.285714
app/api/purchase/route.ts,public/uploads/products/1770568136999-6e6oex.png,2,0.285714
app/api/purchase/route.ts,public/uploads/products/1770569587171-irbt9f.png,2,0.285714
app/api/purchase/route.ts,public/uploads/products/1770569599752-tgua06.png,2,0.285714
app/api/register/route.ts,app/api/upload/route.ts,2,0.222222
app/api/register/route.ts,components/AnnouncementPopup.tsx,2,0.250000
app/api/register/route.ts,components/FeaturedProducts.tsx,2,0.111111
app/api/register/route.ts,components/ProductCard.tsx,2,0.181818
app/api/register/route.ts,components/PurchasedItem.tsx,2,0.181818
app/api/register/route.ts,components/SaleProducts.tsx,2,0.117647
app/api/register/route.ts,public/uploads/products/1770568049552-iaxo6p.png,2,0.400000
app/api/register/route.ts,public/uploads/products/1770568136999-6e6oex.png,2,0.400000
app/api/register/route.ts,public/uploads/products/1770569587171-irbt9f.png,2,0.400000
app/api/register/route.ts,public/uploads/products/1770569599752-tgua06.png,2,0.400000
app/api/topup/route.ts,app/api/upload/route.ts,2,0.166667
app/api/topup/route.ts,components/AnnouncementPopup.tsx,2,0.181818
app/api/topup/route.ts,components/ProductCard.tsx,2,0.142857
app/api/topup/route.ts,components/SaleProducts.tsx,2,0.100000
app/api/topup/route.ts,public/uploads/products/1770568049552-iaxo6p.png,2,0.250000
app/api/topup/route.ts,public/uploads/products/1770568136999-6e6oex.png,2,0.250000
app/api/topup/route.ts,public/uploads/products/1770569587171-irbt9f.png,2,0.250000
app/api/topup/route.ts,public/uploads/products/1770569599752-tgua06.png,2,0.250000
app/api/upload/route.ts,components/AnnouncementPopup.tsx,2,0.222222
app/api/upload/route.ts,components/FeaturedProducts.tsx,2,0.105263
app/api/upload/route.ts,components/ProductCard.tsx,2,0.166667
app/api/upload/route.ts,components/PurchasedItem.tsx,2,0.166667
app/api/upload/route.ts,components/SaleProducts.tsx,2,0.111111
app/api/upload/route.ts,package.json,2,0.105263
app/api/upload/route.ts,public/uploads/products/1770568049552-iaxo6p.png,2,0.333333
app/api/upload/route.ts,public/uploads/products/1770568136999-6e6oex.png,2,0.333333
app/api/upload/route.ts,public/uploads/products/1770569587171-irbt9f.png,2,0.333333
app/api/upload/route.ts,public/uploads/products/1770569599752-tgua06.png,2,0.333333
components/AnnouncementPopup.tsx,components/FeaturedProducts.tsx,2,0.111111
components/AnnouncementPopup.tsx,components/ProductCard.tsx,2,0.181818
components/AnnouncementPopup.tsx,components/PurchasedItem.tsx,2,0.181818
components/AnnouncementPopup.tsx,components/SaleProducts.tsx,2,0.117647
components/AnnouncementPopup.tsx,public/uploads/products/1770568049552-iaxo6p.png,2,0.400000
components/AnnouncementPopup.tsx,public/uploads/products/1770568136999-6e6oex.png,2,0.400000
components/AnnouncementPopup.tsx,public/uploads/products/1770569587171-irbt9f.png,2,0.400000
components/AnnouncementPopup.tsx,public/uploads/products/1770569599752-tgua06.png,2,0.400000
components/FeaturedProducts.tsx,package.json,6,0.250000
components/FeaturedProducts.tsx,public/uploads/products/1770568049552-iaxo6p.png,2,0.133333
components/FeaturedProducts.tsx,public/uploads/products/1770568136999-6e6oex.png,2,0.133333
components/FeaturedProducts.tsx,public/uploads/products/1770569587171-irbt9f.png,2,0.133333
components/FeaturedProducts.tsx,public/uploads/products/1770569599752-tgua06.png,2,0.133333
components/ProductCard.tsx,package.json,2,0.095238
components/ProductCard.tsx,public/uploads/products/1770568049552-iaxo6p.png,2,0.250000
components/ProductCard.tsx,public/uploads/products/1770568136999-6e6oex.png,2,0.250000
components/ProductCard.tsx,public/uploads/products/1770569587171-irbt9f.png,2,0.250000
components/ProductCard.tsx,public/uploads/products/1770569599752-tgua06.png,2,0.250000
components/PurchasedItem.tsx,public/uploads/products/1770568049552-iaxo6p.png,2,0.250000
components/PurchasedItem.tsx,public/uploads/products/1770568136999-6e6oex.png,2,0.250000
components/PurchasedItem.tsx,public/uploads/products/1770569587171-irbt9f.png,2,0.250000
components/PurchasedItem.tsx,public/uploads/products/1770569599752-tgua06.png,2,0.250000
components/SaleProducts.tsx,package.json,6,0.260870
components/SaleProducts.tsx,public/uploads/products/1770568049552-iaxo6p.png,2,0.142857
components/SaleProducts.tsx,public/uploads/products/1770568136999-6e6oex.png,2,0.142857
components/SaleProducts.tsx,public/uploads/products/1770569587171-irbt9f.png,2,0.142857
components/SaleProducts.tsx,public/uploads/products/1770569599752-tgua06.png,2,0.142857
package.json,public/uploads/products/1770568049552-iaxo6p.png,2,0.133333
package.json,public/uploads/products/1770568136999-6e6oex.png,2,0.133333
package.json,public/uploads/products/1770569587171-irbt9f.png,2,0.133333
package.json,public/uploads/products/1770569599752-tgua06.png,2,0.133333
public/uploads/products/1770568049552-iaxo6p.png,public/uploads/products/1770568136999-6e6oex.png,2,1.000000
public/uploads/products/1770568049552-iaxo6p.png,public/uploads/products/1770569587171-irbt9f.png,2,1.000000
public/uploads/products/1770568049552-iaxo6p.png,public/uploads/products/1770569599752-tgua06.png,2,1.000000
public/uploads/products/1770568136999-6e6oex.png,public/uploads/products/1770569587171-irbt9f.png,2,1.000000
public/uploads/products/1770568136999-6e6oex.png,public/uploads/products/1770569599752-tgua06.png,2,1.000000
public/uploads/products/1770569587171-irbt9f.png,public/uploads/products/1770569599752-tgua06.png,2,1.000000
app/admin/currency-settings/page.tsx,app/admin/footer-links/page.tsx,2,0.400000
app/admin/currency-settings/page.tsx,app/admin/nav-items/page.tsx,2,0.666667
app/admin/currency-settings/page.tsx,app/admin/news/page.tsx,2,0.142857
app/admin/currency-settings/page.tsx,app/admin/products/[id]/edit/page.tsx,2,0.222222
app/admin/currency-settings/page.tsx,app/admin/products/new/page.tsx,2,0.250000
app/admin/currency-settings/page.tsx,app/admin/promo-codes/page.tsx,2,0.400000
app/admin/currency-settings/page.tsx,app/admin/users/AdminUsersClient.tsx,2,0.285714
app/admin/currency-settings/page.tsx,app/admin/users/page.tsx,2,0.666667
app/admin/currency-settings/page.tsx,app/api/admin/currency-settings/route.ts,2,0.400000
app/admin/currency-settings/page.tsx,app/api/admin/footer-links/[id]/route.ts,2,0.500000
app/admin/currency-settings/page.tsx,app/api/admin/footer-links/route.ts,2,0.500000
app/admin/currency-settings/page.tsx,app/api/admin/footer-links/settings/route.ts,2,0.666667
app/admin/currency-settings/page.tsx,app/api/admin/nav-items/[id]/route.ts,2,0.666667
app/admin/currency-settings/page.tsx,app/api/admin/nav-items/route.ts,2,0.500000
app/admin/currency-settings/page.tsx,app/api/admin/promo-codes/[id]/route.ts,2,0.666667
app/admin/currency-settings/page.tsx,app/api/admin/promo-codes/route.ts,2,0.500000
app/admin/currency-settings/page.tsx,app/api/admin/users/[id]/route.ts,2,0.285714
app/admin/currency-settings/page.tsx,app/api/cart/checkout/route.ts,2,0.285714
app/admin/currency-settings/page.tsx,app/api/footer-widget/route.ts,2,1.000000
app/admin/currency-settings/page.tsx,app/api/nav-items/route.ts,2,1.000000
app/admin/currency-settings/page.tsx,app/api/products/[id]/route.ts,2,0.200000
app/admin/currency-settings/page.tsx,app/api/products/route.ts,2,0.181818
app/admin/currency-settings/page.tsx,app/globals.css,2,0.153846
app/admin/currency-settings/page.tsx,app/layout.tsx,2,0.153846
app/admin/currency-settings/page.tsx,app/product/[id]/page.tsx,2,0.333333
app/admin/currency-settings/page.tsx,components/FeaturedProducts.tsx,2,0.133333
app/admin/currency-settings/page.tsx,components/FloatingChatButton.tsx,2,0.400000
app/admin/currency-settings/page.tsx,components/Footer.tsx,2,0.500000
app/admin/currency-settings/page.tsx,components/HeroBannerClient.tsx,2,0.181818
app/admin/currency-settings/page.tsx,components/Navbar.tsx,2,0.111111
app/admin/currency-settings/page.tsx,components/NavbarCartButton.tsx,2,1.000000
app/admin/currency-settings/page.tsx,components/NewsSection.tsx,2,0.250000
app/admin/currency-settings/page.tsx,components/ProductCard.tsx,2,0.250000
app/admin/currency-settings/page.tsx,components/ProductGallery.tsx,2,0.500000
app/admin/currency-settings/page.tsx,components/PurchasedItem.tsx,2,0.250000
app/admin/currency-settings/page.tsx,components/SaleProducts.tsx,2,0.142857
app/admin/currency-settings/page.tsx,components/admin/AdminSidebar.tsx,2,0.200000
app/admin/currency-settings/page.tsx,components/admin/ProductTable.tsx,2,0.250000
app/admin/currency-settings/page.tsx,components/cart/AddToCartButton.tsx,2,0.666667
app/admin/currency-settings/page.tsx,components/cart/AddToCartButtonDetail.tsx,2,1.000000
app/admin/currency-settings/page.tsx,components/cart/CartIcon.tsx,2,1.000000
app/admin/currency-settings/page.tsx,components/cart/CartItem.tsx,2,0.666667
app/admin/currency-settings/page.tsx,components/cart/CartSheet.tsx,2,0.500000
app/admin/currency-settings/page.tsx,components/providers/CartContext.tsx,2,0.666667
app/admin/currency-settings/page.tsx,lib/encryption.ts,2,1.000000
app/admin/currency-settings/page.tsx,prisma/schema.prisma,2,0.250000
app/admin/footer-links/page.tsx,app/admin/nav-items/page.tsx,2,0.333333
app/admin/footer-links/page.tsx,app/admin/users/page.tsx,2,0.333333
app/admin/footer-links/page.tsx,app/api/admin/currency-settings/route.ts,2,0.250000
app/admin/footer-links/page.tsx,app/api/admin/footer-links/route.ts,2,0.285714
app/admin/footer-links/page.tsx,app/api/admin/footer-links/settings/route.ts,2,0.333333
app/admin/footer-links/page.tsx,app/api/admin/nav-items/[id]/route.ts,2,0.333333
app/admin/footer-links/page.tsx,app/api/admin/nav-items/route.ts,2,0.285714
app/admin/footer-links/page.tsx,app/api/admin/promo-codes/[id]/route.ts,2,0.333333
app/admin/footer-links/page.tsx,app/api/admin/promo-codes/route.ts,2,0.285714
app/admin/footer-links/page.tsx,app/api/admin/users/[id]/route.ts,2,0.200000
app/admin/footer-links/page.tsx,app/api/cart/checkout/route.ts,2,0.200000
app/admin/footer-links/page.tsx,app/api/footer-widget/route.ts,2,0.400000
app/admin/footer-links/page.tsx,app/api/nav-items/route.ts,2,0.400000
app/admin/footer-links/page.tsx,components/Footer.tsx,2,0.285714
app/admin/footer-links/page.tsx,components/NavbarCartButton.tsx,2,0.400000
app/admin/footer-links/page.tsx,components/NewsSection.tsx,2,0.181818
app/admin/footer-links/page.tsx,components/ProductGallery.tsx,2,0.285714
app/admin/footer-links/page.tsx,components/cart/AddToCartButtonDetail.tsx,2,0.400000
app/admin/footer-links/page.tsx,components/cart/CartIcon.tsx,2,0.400000
app/admin/footer-links/page.tsx,components/cart/CartItem.tsx,2,0.333333
app/admin/footer-links/page.tsx,components/cart/CartSheet.tsx,2,0.285714
app/admin/footer-links/page.tsx,components/providers/CartContext.tsx,2,0.333333
app/admin/footer-links/page.tsx,lib/encryption.ts,2,0.400000
app/admin/footer-links/page.tsx,prisma/schema.prisma,2,0.181818
app/admin/nav-items/page.tsx,app/admin/news/page.tsx,2,0.133333
app/admin/nav-items/page.tsx,app/admin/products/[id]/edit/page.tsx,2,0.200000
app/admin/nav-items/page.tsx,app/admin/products/new/page.tsx,2,0.222222
app/admin/nav-items/page.tsx,app/admin/promo-codes/page.tsx,2,0.333333
app/admin/nav-items/page.tsx,app/admin/users/AdminUsersClient.tsx,2,0.250000
app/admin/nav-items/page.tsx,app/admin/users/page.tsx,2,0.500000
app/admin/nav-items/page.tsx,app/api/admin/currency-settings/route.ts,2,0.333333
app/admin/nav-items/page.tsx,app/api/admin/footer-links/[id]/route.ts,2,0.400000
app/admin/nav-items/page.tsx,app/api/admin/footer-links/route.ts,2,0.400000
app/admin/nav-items/page.tsx,app/api/admin/footer-links/settings/route.ts,2,0.500000
app/admin/nav-items/page.tsx,app/api/admin/nav-items/[id]/route.ts,2,0.500000
app/admin/nav-items/page.tsx,app/api/admin/nav-items/route.ts,2,0.400000
app/admin/nav-items/page.tsx,app/api/admin/promo-codes/[id]/route.ts,2,0.500000
app/admin/nav-items/page.tsx,app/api/admin/promo-codes/route.ts,2,0.400000
app/admin/nav-items/page.tsx,app/api/admin/users/[id]/route.ts,2,0.250000
app/admin/nav-items/page.tsx,app/api/cart/checkout/route.ts,2,0.250000
app/admin/nav-items/page.tsx,app/api/footer-widget/route.ts,2,0.666667
app/admin/nav-items/page.tsx,app/api/nav-items/route.ts,2,0.666667
app/admin/nav-items/page.tsx,app/globals.css,2,0.142857
app/admin/nav-items/page.tsx,app/layout.tsx,2,0.142857
app/admin/nav-items/page.tsx,app/product/[id]/page.tsx,2,0.285714
app/admin/nav-items/page.tsx,components/FeaturedProducts.tsx,2,0.125000
app/admin/nav-items/page.tsx,components/FloatingChatButton.tsx,2,0.333333
app/admin/nav-items/page.tsx,components/Navbar.tsx,2,0.105263
app/admin/nav-items/page.tsx,components/NavbarCartButton.tsx,2,0.666667
app/admin/nav-items/page.tsx,components/NewsSection.tsx,2,0.222222
app/admin/nav-items/page.tsx,components/ProductCard.tsx,2,0.222222
app/admin/nav-items/page.tsx,components/ProductGallery.tsx,2,0.400000
app/admin/nav-items/page.tsx,components/PurchasedItem.tsx,2,0.222222
app/admin/nav-items/page.tsx,components/SaleProducts.tsx,2,0.133333
app/admin/nav-items/page.tsx,components/admin/AdminSidebar.tsx,2,0.181818
app/admin/nav-items/page.tsx,components/admin/ProductTable.tsx,2,0.222222
app/admin/nav-items/page.tsx,components/cart/AddToCartButton.tsx,2,0.500000
app/admin/nav-items/page.tsx,components/cart/AddToCartButtonDetail.tsx,2,0.666667
app/admin/nav-items/page.tsx,components/cart/CartIcon.tsx,2,0.666667
app/admin/nav-items/page.tsx,components/cart/CartItem.tsx,2,0.500000
app/admin/nav-items/page.tsx,components/cart/CartSheet.tsx,2,0.400000
app/admin/nav-items/page.tsx,components/providers/CartContext.tsx,2,0.500000
app/admin/nav-items/page.tsx,lib/encryption.ts,2,0.666667
app/admin/nav-items/page.tsx,prisma/schema.prisma,2,0.222222
app/admin/news/page.tsx,app/admin/users/page.tsx,2,0.133333
app/admin/news/page.tsx,app/api/admin/currency-settings/route.ts,2,0.117647
app/admin/news/page.tsx,app/api/admin/footer-links/route.ts,2,0.125000
app/admin/news/page.tsx,app/api/admin/footer-links/settings/route.ts,2,0.133333
app/admin/news/page.tsx,app/api/admin/nav-items/[id]/route.ts,2,0.133333
app/admin/news/page.tsx,app/api/admin/nav-items/route.ts,2,0.125000
app/admin/news/page.tsx,app/api/admin/promo-codes/route.ts,2,0.125000
app/admin/news/page.tsx,app/api/cart/checkout/route.ts,2,0.105263
app/admin/news/page.tsx,app/api/footer-widget/route.ts,2,0.142857
app/admin/news/page.tsx,app/api/nav-items/route.ts,2,0.142857
app/admin/news/page.tsx,components/Footer.tsx,2,0.125000
app/admin/news/page.tsx,components/NavbarCartButton.tsx,2,0.142857
app/admin/news/page.tsx,components/ProductGallery.tsx,2,0.125000
app/admin/news/page.tsx,components/cart/AddToCartButtonDetail.tsx,2,0.142857
app/admin/news/page.tsx,components/cart/CartIcon.tsx,2,0.142857
app/admin/news/page.tsx,components/cart/CartItem.tsx,2,0.133333
app/admin/news/page.tsx,components/cart/CartSheet.tsx,2,0.125000
app/admin/news/page.tsx,components/providers/CartContext.tsx,2,0.133333
app/admin/news/page.tsx,lib/encryption.ts,2,0.142857
app/admin/products/[id]/edit/page.tsx,app/admin/users/page.tsx,2,0.200000
app/admin/products/[id]/edit/page.tsx,app/api/admin/currency-settings/route.ts,2,0.166667
app/admin/products/[id]/edit/page.tsx,app/api/admin/footer-links/[id]/route.ts,2,0.181818
app/admin/products/[id]/edit/page.tsx,app/api/admin/footer-links/route.ts,2,0.181818
app/admin/products/[id]/edit/page.tsx,app/api/admin/footer-links/settings/route.ts,2,0.200000
app/admin/products/[id]/edit/page.tsx,app/api/admin/nav-items/[id]/route.ts,2,0.200000
app/admin/products/[id]/edit/page.tsx,app/api/admin/nav-items/route.ts,2,0.181818
app/admin/products/[id]/edit/page.tsx,app/api/admin/promo-codes/[id]/route.ts,2,0.200000
app/admin/products/[id]/edit/page.tsx,app/api/admin/promo-codes/route.ts,2,0.181818
app/admin/products/[id]/edit/page.tsx,app/api/cart/checkout/route.ts,2,0.142857
app/admin/products/[id]/edit/page.tsx,app/api/footer-widget/route.ts,2,0.222222
app/admin/products/[id]/edit/page.tsx,app/api/nav-items/route.ts,2,0.222222
app/admin/products/[id]/edit/page.tsx,components/Footer.tsx,2,0.181818
app/admin/products/[id]/edit/page.tsx,components/NavbarCartButton.tsx,2,0.222222
app/admin/products/[id]/edit/page.tsx,components/NewsSection.tsx,2,0.133333
app/admin/products/[id]/edit/page.tsx,components/cart/AddToCartButtonDetail.tsx,2,0.222222
app/admin/products/[id]/edit/page.tsx,components/cart/CartIcon.tsx,2,0.222222
app/admin/products/[id]/edit/page.tsx,components/cart/CartItem.tsx,2,0.200000
app/admin/products/[id]/edit/page.tsx,components/providers/CartContext.tsx,2,0.200000
app/admin/products/[id]/edit/page.tsx,lib/encryption.ts,2,0.222222
app/admin/products/[id]/edit/page.tsx,prisma/schema.prisma,2,0.133333
app/admin/products/new/page.tsx,app/admin/users/page.tsx,2,0.222222
app/admin/products/new/page.tsx,app/api/admin/currency-settings/route.ts,2,0.181818
app/admin/products/new/page.tsx,app/api/admin/footer-links/[id]/route.ts,2,0.200000
app/admin/products/new/page.tsx,app/api/admin/footer-links/route.ts,2,0.200000
app/admin/products/new/page.tsx,app/api/admin/footer-links/settings/route.ts,2,0.222222
app/admin/products/new/page.tsx,app/api/admin/nav-items/[id]/route.ts,2,0.222222
app/admin/products/new/page.tsx,app/api/admin/nav-items/route.ts,2,0.200000
app/admin/products/new/page.tsx,app/api/admin/promo-codes/[id]/route.ts,2,0.222222
app/admin/products/new/page.tsx,app/api/admin/promo-codes/route.ts,2,0.200000
app/admin/products/new/page.tsx,app/api/cart/checkout/route.ts,2,0.153846
app/admin/products/new/page.tsx,app/api/footer-widget/route.ts,2,0.250000
app/admin/products/new/page.tsx,app/api/nav-items/route.ts,2,0.250000
app/admin/products/new/page.tsx,components/Footer.tsx,2,0.200000
app/admin/products/new/page.tsx,components/NavbarCartButton.tsx,2,0.250000
app/admin/products/new/page.tsx,components/NewsSection.tsx,2,0.142857
app/admin/products/new/page.tsx,components/cart/AddToCartButtonDetail.tsx,2,0.250000
app/admin/products/new/page.tsx,components/cart/CartIcon.tsx,2,0.250000
app/admin/products/new/page.tsx,components/cart/CartItem.tsx,2,0.222222
app/admin/products/new/page.tsx,components/providers/CartContext.tsx,2,0.222222
app/admin/products/new/page.tsx,lib/encryption.ts,2,0.250000
app/admin/products/new/page.tsx,prisma/schema.prisma,2,0.142857
app/admin/promo-codes/page.tsx,app/admin/users/page.tsx,2,0.333333
app/admin/promo-codes/page.tsx,app/api/admin/currency-settings/route.ts,2,0.250000
app/admin/promo-codes/page.tsx,app/api/admin/footer-links/[id]/route.ts,2,0.285714
app/admin/promo-codes/page.tsx,app/api/admin/footer-links/route.ts,2,0.285714
app/admin/promo-codes/page.tsx,app/api/admin/footer-links/settings/route.ts,2,0.333333
app/admin/promo-codes/page.tsx,app/api/admin/nav-items/[id]/route.ts,2,0.333333
app/admin/promo-codes/page.tsx,app/api/admin/nav-items/route.ts,2,0.285714
app/admin/promo-codes/page.tsx,app/api/admin/promo-codes/[id]/route.ts,2,0.333333
app/admin/promo-codes/page.tsx,app/api/admin/promo-codes/route.ts,2,0.285714
app/admin/promo-codes/page.tsx,app/api/admin/users/[id]/route.ts,2,0.200000
app/admin/promo-codes/page.tsx,app/api/cart/checkout/route.ts,2,0.200000
app/admin/promo-codes/page.tsx,app/api/footer-widget/route.ts,2,0.400000
app/admin/promo-codes/page.tsx,app/api/nav-items/route.ts,2,0.400000
app/admin/promo-codes/page.tsx,app/api/products/[id]/route.ts,2,0.153846
app/admin/promo-codes/page.tsx,app/api/products/route.ts,2,0.142857
app/admin/promo-codes/page.tsx,components/FloatingChatButton.tsx,2,0.250000
app/admin/promo-codes/page.tsx,components/Footer.tsx,2,0.285714
app/admin/promo-codes/page.tsx,components/NavbarCartButton.tsx,2,0.400000
app/admin/promo-codes/page.tsx,components/NewsSection.tsx,2,0.181818
app/admin/promo-codes/page.tsx,components/ProductGallery.tsx,2,0.285714
app/admin/promo-codes/page.tsx,components/cart/AddToCartButtonDetail.tsx,2,0.400000
app/admin/promo-codes/page.tsx,components/cart/CartIcon.tsx,2,0.400000
app/admin/promo-codes/page.tsx,components/cart/CartItem.tsx,2,0.333333
app/admin/promo-codes/page.tsx,components/cart/CartSheet.tsx,2,0.285714
app/admin/promo-codes/page.tsx,components/providers/CartContext.tsx,2,0.333333
app/admin/promo-codes/page.tsx,lib/encryption.ts,2,0.400000
app/admin/users/AdminUsersClient.tsx,app/api/admin/currency-settings/route.ts,2,0.200000
app/admin/users/AdminUsersClient.tsx,app/api/admin/footer-links/[id]/route.ts,2,0.222222
app/admin/users/AdminUsersClient.tsx,app/api/admin/footer-links/route.ts,2,0.222222
app/admin/users/AdminUsersClient.tsx,app/api/admin/footer-links/settings/route.ts,2,0.250000
app/admin/users/AdminUsersClient.tsx,app/api/admin/nav-items/[id]/route.ts,2,0.250000
app/admin/users/AdminUsersClient.tsx,app/api/admin/nav-items/route.ts,2,0.222222
app/admin/users/AdminUsersClient.tsx,app/api/admin/promo-codes/[id]/route.ts,2,0.250000
app/admin/users/AdminUsersClient.tsx,app/api/admin/promo-codes/route.ts,2,0.222222
app/admin/users/AdminUsersClient.tsx,app/api/cart/checkout/route.ts,2,0.166667
app/admin/users/AdminUsersClient.tsx,app/api/footer-widget/route.ts,2,0.285714
app/admin/users/AdminUsersClient.tsx,app/api/nav-items/route.ts,2,0.285714
app/admin/users/AdminUsersClient.tsx,components/Footer.tsx,2,0.222222
app/admin/users/AdminUsersClient.tsx,components/NavbarCartButton.tsx,2,0.285714
app/admin/users/AdminUsersClient.tsx,components/NewsSection.tsx,2,0.153846
app/admin/users/AdminUsersClient.tsx,components/ProductGallery.tsx,2,0.222222
app/admin/users/AdminUsersClient.tsx,components/cart/AddToCartButtonDetail.tsx,2,0.285714
app/admin/users/AdminUsersClient.tsx,components/cart/CartIcon.tsx,2,0.285714
app/admin/users/AdminUsersClient.tsx,components/cart/CartItem.tsx,2,0.250000
app/admin/users/AdminUsersClient.tsx,components/cart/CartSheet.tsx,2,0.222222
app/admin/users/AdminUsersClient.tsx,components/providers/CartContext.tsx,2,0.250000
app/admin/users/AdminUsersClient.tsx,lib/encryption.ts,2,0.285714
app/admin/users/page.tsx,app/api/admin/currency-settings/route.ts,2,0.333333
app/admin/users/page.tsx,app/api/admin/footer-links/[id]/route.ts,2,0.400000
app/admin/users/page.tsx,app/api/admin/footer-links/route.ts,2,0.400000
app/admin/users/page.tsx,app/api/admin/footer-links/settings/route.ts,2,0.500000
app/admin/users/page.tsx,app/api/admin/nav-items/[id]/route.ts,2,0.500000
app/admin/users/page.tsx,app/api/admin/nav-items/route.ts,2,0.400000
app/admin/users/page.tsx,app/api/admin/promo-codes/[id]/route.ts,2,0.500000
app/admin/users/page.tsx,app/api/admin/promo-codes/route.ts,2,0.400000
app/admin/users/page.tsx,app/api/cart/checkout/route.ts,2,0.250000
app/admin/users/page.tsx,app/api/footer-widget/route.ts,2,0.666667
app/admin/users/page.tsx,app/api/nav-items/route.ts,2,0.666667
app/admin/users/page.tsx,app/api/products/[id]/route.ts,2,0.181818
app/admin/users/page.tsx,app/api/products/route.ts,2,0.166667
app/admin/users/page.tsx,app/globals.css,2,0.142857
app/admin/users/page.tsx,app/layout.tsx,2,0.142857
app/admin/users/page.tsx,app/product/[id]/page.tsx,2,0.285714
app/admin/users/page.tsx,components/FeaturedProducts.tsx,2,0.125000
app/admin/users/page.tsx,components/FloatingChatButton.tsx,2,0.333333
app/admin/users/page.tsx,components/Footer.tsx,2,0.400000
app/admin/users/page.tsx,components/HeroBannerClient.tsx,2,0.166667
app/admin/users/page.tsx,components/Navbar.tsx,2,0.105263
app/admin/users/page.tsx,components/NavbarCartButton.tsx,2,0.666667
app/admin/users/page.tsx,components/NewsSection.tsx,2,0.222222
app/admin/users/page.tsx,components/ProductCard.tsx,2,0.222222
app/admin/users/page.tsx,components/ProductGallery.tsx,2,0.400000
app/admin/users/page.tsx,components/PurchasedItem.tsx,2,0.222222
app/admin/users/page.tsx,components/SaleProducts.tsx,2,0.133333
app/admin/users/page.tsx,components/admin/AdminSidebar.tsx,2,0.181818
app/admin/users/page.tsx,components/admin/ProductTable.tsx,2,0.222222
app/admin/users/page.tsx,components/cart/AddToCartButton.tsx,2,0.500000
app/admin/users/page.tsx,components/cart/AddToCartButtonDetail.tsx,2,0.666667
app/admin/users/page.tsx,components/cart/CartIcon.tsx,2,0.666667
app/admin/users/page.tsx,components/cart/CartItem.tsx,2,0.500000
app/admin/users/page.tsx,components/cart/CartSheet.tsx,2,0.400000
app/admin/users/page.tsx,components/providers/CartContext.tsx,2,0.500000
app/admin/users/page.tsx,lib/encryption.ts,2,0.666667
app/admin/users/page.tsx,prisma/schema.prisma,2,0.222222
app/api/admin/currency-settings/route.ts,app/api/admin/promo-codes/[id]/route.ts,2,0.333333
app/api/admin/currency-settings/route.ts,app/api/footer-widget/route.ts,2,0.400000
app/api/admin/currency-settings/route.ts,app/api/nav-items/route.ts,2,0.400000
app/api/admin/currency-settings/route.ts,app/globals.css,2,0.125000
app/api/admin/currency-settings/route.ts,app/layout.tsx,2,0.125000
app/api/admin/currency-settings/route.ts,app/product/[id]/page.tsx,2,0.222222
app/api/admin/currency-settings/route.ts,components/FeaturedProducts.tsx,2,0.111111
app/api/admin/currency-settings/route.ts,components/FloatingChatButton.tsx,2,0.250000
app/api/admin/currency-settings/route.ts,components/Footer.tsx,2,0.285714
app/api/admin/currency-settings/route.ts,components/HeroBannerClient.tsx,2,0.142857
app/api/admin/currency-settings/route.ts,components/Navbar.tsx,2,0.095238
app/api/admin/currency-settings/route.ts,components/NavbarCartButton.tsx,2,0.400000
app/api/admin/currency-settings/route.ts,components/NewsSection.tsx,2,0.181818
app/api/admin/currency-settings/route.ts,components/ProductCard.tsx,2,0.181818
app/api/admin/currency-settings/route.ts,components/ProductGallery.tsx,2,0.285714
app/api/admin/currency-settings/route.ts,components/PurchasedItem.tsx,2,0.181818
app/api/admin/currency-settings/route.ts,components/SaleProducts.tsx,2,0.117647
app/api/admin/currency-settings/route.ts,components/admin/AdminSidebar.tsx,2,0.153846
app/api/admin/currency-settings/route.ts,components/admin/ProductTable.tsx,2,0.181818
app/api/admin/currency-settings/route.ts,components/cart/AddToCartButton.tsx,2,0.333333
app/api/admin/currency-settings/route.ts,components/cart/AddToCartButtonDetail.tsx,2,0.400000
app/api/admin/currency-settings/route.ts,components/cart/CartIcon.tsx,2,0.400000
app/api/admin/currency-settings/route.ts,components/cart/CartItem.tsx,2,0.333333
app/api/admin/currency-settings/route.ts,components/cart/CartSheet.tsx,2,0.285714
app/api/admin/currency-settings/route.ts,components/providers/CartContext.tsx,2,0.333333
app/api/admin/currency-settings/route.ts,lib/encryption.ts,2,0.400000
app/api/admin/currency-settings/route.ts,prisma/schema.prisma,2,0.181818
app/api/admin/footer-links/[id]/route.ts,app/api/admin/footer-links/settings/route.ts,2,0.400000
app/api/admin/footer-links/[id]/route.ts,app/api/admin/promo-codes/[id]/route.ts,2,0.400000
app/api/admin/footer-links/[id]/route.ts,app/api/cart/checkout/route.ts,2,0.222222
app/api/admin/footer-links/[id]/route.ts,app/api/footer-widget/route.ts,2,0.500000
app/api/admin/footer-links/[id]/route.ts,app/api/nav-items/route.ts,2,0.500000
app/api/admin/footer-links/[id]/route.ts,app/api/products/[id]/route.ts,2,0.166667
app/api/admin/footer-links/[id]/route.ts,app/api/products/route.ts,2,0.153846
app/api/admin/footer-links/[id]/route.ts,app/globals.css,2,0.133333
app/api/admin/footer-links/[id]/route.ts,app/layout.tsx,2,0.133333
app/api/admin/footer-links/[id]/route.ts,app/product/[id]/page.tsx,2,0.250000
app/api/admin/footer-links/[id]/route.ts,components/FeaturedProducts.tsx,2,0.117647
app/api/admin/footer-links/[id]/route.ts,components/FloatingChatButton.tsx,2,0.285714
app/api/admin/footer-links/[id]/route.ts,components/Footer.tsx,2,0.333333
app/api/admin/footer-links/[id]/route.ts,components/HeroBannerClient.tsx,2,0.153846
app/api/admin/footer-links/[id]/route.ts,components/Navbar.tsx,2,0.100000
app/api/admin/footer-links/[id]/route.ts,components/NavbarCartButton.tsx,2,0.500000
app/api/admin/footer-links/[id]/route.ts,components/NewsSection.tsx,2,0.200000
app/api/admin/footer-links/[id]/route.ts,components/ProductCard.tsx,2,0.200000
app/api/admin/footer-links/[id]/route.ts,components/ProductGallery.tsx,2,0.333333
app/api/admin/footer-links/[id]/route.ts,components/PurchasedItem.tsx,2,0.200000
app/api/admin/footer-links/[id]/route.ts,components/SaleProducts.tsx,2,0.125000
app/api/admin/footer-links/[id]/route.ts,components/admin/AdminSidebar.tsx,2,0.166667
app/api/admin/footer-links/[id]/route.ts,components/admin/ProductTable.tsx,2,0.200000
app/api/admin/footer-links/[id]/route.ts,components/cart/AddToCartButton.tsx,2,0.400000
app/api/admin/footer-links/[id]/route.ts,components/cart/AddToCartButtonDetail.tsx,2,0.500000
app/api/admin/footer-links/[id]/route.ts,components/cart/CartIcon.tsx,2,0.500000
app/api/admin/footer-links/[id]/route.ts,components/cart/CartItem.tsx,2,0.400000
app/api/admin/footer-links/[id]/route.ts,components/cart/CartSheet.tsx,2,0.333333
app/api/admin/footer-links/[id]/route.ts,components/providers/CartContext.tsx,2,0.400000
app/api/admin/footer-links/[id]/route.ts,lib/encryption.ts,2,0.500000
app/api/admin/footer-links/[id]/route.ts,prisma/schema.prisma,2,0.200000
app/api/admin/footer-links/route.ts,app/api/admin/promo-codes/[id]/route.ts,2,0.400000
app/api/admin/footer-links/route.ts,app/api/cart/checkout/route.ts,2,0.222222
app/api/admin/footer-links/route.ts,app/api/footer-widget/route.ts,2,0.500000
app/api/admin/footer-links/route.ts,app/api/nav-items/route.ts,2,0.500000
app/api/admin/footer-links/route.ts,app/api/products/[id]/route.ts,2,0.166667
app/api/admin/footer-links/route.ts,app/globals.css,2,0.133333
app/api/admin/footer-links/route.ts,app/layout.tsx,2,0.133333
app/api/admin/footer-links/route.ts,app/product/[id]/page.tsx,2,0.250000
app/api/admin/footer-links/route.ts,components/FeaturedProducts.tsx,2,0.117647
app/api/admin/footer-links/route.ts,components/FloatingChatButton.tsx,2,0.285714
app/api/admin/footer-links/route.ts,components/Footer.tsx,2,0.333333
app/api/admin/footer-links/route.ts,components/HeroBannerClient.tsx,2,0.153846
app/api/admin/footer-links/route.ts,components/Navbar.tsx,2,0.100000
app/api/admin/footer-links/route.ts,components/NavbarCartButton.tsx,2,0.500000
app/api/admin/footer-links/route.ts,components/NewsSection.tsx,2,0.200000
app/api/admin/footer-links/route.ts,components/ProductCard.tsx,2,0.200000
app/api/admin/footer-links/route.ts,components/ProductGallery.tsx,2,0.333333
app/api/admin/footer-links/route.ts,components/PurchasedItem.tsx,2,0.200000
app/api/admin/footer-links/route.ts,components/SaleProducts.tsx,2,0.125000
app/api/admin/footer-links/route.ts,components/admin/AdminSidebar.tsx,2,0.166667
app/api/admin/footer-links/route.ts,components/admin/ProductTable.tsx,2,0.200000
app/api/admin/footer-links/route.ts,components/cart/AddToCartButton.tsx,2,0.400000
app/api/admin/footer-links/route.ts,components/cart/AddToCartButtonDetail.tsx,2,0.500000
app/api/admin/footer-links/route.ts,components/cart/CartIcon.tsx,2,0.500000
app/api/admin/footer-links/route.ts,components/cart/CartItem.tsx,2,0.400000
app/api/admin/footer-links/route.ts,components/cart/CartSheet.tsx,2,0.333333
app/api/admin/footer-links/route.ts,components/providers/CartContext.tsx,2,0.400000
app/api/admin/footer-links/route.ts,lib/encryption.ts,2,0.500000
app/api/admin/footer-links/route.ts,prisma/schema.prisma,2,0.200000
app/api/admin/footer-links/settings/route.ts,app/api/admin/nav-items/[id]/route.ts,2,0.500000
app/api/admin/footer-links/settings/route.ts,app/api/admin/promo-codes/[id]/route.ts,2,0.500000
app/api/admin/footer-links/settings/route.ts,app/api/admin/users/[id]/route.ts,2,0.250000
app/api/admin/footer-links/settings/route.ts,app/api/cart/checkout/route.ts,2,0.250000
app/api/admin/footer-links/settings/route.ts,app/api/footer-widget/route.ts,2,0.666667
app/api/admin/footer-links/settings/route.ts,app/api/nav-items/route.ts,2,0.666667
app/api/admin/footer-links/settings/route.ts,app/api/products/[id]/route.ts,2,0.181818
app/api/admin/footer-links/settings/route.ts,app/globals.css,2,0.142857
app/api/admin/footer-links/settings/route.ts,app/layout.tsx,2,0.142857
app/api/admin/footer-links/settings/route.ts,app/product/[id]/page.tsx,2,0.285714
app/api/admin/footer-links/settings/route.ts,components/FeaturedProducts.tsx,2,0.125000
app/api/admin/footer-links/settings/route.ts,components/FloatingChatButton.tsx,2,0.333333
app/api/admin/footer-links/settings/route.ts,components/Footer.tsx,2,0.400000
app/api/admin/footer-links/settings/route.ts,components/HeroBannerClient.tsx,2,0.166667
app/api/admin/footer-links/settings/route.ts,components/Navbar.tsx,2,0.105263
app/api/admin/footer-links/settings/route.ts,components/NavbarCartButton.tsx,2,0.666667
app/api/admin/footer-links/settings/route.ts,components/NewsSection.tsx,2,0.222222
app/api/admin/footer-links/settings/route.ts,components/ProductCard.tsx,2,0.222222
app/api/admin/footer-links/settings/route.ts,components/ProductGallery.tsx,2,0.400000
app/api/admin/footer-links/settings/route.ts,components/PurchasedItem.tsx,2,0.222222
app/api/admin/footer-links/settings/route.ts,components/SaleProducts.tsx,2,0.133333
app/api/admin/footer-links/settings/route.ts,components/admin/AdminSidebar.tsx,2,0.181818
app/api/admin/footer-links/settings/route.ts,components/admin/ProductTable.tsx,2,0.222222
app/api/admin/footer-links/settings/route.ts,components/cart/AddToCartButton.tsx,2,0.500000
app/api/admin/footer-links/settings/route.ts,components/cart/AddToCartButtonDetail.tsx,2,0.666667
app/api/admin/footer-links/settings/route.ts,components/cart/CartIcon.tsx,2,0.666667
app/api/admin/footer-links/settings/route.ts,components/cart/CartItem.tsx,2,0.500000
app/api/admin/footer-links/settings/route.ts,components/cart/CartSheet.tsx,2,0.400000
app/api/admin/footer-links/settings/route.ts,components/providers/CartContext.tsx,2,0.500000
app/api/admin/footer-links/settings/route.ts,lib/encryption.ts,2,0.666667
app/api/admin/footer-links/settings/route.ts,prisma/schema.prisma,2,0.222222
app/api/admin/nav-items/[id]/route.ts,app/api/admin/promo-codes/[id]/route.ts,2,0.500000
app/api/admin/nav-items/[id]/route.ts,app/api/cart/checkout/route.ts,2,0.250000
app/api/admin/nav-items/[id]/route.ts,app/api/footer-widget/route.ts,2,0.666667
app/api/admin/nav-items/[id]/route.ts,app/api/nav-items/route.ts,2,0.666667
app/api/admin/nav-items/[id]/route.ts,app/api/products/[id]/route.ts,2,0.181818
app/api/admin/nav-items/[id]/route.ts,app/api/products/route.ts,2,0.166667
app/api/admin/nav-items/[id]/route.ts,app/globals.css,2,0.142857
app/api/admin/nav-items/[id]/route.ts,app/layout.tsx,2,0.142857
app/api/admin/nav-items/[id]/route.ts,app/product/[id]/page.tsx,2,0.285714
app/api/admin/nav-items/[id]/route.ts,components/FeaturedProducts.tsx,2,0.125000
app/api/admin/nav-items/[id]/route.ts,components/FloatingChatButton.tsx,2,0.333333
app/api/admin/nav-items/[id]/route.ts,components/Footer.tsx,2,0.400000
app/api/admin/nav-items/[id]/route.ts,components/HeroBannerClient.tsx,2,0.166667
app/api/admin/nav-items/[id]/route.ts,components/Navbar.tsx,2,0.105263
app/api/admin/nav-items/[id]/route.ts,components/NavbarCartButton.tsx,2,0.666667
app/api/admin/nav-items/[id]/route.ts,components/NewsSection.tsx,2,0.222222
app/api/admin/nav-items/[id]/route.ts,components/ProductCard.tsx,2,0.222222
app/api/admin/nav-items/[id]/route.ts,components/ProductGallery.tsx,2,0.400000
app/api/admin/nav-items/[id]/route.ts,components/PurchasedItem.tsx,2,0.222222
app/api/admin/nav-items/[id]/route.ts,components/SaleProducts.tsx,2,0.133333
app/api/admin/nav-items/[id]/route.ts,components/admin/AdminSidebar.tsx,2,0.181818
app/api/admin/nav-items/[id]/route.ts,components/admin/ProductTable.tsx,2,0.222222
app/api/admin/nav-items/[id]/route.ts,components/cart/AddToCartButton.tsx,2,0.500000
app/api/admin/nav-items/[id]/route.ts,components/cart/AddToCartButtonDetail.tsx,2,0.666667
app/api/admin/nav-items/[id]/route.ts,components/cart/CartIcon.tsx,2,0.666667
app/api/admin/nav-items/[id]/route.ts,components/cart/CartItem.tsx,2,0.500000
app/api/admin/nav-items/[id]/route.ts,components/cart/CartSheet.tsx,2,0.400000
app/api/admin/nav-items/[id]/route.ts,components/providers/CartContext.tsx,2,0.500000
app/api/admin/nav-items/[id]/route.ts,lib/encryption.ts,2,0.666667
app/api/admin/nav-items/[id]/route.ts,prisma/schema.prisma,2,0.222222
app/api/admin/nav-items/route.ts,app/api/admin/promo-codes/[id]/route.ts,2,0.400000
app/api/admin/nav-items/route.ts,app/api/cart/checkout/route.ts,2,0.222222
app/api/admin/nav-items/route.ts,app/api/footer-widget/route.ts,2,0.500000
app/api/admin/nav-items/route.ts,app/api/nav-items/route.ts,2,0.500000
app/api/admin/nav-items/route.ts,app/api/products/[id]/route.ts,2,0.166667
app/api/admin/nav-items/route.ts,app/globals.css,2,0.133333
app/api/admin/nav-items/route.ts,app/layout.tsx,2,0.133333
app/api/admin/nav-items/route.ts,app/product/[id]/page.tsx,2,0.250000
app/api/admin/nav-items/route.ts,components/FeaturedProducts.tsx,2,0.117647
app/api/admin/nav-items/route.ts,components/FloatingChatButton.tsx,2,0.285714
app/api/admin/nav-items/route.ts,components/Footer.tsx,2,0.333333
app/api/admin/nav-items/route.ts,components/HeroBannerClient.tsx,2,0.153846
app/api/admin/nav-items/route.ts,components/Navbar.tsx,2,0.100000
app/api/admin/nav-items/route.ts,components/NavbarCartButton.tsx,2,0.500000
app/api/admin/nav-items/route.ts,components/NewsSection.tsx,2,0.200000
app/api/admin/nav-items/route.ts,components/ProductCard.tsx,2,0.200000
app/api/admin/nav-items/route.ts,components/ProductGallery.tsx,2,0.333333
app/api/admin/nav-items/route.ts,components/PurchasedItem.tsx,2,0.200000
app/api/admin/nav-items/route.ts,components/SaleProducts.tsx,2,0.125000
app/api/admin/nav-items/route.ts,components/admin/AdminSidebar.tsx,2,0.166667
app/api/admin/nav-items/route.ts,components/admin/ProductTable.tsx,2,0.200000
app/api/admin/nav-items/route.ts,components/cart/AddToCartButton.tsx,2,0.400000
app/api/admin/nav-items/route.ts,components/cart/AddToCartButtonDetail.tsx,2,0.500000
app/api/admin/nav-items/route.ts,components/cart/CartIcon.tsx,2,0.500000
app/api/admin/nav-items/route.ts,components/cart/CartItem.tsx,2,0.400000
app/api/admin/nav-items/route.ts,components/cart/CartSheet.tsx,2,0.333333
app/api/admin/nav-items/route.ts,components/providers/CartContext.tsx,2,0.400000
app/api/admin/nav-items/route.ts,lib/encryption.ts,2,0.500000
app/api/admin/nav-items/route.ts,prisma/schema.prisma,2,0.200000
app/api/admin/promo-codes/[id]/route.ts,app/api/admin/promo-codes/route.ts,2,0.400000
app/api/admin/promo-codes/[id]/route.ts,app/api/admin/users/[id]/route.ts,2,0.250000
app/api/admin/promo-codes/[id]/route.ts,app/api/cart/checkout/route.ts,2,0.250000
app/api/admin/promo-codes/[id]/route.ts,app/api/footer-widget/route.ts,2,0.666667
app/api/admin/promo-codes/[id]/route.ts,app/api/nav-items/route.ts,2,0.666667
app/api/admin/promo-codes/[id]/route.ts,app/api/products/[id]/route.ts,2,0.181818
app/api/admin/promo-codes/[id]/route.ts,app/api/products/route.ts,2,0.166667
app/api/admin/promo-codes/[id]/route.ts,app/globals.css,2,0.142857
app/api/admin/promo-codes/[id]/route.ts,app/layout.tsx,2,0.142857
app/api/admin/promo-codes/[id]/route.ts,app/product/[id]/page.tsx,2,0.285714
app/api/admin/promo-codes/[id]/route.ts,components/FeaturedProducts.tsx,2,0.125000
app/api/admin/promo-codes/[id]/route.ts,components/FloatingChatButton.tsx,2,0.333333
app/api/admin/promo-codes/[id]/route.ts,components/Footer.tsx,2,0.400000
app/api/admin/promo-codes/[id]/route.ts,components/HeroBannerClient.tsx,2,0.166667
app/api/admin/promo-codes/[id]/route.ts,components/Navbar.tsx,2,0.105263
app/api/admin/promo-codes/[id]/route.ts,components/NavbarCartButton.tsx,2,0.666667
app/api/admin/promo-codes/[id]/route.ts,components/NewsSection.tsx,2,0.222222
app/api/admin/promo-codes/[id]/route.ts,components/ProductCard.tsx,2,0.222222
app/api/admin/promo-codes/[id]/route.ts,components/ProductGallery.tsx,2,0.400000
app/api/admin/promo-codes/[id]/route.ts,components/PurchasedItem.tsx,2,0.222222
app/api/admin/promo-codes/[id]/route.ts,components/SaleProducts.tsx,2,0.133333
app/api/admin/promo-codes/[id]/route.ts,components/admin/AdminSidebar.tsx,2,0.181818
app/api/admin/promo-codes/[id]/route.ts,components/admin/ProductTable.tsx,2,0.222222
app/api/admin/promo-codes/[id]/route.ts,components/cart/AddToCartButton.tsx,2,0.500000
app/api/admin/promo-codes/[id]/route.ts,components/cart/AddToCartButtonDetail.tsx,2,0.666667
app/api/admin/promo-codes/[id]/route.ts,components/cart/CartIcon.tsx,2,0.666667
app/api/admin/promo-codes/[id]/route.ts,components/cart/CartItem.tsx,2,0.500000
app/api/admin/promo-codes/[id]/route.ts,components/cart/CartSheet.tsx,2,0.400000
app/api/admin/promo-codes/[id]/route.ts,components/providers/CartContext.tsx,2,0.500000
app/api/admin/promo-codes/[id]/route.ts,lib/encryption.ts,2,0.666667
app/api/admin/promo-codes/[id]/route.ts,prisma/schema.prisma,2,0.222222
app/api/admin/promo-codes/route.ts,app/api/cart/checkout/route.ts,2,0.222222
app/api/admin/promo-codes/route.ts,app/api/footer-widget/route.ts,2,0.500000
app/api/admin/promo-codes/route.ts,app/api/nav-items/route.ts,2,0.500000
app/api/admin/promo-codes/route.ts,app/api/products/[id]/route.ts,2,0.166667
app/api/admin/promo-codes/route.ts,app/globals.css,2,0.133333
app/api/admin/promo-codes/route.ts,app/layout.tsx,2,0.133333
app/api/admin/promo-codes/route.ts,app/product/[id]/page.tsx,2,0.250000
app/api/admin/promo-codes/route.ts,components/FeaturedProducts.tsx,2,0.117647
app/api/admin/promo-codes/route.ts,components/FloatingChatButton.tsx,2,0.285714
app/api/admin/promo-codes/route.ts,components/Footer.tsx,2,0.333333
app/api/admin/promo-codes/route.ts,components/HeroBannerClient.tsx,2,0.153846
app/api/admin/promo-codes/route.ts,components/Navbar.tsx,2,0.100000
app/api/admin/promo-codes/route.ts,components/NavbarCartButton.tsx,2,0.500000
app/api/admin/promo-codes/route.ts,components/NewsSection.tsx,2,0.200000
app/api/admin/promo-codes/route.ts,components/ProductCard.tsx,2,0.200000
app/api/admin/promo-codes/route.ts,components/ProductGallery.tsx,2,0.333333
app/api/admin/promo-codes/route.ts,components/PurchasedItem.tsx,2,0.200000
app/api/admin/promo-codes/route.ts,components/SaleProducts.tsx,2,0.125000
app/api/admin/promo-codes/route.ts,components/admin/AdminSidebar.tsx,2,0.166667
app/api/admin/promo-codes/route.ts,components/admin/ProductTable.tsx,2,0.200000
app/api/admin/promo-codes/route.ts,components/cart/AddToCartButton.tsx,2,0.400000
app/api/admin/promo-codes/route.ts,components/cart/AddToCartButtonDetail.tsx,2,0.500000
app/api/admin/promo-codes/route.ts,components/cart/CartIcon.tsx,2,0.500000
app/api/admin/promo-codes/route.ts,components/cart/CartItem.tsx,2,0.400000
app/api/admin/promo-codes/route.ts,components/cart/CartSheet.tsx,2,0.333333
app/api/admin/promo-codes/route.ts,components/providers/CartContext.tsx,2,0.400000
app/api/admin/promo-codes/route.ts,lib/encryption.ts,2,0.500000
app/api/admin/promo-codes/route.ts,prisma/schema.prisma,2,0.200000
app/api/admin/users/[id]/route.ts,app/api/footer-widget/route.ts,2,0.285714
app/api/admin/users/[id]/route.ts,app/api/nav-items/route.ts,2,0.285714
app/api/admin/users/[id]/route.ts,app/globals.css,2,0.111111
app/api/admin/users/[id]/route.ts,app/layout.tsx,2,0.111111
app/api/admin/users/[id]/route.ts,app/product/[id]/page.tsx,2,0.181818
app/api/admin/users/[id]/route.ts,components/FloatingChatButton.tsx,2,0.200000
app/api/admin/users/[id]/route.ts,components/Footer.tsx,2,0.222222
app/api/admin/users/[id]/route.ts,components/HeroBannerClient.tsx,2,0.125000
app/api/admin/users/[id]/route.ts,components/Navbar.tsx,2,0.086957
app/api/admin/users/[id]/route.ts,components/NavbarCartButton.tsx,2,0.285714
app/api/admin/users/[id]/route.ts,components/NewsSection.tsx,2,0.153846
app/api/admin/users/[id]/route.ts,components/ProductGallery.tsx,2,0.222222
app/api/admin/users/[id]/route.ts,components/admin/AdminSidebar.tsx,2,0.133333
app/api/admin/users/[id]/route.ts,components/admin/ProductTable.tsx,2,0.153846
app/api/admin/users/[id]/route.ts,components/cart/AddToCartButton.tsx,2,0.250000
app/api/admin/users/[id]/route.ts,components/cart/AddToCartButtonDetail.tsx,2,0.285714
app/api/admin/users/[id]/route.ts,components/cart/CartIcon.tsx,2,0.285714
app/api/admin/users/[id]/route.ts,components/cart/CartItem.tsx,2,0.250000
app/api/admin/users/[id]/route.ts,components/cart/CartSheet.tsx,2,0.222222
app/api/admin/users/[id]/route.ts,components/providers/CartContext.tsx,2,0.250000
app/api/admin/users/[id]/route.ts,lib/encryption.ts,2,0.285714
app/api/admin/users/[id]/route.ts,prisma/schema.prisma,2,0.153846
app/api/cart/checkout/route.ts,app/api/footer-widget/route.ts,2,0.285714
app/api/cart/checkout/route.ts,app/api/nav-items/route.ts,2,0.285714
app/api/cart/checkout/route.ts,components/FeaturedProducts.tsx,2,0.100000
app/api/cart/checkout/route.ts,components/FloatingChatButton.tsx,2,0.200000
app/api/cart/checkout/route.ts,components/Footer.tsx,2,0.222222
app/api/cart/checkout/route.ts,components/NavbarCartButton.tsx,2,0.285714
app/api/cart/checkout/route.ts,components/NewsSection.tsx,2,0.153846
app/api/cart/checkout/route.ts,components/ProductCard.tsx,2,0.153846
app/api/cart/checkout/route.ts,components/SaleProducts.tsx,2,0.105263
app/api/cart/checkout/route.ts,components/admin/AdminSidebar.tsx,2,0.133333
app/api/cart/checkout/route.ts,components/admin/ProductTable.tsx,2,0.153846
app/api/cart/checkout/route.ts,components/cart/AddToCartButton.tsx,2,0.250000
app/api/cart/checkout/route.ts,components/cart/AddToCartButtonDetail.tsx,2,0.285714
app/api/cart/checkout/route.ts,components/cart/CartIcon.tsx,2,0.285714
app/api/cart/checkout/route.ts,lib/encryption.ts,2,0.285714
app/api/cart/checkout/route.ts,prisma/schema.prisma,2,0.153846
app/api/footer-widget/route.ts,app/api/nav-items/route.ts,2,1.000000
app/api/footer-widget/route.ts,app/api/products/[id]/route.ts,2,0.200000
app/api/footer-widget/route.ts,app/api/products/route.ts,2,0.181818
app/api/footer-widget/route.ts,app/globals.css,2,0.153846
app/api/footer-widget/route.ts,app/layout.tsx,2,0.153846
app/api/footer-widget/route.ts,app/product/[id]/page.tsx,2,0.333333
app/api/footer-widget/route.ts,components/FeaturedProducts.tsx,2,0.133333
app/api/footer-widget/route.ts,components/FloatingChatButton.tsx,2,0.400000
app/api/footer-widget/route.ts,components/Footer.tsx,2,0.500000
app/api/footer-widget/route.ts,components/HeroBannerClient.tsx,2,0.181818
app/api/footer-widget/route.ts,components/Navbar.tsx,2,0.111111
app/api/footer-widget/route.ts,components/NavbarCartButton.tsx,2,1.000000
app/api/footer-widget/route.ts,components/NewsSection.tsx,2,0.250000
app/api/footer-widget/route.ts,components/ProductCard.tsx,2,0.250000
app/api/footer-widget/route.ts,components/ProductGallery.tsx,2,0.500000
app/api/footer-widget/route.ts,components/PurchasedItem.tsx,2,0.250000
app/api/footer-widget/route.ts,components/SaleProducts.tsx,2,0.142857
app/api/footer-widget/route.ts,components/admin/AdminSidebar.tsx,2,0.200000
app/api/footer-widget/route.ts,components/admin/ProductTable.tsx,2,0.250000
app/api/footer-widget/route.ts,components/cart/AddToCartButton.tsx,2,0.666667
app/api/footer-widget/route.ts,components/cart/AddToCartButtonDetail.tsx,2,1.000000
app/api/footer-widget/route.ts,components/cart/CartIcon.tsx,2,1.000000
app/api/footer-widget/route.ts,components/cart/CartItem.tsx,2,0.666667
app/api/footer-widget/route.ts,components/cart/CartSheet.tsx,2,0.500000
app/api/footer-widget/route.ts,components/providers/CartContext.tsx,2,0.666667
app/api/footer-widget/route.ts,lib/encryption.ts,2,1.000000
app/api/footer-widget/route.ts,prisma/schema.prisma,2,0.250000
app/api/nav-items/route.ts,app/api/products/[id]/route.ts,2,0.200000
app/api/nav-items/route.ts,app/api/products/route.ts,2,0.181818
app/api/nav-items/route.ts,app/globals.css,2,0.153846
app/api/nav-items/route.ts,app/layout.tsx,2,0.153846
app/api/nav-items/route.ts,app/product/[id]/page.tsx,2,0.333333
app/api/nav-items/route.ts,components/FeaturedProducts.tsx,2,0.133333
app/api/nav-items/route.ts,components/FloatingChatButton.tsx,2,0.400000
app/api/nav-items/route.ts,components/Footer.tsx,2,0.500000
app/api/nav-items/route.ts,components/HeroBannerClient.tsx,2,0.181818
app/api/nav-items/route.ts,components/Navbar.tsx,2,0.111111
app/api/nav-items/route.ts,components/NavbarCartButton.tsx,2,1.000000
app/api/nav-items/route.ts,components/NewsSection.tsx,2,0.250000
app/api/nav-items/route.ts,components/ProductCard.tsx,2,0.250000
app/api/nav-items/route.ts,components/ProductGallery.tsx,2,0.500000
app/api/nav-items/route.ts,components/PurchasedItem.tsx,2,0.250000
app/api/nav-items/route.ts,components/SaleProducts.tsx,2,0.142857
app/api/nav-items/route.ts,components/admin/AdminSidebar.tsx,2,0.200000
app/api/nav-items/route.ts,components/admin/ProductTable.tsx,2,0.250000
app/api/nav-items/route.ts,components/cart/AddToCartButton.tsx,2,0.666667
app/api/nav-items/route.ts,components/cart/AddToCartButtonDetail.tsx,2,1.000000
app/api/nav-items/route.ts,components/cart/CartIcon.tsx,2,1.000000
app/api/nav-items/route.ts,components/cart/CartItem.tsx,2,0.666667
app/api/nav-items/route.ts,components/cart/CartSheet.tsx,2,0.500000
app/api/nav-items/route.ts,components/providers/CartContext.tsx,2,0.666667
app/api/nav-items/route.ts,lib/encryption.ts,2,1.000000
app/api/nav-items/route.ts,prisma/schema.prisma,2,0.250000
app/api/products/[id]/route.ts,app/globals.css,2,0.095238
app/api/products/[id]/route.ts,components/NavbarCartButton.tsx,2,0.200000
app/api/products/[id]/route.ts,components/NewsSection.tsx,2,0.125000
app/api/products/[id]/route.ts,components/cart/AddToCartButton.tsx,2,0.181818
app/api/products/[id]/route.ts,components/cart/AddToCartButtonDetail.tsx,2,0.200000
app/api/products/[id]/route.ts,components/cart/CartIcon.tsx,2,0.200000
app/api/products/[id]/route.ts,components/cart/CartItem.tsx,2,0.181818
app/api/products/[id]/route.ts,components/providers/CartContext.tsx,2,0.181818
app/api/products/[id]/route.ts,lib/encryption.ts,2,0.200000
app/api/products/[id]/route.ts,prisma/schema.prisma,2,0.125000
app/api/products/route.ts,app/globals.css,2,0.090909
app/api/products/route.ts,components/NavbarCartButton.tsx,2,0.181818
app/api/products/route.ts,components/NewsSection.tsx,2,0.117647
app/api/products/route.ts,components/cart/AddToCartButton.tsx,2,0.166667
app/api/products/route.ts,components/cart/AddToCartButtonDetail.tsx,2,0.181818
app/api/products/route.ts,components/cart/CartIcon.tsx,2,0.181818
app/api/products/route.ts,components/cart/CartItem.tsx,2,0.166667
app/api/products/route.ts,components/providers/CartContext.tsx,2,0.166667
app/api/products/route.ts,lib/encryption.ts,2,0.181818
app/api/products/route.ts,prisma/schema.prisma,2,0.117647
app/globals.css,components/FloatingChatButton.tsx,2,0.125000
app/globals.css,components/Footer.tsx,2,0.133333
app/globals.css,components/NavbarCartButton.tsx,2,0.153846
app/globals.css,components/NewsSection.tsx,4,0.235294
app/globals.css,components/cart/AddToCartButtonDetail.tsx,2,0.153846
app/globals.css,components/cart/CartIcon.tsx,2,0.153846
app/globals.css,components/cart/CartItem.tsx,2,0.142857
app/globals.css,components/cart/CartSheet.tsx,2,0.133333
app/globals.css,components/providers/CartContext.tsx,2,0.142857
app/globals.css,lib/encryption.ts,2,0.153846
app/layout.tsx,components/NavbarCartButton.tsx,2,0.153846
app/layout.tsx,components/cart/AddToCartButtonDetail.tsx,2,0.153846
app/layout.tsx,components/cart/CartIcon.tsx,2,0.153846
app/layout.tsx,components/cart/CartItem.tsx,2,0.142857
app/layout.tsx,components/cart/CartSheet.tsx,2,0.133333
app/layout.tsx,components/providers/CartContext.tsx,2,0.142857
app/layout.tsx,lib/encryption.ts,2,0.153846
app/product/[id]/page.tsx,components/FloatingChatButton.tsx,2,0.222222
app/product/[id]/page.tsx,components/Footer.tsx,2,0.250000
app/product/[id]/page.tsx,components/NavbarCartButton.tsx,2,0.333333
app/product/[id]/page.tsx,components/cart/AddToCartButtonDetail.tsx,2,0.333333
app/product/[id]/page.tsx,components/cart/CartIcon.tsx,2,0.333333
app/product/[id]/page.tsx,components/cart/CartItem.tsx,2,0.285714
app/product/[id]/page.tsx,components/providers/CartContext.tsx,2,0.285714
app/product/[id]/page.tsx,lib/encryption.ts,2,0.333333
app/product/[id]/page.tsx,prisma/schema.prisma,2,0.166667
components/FeaturedProducts.tsx,components/Footer.tsx,2,0.117647
components/FeaturedProducts.tsx,components/NavbarCartButton.tsx,2,0.133333
components/FeaturedProducts.tsx,components/NewsSection.tsx,6,0.352941
components/FeaturedProducts.tsx,components/cart/AddToCartButtonDetail.tsx,2,0.133333
components/FeaturedProducts.tsx,components/cart/CartIcon.tsx,2,0.133333
components/FeaturedProducts.tsx,components/cart/CartItem.tsx,2,0.125000
components/FeaturedProducts.tsx,components/providers/CartContext.tsx,2,0.125000
components/FeaturedProducts.tsx,lib/encryption.ts,2,0.133333
components/FloatingChatButton.tsx,components/NavbarCartButton.tsx,2,0.400000
components/FloatingChatButton.tsx,components/ProductCard.tsx,2,0.181818
components/FloatingChatButton.tsx,components/ProductGallery.tsx,2,0.285714
components/FloatingChatButton.tsx,components/SaleProducts.tsx,2,0.117647
components/FloatingChatButton.tsx,components/cart/AddToCartButton.tsx,2,0.333333
components/FloatingChatButton.tsx,components/cart/AddToCartButtonDetail.tsx,2,0.400000
components/FloatingChatButton.tsx,components/cart/CartIcon.tsx,2,0.400000
components/FloatingChatButton.tsx,components/cart/CartItem.tsx,2,0.333333
components/FloatingChatButton.tsx,components/cart/CartSheet.tsx,2,0.285714
components/FloatingChatButton.tsx,components/providers/CartContext.tsx,2,0.333333
components/FloatingChatButton.tsx,lib/encryption.ts,2,0.400000
components/FloatingChatButton.tsx,prisma/schema.prisma,2,0.181818
components/Footer.tsx,components/NavbarCartButton.tsx,2,0.500000
components/Footer.tsx,components/ProductCard.tsx,2,0.200000
components/Footer.tsx,components/ProductGallery.tsx,2,0.333333
components/Footer.tsx,components/PurchasedItem.tsx,2,0.200000
components/Footer.tsx,components/SaleProducts.tsx,2,0.125000
components/Footer.tsx,components/admin/AdminSidebar.tsx,2,0.166667
components/Footer.tsx,components/admin/ProductTable.tsx,2,0.200000
components/Footer.tsx,components/cart/AddToCartButton.tsx,2,0.400000
components/Footer.tsx,components/cart/AddToCartButtonDetail.tsx,2,0.500000
components/Footer.tsx,components/cart/CartIcon.tsx,2,0.500000
components/Footer.tsx,components/cart/CartItem.tsx,2,0.400000
components/Footer.tsx,components/cart/CartSheet.tsx,2,0.333333
components/Footer.tsx,components/providers/CartContext.tsx,2,0.400000
components/Footer.tsx,lib/encryption.ts,2,0.500000
components/Footer.tsx,prisma/schema.prisma,2,0.200000
components/HeroBannerClient.tsx,components/NavbarCartButton.tsx,2,0.181818
components/HeroBannerClient.tsx,components/ProductGallery.tsx,2,0.153846
components/HeroBannerClient.tsx,components/cart/AddToCartButtonDetail.tsx,2,0.181818
components/HeroBannerClient.tsx,components/cart/CartIcon.tsx,2,0.181818
components/HeroBannerClient.tsx,lib/encryption.ts,2,0.181818
components/HeroBannerClient.tsx,prisma/schema.prisma,4,0.266667
components/Navbar.tsx,components/NavbarCartButton.tsx,2,0.111111
components/Navbar.tsx,components/cart/AddToCartButtonDetail.tsx,2,0.111111
components/Navbar.tsx,components/cart/CartIcon.tsx,2,0.111111
components/Navbar.tsx,components/cart/CartItem.tsx,2,0.105263
components/Navbar.tsx,components/cart/CartSheet.tsx,2,0.100000
components/Navbar.tsx,components/providers/CartContext.tsx,2,0.105263
components/Navbar.tsx,lib/encryption.ts,2,0.111111
components/NavbarCartButton.tsx,components/NewsSection.tsx,2,0.250000
components/NavbarCartButton.tsx,components/ProductCard.tsx,2,0.250000
components/NavbarCartButton.tsx,components/ProductGallery.tsx,2,0.500000
components/NavbarCartButton.tsx,components/PurchasedItem.tsx,2,0.250000
components/NavbarCartButton.tsx,components/SaleProducts.tsx,2,0.142857
components/NavbarCartButton.tsx,components/admin/AdminSidebar.tsx,2,0.200000
components/NavbarCartButton.tsx,components/admin/ProductTable.tsx,2,0.250000
components/NavbarCartButton.tsx,components/cart/AddToCartButton.tsx,2,0.666667
components/NavbarCartButton.tsx,components/cart/AddToCartButtonDetail.tsx,2,1.000000
components/NavbarCartButton.tsx,components/cart/CartIcon.tsx,2,1.000000
components/NavbarCartButton.tsx,components/cart/CartItem.tsx,2,0.666667
components/NavbarCartButton.tsx,components/cart/CartSheet.tsx,2,0.500000
components/NavbarCartButton.tsx,components/providers/CartContext.tsx,2,0.666667
components/NavbarCartButton.tsx,lib/encryption.ts,2,1.000000
components/NavbarCartButton.tsx,prisma/schema.prisma,2,0.250000
components/NewsSection.tsx,components/ProductCard.tsx,2,0.142857
components/NewsSection.tsx,components/ProductGallery.tsx,2,0.200000
components/NewsSection.tsx,components/PurchasedItem.tsx,2,0.142857
components/NewsSection.tsx,components/SaleProducts.tsx,6,0.375000
components/NewsSection.tsx,components/admin/AdminSidebar.tsx,6,0.500000
components/NewsSection.tsx,components/admin/ProductTable.tsx,4,0.333333
components/NewsSection.tsx,components/cart/AddToCartButton.tsx,2,0.222222
components/NewsSection.tsx,components/cart/AddToCartButtonDetail.tsx,2,0.250000
components/NewsSection.tsx,components/cart/CartIcon.tsx,2,0.250000
components/NewsSection.tsx,components/cart/CartItem.tsx,2,0.222222
components/NewsSection.tsx,components/cart/CartSheet.tsx,2,0.200000
components/NewsSection.tsx,components/providers/CartContext.tsx,2,0.222222
components/NewsSection.tsx,lib/encryption.ts,2,0.250000
components/NewsSection.tsx,prisma/schema.prisma,4,0.333333
components/ProductCard.tsx,components/cart/AddToCartButtonDetail.tsx,2,0.250000
components/ProductCard.tsx,components/cart/CartIcon.tsx,2,0.250000
components/ProductCard.tsx,components/cart/CartItem.tsx,2,0.222222
components/ProductCard.tsx,components/providers/CartContext.tsx,2,0.222222
components/ProductCard.tsx,lib/encryption.ts,2,0.250000
components/ProductGallery.tsx,components/PurchasedItem.tsx,2,0.200000
components/ProductGallery.tsx,components/admin/AdminSidebar.tsx,2,0.166667
components/ProductGallery.tsx,components/admin/ProductTable.tsx,2,0.200000
components/ProductGallery.tsx,components/cart/AddToCartButton.tsx,2,0.400000
components/ProductGallery.tsx,components/cart/AddToCartButtonDetail.tsx,2,0.500000
components/ProductGallery.tsx,components/cart/CartIcon.tsx,2,0.500000
components/ProductGallery.tsx,components/cart/CartItem.tsx,2,0.400000
components/ProductGallery.tsx,components/providers/CartContext.tsx,2,0.400000
components/ProductGallery.tsx,lib/encryption.ts,2,0.500000
components/ProductGallery.tsx,prisma/schema.prisma,2,0.200000
components/PurchasedItem.tsx,components/cart/AddToCartButtonDetail.tsx,2,0.250000
components/PurchasedItem.tsx,components/cart/CartIcon.tsx,2,0.250000
components/PurchasedItem.tsx,lib/encryption.ts,2,0.250000
components/PurchasedItem.tsx,prisma/schema.prisma,2,0.142857
components/SaleProducts.tsx,components/cart/AddToCartButtonDetail.tsx,2,0.142857
components/SaleProducts.tsx,components/cart/CartIcon.tsx,2,0.142857
components/SaleProducts.tsx,components/cart/CartItem.tsx,2,0.133333
components/SaleProducts.tsx,components/providers/CartContext.tsx,2,0.133333
components/SaleProducts.tsx,lib/encryption.ts,2,0.142857
components/admin/AdminSidebar.tsx,components/cart/AddToCartButtonDetail.tsx,2,0.200000
components/admin/AdminSidebar.tsx,components/cart/CartIcon.tsx,2,0.200000
components/admin/AdminSidebar.tsx,components/cart/CartItem.tsx,2,0.181818
components/admin/AdminSidebar.tsx,components/cart/CartSheet.tsx,2,0.166667
components/admin/AdminSidebar.tsx,components/providers/CartContext.tsx,2,0.181818
components/admin/AdminSidebar.tsx,lib/encryption.ts,2,0.200000
components/admin/ProductTable.tsx,components/cart/AddToCartButtonDetail.tsx,2,0.250000
components/admin/ProductTable.tsx,components/cart/CartIcon.tsx,2,0.250000
components/admin/ProductTable.tsx,components/cart/CartItem.tsx,2,0.222222
components/admin/ProductTable.tsx,components/cart/CartSheet.tsx,2,0.200000
components/admin/ProductTable.tsx,components/providers/CartContext.tsx,2,0.222222
components/admin/ProductTable.tsx,lib/encryption.ts,2,0.250000
components/admin/ProductTable.tsx,prisma/schema.prisma,4,0.333333
components/cart/AddToCartButton.tsx,components/cart/AddToCartButtonDetail.tsx,2,0.666667
components/cart/AddToCartButton.tsx,components/cart/CartIcon.tsx,2,0.666667
components/cart/AddToCartButton.tsx,components/cart/CartItem.tsx,2,0.500000
components/cart/AddToCartButton.tsx,components/cart/CartSheet.tsx,2,0.400000
components/cart/AddToCartButton.tsx,components/providers/CartContext.tsx,2,0.500000
components/cart/AddToCartButton.tsx,lib/encryption.ts,2,0.666667
components/cart/AddToCartButton.tsx,prisma/schema.prisma,2,0.222222
components/cart/AddToCartButtonDetail.tsx,components/cart/CartIcon.tsx,2,1.000000
components/cart/AddToCartButtonDetail.tsx,components/cart/CartItem.tsx,2,0.666667
components/cart/AddToCartButtonDetail.tsx,components/cart/CartSheet.tsx,2,0.500000
components/cart/AddToCartButtonDetail.tsx,components/providers/CartContext.tsx,2,0.666667
components/cart/AddToCartButtonDetail.tsx,lib/encryption.ts,2,1.000000
components/cart/AddToCartButtonDetail.tsx,prisma/schema.prisma,2,0.250000
components/cart/CartIcon.tsx,components/cart/CartItem.tsx,2,0.666667
components/cart/CartIcon.tsx,components/cart/CartSheet.tsx,2,0.500000
components/cart/CartIcon.tsx,components/providers/CartContext.tsx,2,0.666667
components/cart/CartIcon.tsx,lib/encryption.ts,2,1.000000
components/cart/CartIcon.tsx,prisma/schema.prisma,2,0.250000
components/cart/CartItem.tsx,lib/encryption.ts,2,0.666667
components/cart/CartItem.tsx,prisma/schema.prisma,2,0.222222
components/cart/CartSheet.tsx,lib/encryption.ts,2,0.500000
components/cart/CartSheet.tsx,prisma/schema.prisma,2,0.200000
components/providers/CartContext.tsx,lib/encryption.ts,2,0.666667
components/providers/CartContext.tsx,prisma/schema.prisma,2,0.222222
lib/encryption.ts,prisma/schema.prisma,2,0.250000
app/dashboard/settings/page.tsx,components/FeaturedProducts.tsx,2,0.125000
app/dashboard/settings/page.tsx,components/SaleProducts.tsx,2,0.133333
app/dashboard/settings/page.tsx,lib/validations/profile.ts,2,0.400000
components/SaleProducts.tsx,lib/validations/profile.ts,2,0.125000
.agent/workflows/git-push.md,app/admin/audit-logs/page.tsx,2,0.200000
.agent/workflows/git-push.md,app/api/admin/audit-logs/route.ts,2,0.333333
.agent/workflows/git-push.md,app/api/admin/news/[id]/route.ts,2,0.400000
.agent/workflows/git-push.md,app/api/admin/news/route.ts,2,0.333333
.agent/workflows/git-push.md,app/api/featured-products/route.ts,2,0.400000
.agent/workflows/git-push.md,app/api/news/route.ts,2,0.500000
.agent/workflows/git-push.md,app/api/sale-products/route.ts,2,0.500000
.agent/workflows/git-push.md,app/globals.css,2,0.153846
.agent/workflows/git-push.md,app/page.tsx,2,0.200000
.agent/workflows/git-push.md,components/FeaturedProducts.tsx,2,0.133333
.agent/workflows/git-push.md,components/Navbar.tsx,2,0.111111
.agent/workflows/git-push.md,components/NewsSection.tsx,2,0.250000
.agent/workflows/git-push.md,components/SaleProducts.tsx,2,0.142857
.agent/workflows/git-push.md,components/admin/AdminSidebar.tsx,2,0.200000
.agent/workflows/git-push.md,lib/auditLog.ts,2,0.333333
.agent/workflows/git-push.md,lib/cache.ts,2,0.666667
.agent/workflows/git-push.md,lib/redis.ts,2,1.000000
.agent/workflows/git-push.md,package.json,2,0.133333
app/admin/audit-logs/page.tsx,app/api/admin/news/[id]/route.ts,2,0.153846
app/admin/audit-logs/page.tsx,app/api/admin/news/route.ts,2,0.142857
app/admin/audit-logs/page.tsx,app/api/news/route.ts,2,0.166667
app/admin/audit-logs/page.tsx,app/api/sale-products/route.ts,2,0.166667
app/admin/audit-logs/page.tsx,lib/redis.ts,2,0.200000
app/api/admin/audit-logs/route.ts,app/api/news/route.ts,2,0.250000
app/api/admin/audit-logs/route.ts,app/api/sale-products/route.ts,2,0.250000
app/api/admin/audit-logs/route.ts,app/globals.css,2,0.117647
app/api/admin/audit-logs/route.ts,app/page.tsx,2,0.142857
app/api/admin/audit-logs/route.ts,components/NewsSection.tsx,2,0.166667
app/api/admin/audit-logs/route.ts,components/SaleProducts.tsx,2,0.111111
app/api/admin/audit-logs/route.ts,lib/redis.ts,2,0.333333
app/api/admin/audit-logs/route.ts,package.json,2,0.105263
app/api/admin/news/[id]/route.ts,app/api/featured-products/route.ts,4,0.666667
app/api/admin/news/[id]/route.ts,app/api/news/route.ts,4,0.800000
app/api/admin/news/[id]/route.ts,app/api/sale-products/route.ts,4,0.800000
app/api/admin/news/[id]/route.ts,app/globals.css,2,0.125000
app/api/admin/news/[id]/route.ts,app/page.tsx,4,0.363636
app/api/admin/news/[id]/route.ts,components/FeaturedProducts.tsx,4,0.250000
app/api/admin/news/[id]/route.ts,components/Navbar.tsx,4,0.210526
app/api/admin/news/[id]/route.ts,components/NewsSection.tsx,4,0.444444
app/api/admin/news/[id]/route.ts,components/SaleProducts.tsx,4,0.266667
app/api/admin/news/[id]/route.ts,components/admin/AdminSidebar.tsx,4,0.363636
app/api/admin/news/[id]/route.ts,lib/auditLog.ts,2,0.222222
app/api/admin/news/[id]/route.ts,lib/cache.ts,2,0.333333
app/api/admin/news/[id]/route.ts,lib/redis.ts,2,0.400000
app/api/admin/news/[id]/route.ts,package.json,4,0.250000
app/api/admin/news/route.ts,app/api/featured-products/route.ts,4,0.571429
app/api/admin/news/route.ts,app/api/news/route.ts,4,0.666667
app/api/admin/news/route.ts,app/api/sale-products/route.ts,4,0.666667
app/api/admin/news/route.ts,app/globals.css,2,0.117647
app/api/admin/news/route.ts,app/page.tsx,4,0.333333
app/api/admin/news/route.ts,components/FeaturedProducts.tsx,4,0.235294
app/api/admin/news/route.ts,components/Navbar.tsx,4,0.200000
app/api/admin/news/route.ts,components/NewsSection.tsx,4,0.400000
app/api/admin/news/route.ts,components/SaleProducts.tsx,4,0.250000
app/api/admin/news/route.ts,components/admin/AdminSidebar.tsx,4,0.333333
app/api/admin/news/route.ts,lib/cache.ts,2,0.285714
app/api/admin/news/route.ts,lib/redis.ts,2,0.333333
app/api/featured-products/route.ts,app/api/news/route.ts,4,0.800000
app/api/featured-products/route.ts,app/api/sale-products/route.ts,4,0.800000
app/api/featured-products/route.ts,app/globals.css,2,0.125000
app/api/featured-products/route.ts,app/page.tsx,4,0.363636
app/api/featured-products/route.ts,components/NewsSection.tsx,4,0.444444
app/api/featured-products/route.ts,components/SaleProducts.tsx,4,0.266667
app/api/featured-products/route.ts,lib/redis.ts,2,0.400000
app/api/featured-products/route.ts,package.json,4,0.250000
app/api/news/route.ts,app/api/sale-products/route.ts,4,1.000000
app/api/news/route.ts,app/globals.css,2,0.133333
app/api/news/route.ts,app/page.tsx,4,0.400000
app/api/news/route.ts,components/FeaturedProducts.tsx,4,0.266667
app/api/news/route.ts,components/Navbar.tsx,4,0.222222
app/api/news/route.ts,components/NewsSection.tsx,4,0.500000
app/api/news/route.ts,components/SaleProducts.tsx,4,0.285714
app/api/news/route.ts,components/admin/AdminSidebar.tsx,4,0.400000
app/api/news/route.ts,lib/auditLog.ts,2,0.250000
app/api/news/route.ts,lib/cache.ts,2,0.400000
app/api/news/route.ts,lib/redis.ts,2,0.500000
app/api/news/route.ts,package.json,4,0.266667
app/api/sale-products/route.ts,app/globals.css,2,0.133333
app/api/sale-products/route.ts,app/page.tsx,4,0.400000
app/api/sale-products/route.ts,components/FeaturedProducts.tsx,4,0.266667
app/api/sale-products/route.ts,components/Navbar.tsx,4,0.222222
app/api/sale-products/route.ts,components/NewsSection.tsx,4,0.500000
app/api/sale-products/route.ts,components/SaleProducts.tsx,4,0.285714
app/api/sale-products/route.ts,components/admin/AdminSidebar.tsx,4,0.400000
app/api/sale-products/route.ts,lib/auditLog.ts,2,0.250000
app/api/sale-products/route.ts,lib/cache.ts,2,0.400000
app/api/sale-products/route.ts,lib/redis.ts,2,0.500000
app/api/sale-products/route.ts,package.json,4,0.266667
app/globals.css,lib/auditLog.ts,2,0.117647
app/globals.css,lib/cache.ts,2,0.142857
app/globals.css,lib/redis.ts,2,0.153846
app/page.tsx,lib/auditLog.ts,2,0.142857
app/page.tsx,lib/cache.ts,2,0.181818
app/page.tsx,lib/redis.ts,2,0.200000
components/FeaturedProducts.tsx,lib/redis.ts,2,0.133333
components/Navbar.tsx,lib/redis.ts,2,0.111111
components/NewsSection.tsx,lib/auditLog.ts,2,0.166667
components/NewsSection.tsx,lib/cache.ts,2,0.222222
components/NewsSection.tsx,lib/redis.ts,2,0.250000
components/NewsSection.tsx,package.json,4,0.210526
components/SaleProducts.tsx,lib/auditLog.ts,2,0.111111
components/SaleProducts.tsx,lib/cache.ts,2,0.133333
components/SaleProducts.tsx,lib/redis.ts,2,0.142857
components/admin/AdminSidebar.tsx,lib/redis.ts,2,0.200000
components/admin/AdminSidebar.tsx,package.json,4,0.190476
lib/auditLog.ts,lib/redis.ts,2,0.333333
lib/cache.ts,lib/redis.ts,2,0.666667
lib/cache.ts,package.json,2,0.125000
lib/redis.ts,package.json,2,0.133333
app/admin/help/page.tsx,app/admin/news/page.tsx,2,0.133333
app/admin/help/page.tsx,app/admin/products/page.tsx,2,0.333333
app/admin/help/page.tsx,app/api/admin/help/route.ts,2,0.285714
app/admin/help/page.tsx,app/api/admin/news/[id]/route.ts,2,0.333333
app/admin/help/page.tsx,app/api/admin/news/route.ts,2,0.285714
app/admin/help/page.tsx,app/api/admin/products/[id]/duplicate/route.ts,2,0.333333
app/admin/help/page.tsx,app/api/admin/products/[id]/featured/route.ts,2,0.333333
app/admin/help/page.tsx,app/api/featured-products/route.ts,2,0.333333
app/admin/help/page.tsx,app/api/news/route.ts,2,0.400000
app/admin/help/page.tsx,app/api/sale-products/route.ts,2,0.400000
app/admin/help/page.tsx,app/page.tsx,2,0.181818
app/admin/help/page.tsx,components/BuyButton.tsx,2,0.333333
app/admin/help/page.tsx,components/FeaturedProducts.tsx,2,0.125000
app/admin/help/page.tsx,components/HeroBannerClient.tsx,2,0.166667
app/admin/help/page.tsx,components/Navbar.tsx,2,0.105263
app/admin/help/page.tsx,components/NewsSection.tsx,2,0.222222
app/admin/help/page.tsx,components/SaleProducts.tsx,2,0.133333
app/admin/help/page.tsx,components/admin/AdminSidebar.tsx,2,0.181818
app/admin/help/page.tsx,components/admin/ProductTable.tsx,2,0.222222
app/admin/help/page.tsx,lib/swal.ts,2,0.285714
app/admin/help/page.tsx,package.json,2,0.125000
app/admin/help/page.tsx,prisma/schema.prisma,2,0.222222
app/admin/help/page.tsx,scripts/seed-faq.ts,2,0.666667
app/admin/news/page.tsx,app/api/admin/news/[id]/route.ts,2,0.117647
app/admin/news/page.tsx,app/api/admin/news/route.ts,2,0.111111
app/admin/news/page.tsx,app/api/admin/products/[id]/duplicate/route.ts,2,0.117647
app/admin/news/page.tsx,app/api/news/route.ts,2,0.125000
app/admin/news/page.tsx,app/api/sale-products/route.ts,2,0.125000
app/admin/news/page.tsx,app/help/page.tsx,2,0.117647
app/admin/news/page.tsx,scripts/seed-faq.ts,2,0.142857
app/admin/products/page.tsx,app/api/admin/help/[id]/route.ts,2,0.222222
app/admin/products/page.tsx,app/api/admin/help/route.ts,2,0.222222
app/admin/products/page.tsx,app/api/admin/news/[id]/route.ts,2,0.250000
app/admin/products/page.tsx,app/api/admin/news/route.ts,2,0.222222
app/admin/products/page.tsx,app/api/admin/products/[id]/duplicate/route.ts,2,0.250000
app/admin/products/page.tsx,app/api/news/route.ts,2,0.285714
app/admin/products/page.tsx,app/api/sale-products/route.ts,2,0.285714
app/admin/products/page.tsx,app/help/page.tsx,2,0.250000
app/admin/products/page.tsx,app/page.tsx,2,0.153846
app/admin/products/page.tsx,components/BuyButton.tsx,2,0.250000
app/admin/products/page.tsx,components/HeroBannerClient.tsx,2,0.142857
app/admin/products/page.tsx,components/NewsSection.tsx,2,0.181818
app/admin/products/page.tsx,components/SaleProducts.tsx,2,0.117647
app/admin/products/page.tsx,lib/swal.ts,2,0.222222
app/admin/products/page.tsx,package.json,2,0.111111
app/admin/products/page.tsx,prisma/schema.prisma,2,0.181818
app/admin/products/page.tsx,scripts/seed-faq.ts,2,0.400000
app/api/admin/help/[id]/route.ts,app/api/admin/products/[id]/duplicate/route.ts,2,0.222222
app/api/admin/help/[id]/route.ts,app/api/featured-products/route.ts,2,0.222222
app/api/admin/help/[id]/route.ts,app/api/news/route.ts,2,0.250000
app/api/admin/help/[id]/route.ts,app/api/sale-products/route.ts,2,0.250000
app/api/admin/help/[id]/route.ts,app/page.tsx,2,0.142857
app/api/admin/help/[id]/route.ts,components/BuyButton.tsx,2,0.222222
app/api/admin/help/[id]/route.ts,components/HeroBannerClient.tsx,2,0.133333
app/api/admin/help/[id]/route.ts,components/Navbar.tsx,2,0.090909
app/api/admin/help/[id]/route.ts,components/NewsSection.tsx,2,0.166667
app/api/admin/help/[id]/route.ts,components/admin/AdminSidebar.tsx,2,0.142857
app/api/admin/help/[id]/route.ts,components/admin/ProductTable.tsx,2,0.166667
app/api/admin/help/[id]/route.ts,lib/swal.ts,2,0.200000
app/api/admin/help/[id]/route.ts,prisma/schema.prisma,2,0.166667
app/api/admin/help/[id]/route.ts,scripts/seed-faq.ts,2,0.333333
app/api/admin/help/route.ts,app/api/featured-products/route.ts,2,0.222222
app/api/admin/help/route.ts,app/api/news/route.ts,2,0.250000
app/api/admin/help/route.ts,app/api/sale-products/route.ts,2,0.250000
app/api/admin/help/route.ts,app/help/page.tsx,2,0.222222
app/api/admin/help/route.ts,app/page.tsx,2,0.142857
app/api/admin/help/route.ts,components/BuyButton.tsx,2,0.222222
app/api/admin/help/route.ts,components/HeroBannerClient.tsx,2,0.133333
app/api/admin/help/route.ts,components/Navbar.tsx,2,0.090909
app/api/admin/help/route.ts,components/NewsSection.tsx,2,0.166667
app/api/admin/help/route.ts,components/admin/AdminSidebar.tsx,2,0.142857
app/api/admin/help/route.ts,components/admin/ProductTable.tsx,2,0.166667
app/api/admin/help/route.ts,lib/swal.ts,2,0.200000
app/api/admin/help/route.ts,prisma/schema.prisma,2,0.166667
app/api/admin/help/route.ts,scripts/seed-faq.ts,2,0.333333
app/api/admin/news/[id]/route.ts,app/api/admin/products/[id]/duplicate/route.ts,2,0.250000
app/api/admin/news/[id]/route.ts,app/help/page.tsx,2,0.250000
app/api/admin/news/[id]/route.ts,components/BuyButton.tsx,2,0.250000
app/api/admin/news/[id]/route.ts,components/HeroBannerClient.tsx,2,0.142857
app/api/admin/news/[id]/route.ts,components/admin/ProductTable.tsx,2,0.181818
app/api/admin/news/[id]/route.ts,lib/swal.ts,2,0.222222
app/api/admin/news/[id]/route.ts,prisma/schema.prisma,2,0.181818
app/api/admin/news/[id]/route.ts,scripts/seed-faq.ts,2,0.400000
app/api/admin/news/route.ts,app/help/page.tsx,2,0.222222
app/api/admin/news/route.ts,components/BuyButton.tsx,2,0.222222
app/api/admin/news/route.ts,components/HeroBannerClient.tsx,2,0.133333
app/api/admin/news/route.ts,components/admin/ProductTable.tsx,2,0.166667
app/api/admin/news/route.ts,lib/swal.ts,2,0.200000
app/api/admin/news/route.ts,prisma/schema.prisma,2,0.166667
app/api/admin/news/route.ts,scripts/seed-faq.ts,2,0.333333
app/api/admin/products/[id]/duplicate/route.ts,app/api/featured-products/route.ts,2,0.250000
app/api/admin/products/[id]/duplicate/route.ts,app/api/news/route.ts,2,0.285714
app/api/admin/products/[id]/duplicate/route.ts,app/api/sale-products/route.ts,2,0.285714
app/api/admin/products/[id]/duplicate/route.ts,app/help/page.tsx,2,0.250000
app/api/admin/products/[id]/duplicate/route.ts,app/page.tsx,2,0.153846
app/api/admin/products/[id]/duplicate/route.ts,components/BuyButton.tsx,2,0.250000
app/api/admin/products/[id]/duplicate/route.ts,components/FeaturedProducts.tsx,2,0.111111
app/api/admin/products/[id]/duplicate/route.ts,components/HeroBannerClient.tsx,2,0.142857
app/api/admin/products/[id]/duplicate/route.ts,components/Navbar.tsx,2,0.095238
app/api/admin/products/[id]/duplicate/route.ts,components/NewsSection.tsx,2,0.181818
app/api/admin/products/[id]/duplicate/route.ts,components/SaleProducts.tsx,2,0.117647
app/api/admin/products/[id]/duplicate/route.ts,components/admin/AdminSidebar.tsx,2,0.153846
app/api/admin/products/[id]/duplicate/route.ts,components/admin/ProductTable.tsx,2,0.181818
app/api/admin/products/[id]/duplicate/route.ts,lib/swal.ts,2,0.222222
app/api/admin/products/[id]/duplicate/route.ts,prisma/schema.prisma,2,0.181818
app/api/admin/products/[id]/duplicate/route.ts,scripts/seed-faq.ts,2,0.400000
app/api/admin/products/[id]/featured/route.ts,app/api/news/route.ts,2,0.285714
app/api/admin/products/[id]/featured/route.ts,app/api/sale-products/route.ts,2,0.285714
app/api/admin/products/[id]/featured/route.ts,app/help/page.tsx,2,0.250000
app/api/admin/products/[id]/featured/route.ts,app/page.tsx,2,0.153846
app/api/admin/products/[id]/featured/route.ts,components/BuyButton.tsx,2,0.250000
app/api/admin/products/[id]/featured/route.ts,components/HeroBannerClient.tsx,2,0.142857
app/api/admin/products/[id]/featured/route.ts,components/NewsSection.tsx,2,0.181818
app/api/admin/products/[id]/featured/route.ts,components/SaleProducts.tsx,2,0.117647
app/api/admin/products/[id]/featured/route.ts,lib/swal.ts,2,0.222222
app/api/admin/products/[id]/featured/route.ts,package.json,2,0.111111
app/api/admin/products/[id]/featured/route.ts,prisma/schema.prisma,2,0.181818
app/api/admin/products/[id]/featured/route.ts,scripts/seed-faq.ts,2,0.400000
app/api/featured-products/route.ts,app/help/page.tsx,2,0.250000
app/api/featured-products/route.ts,components/BuyButton.tsx,2,0.250000
app/api/featured-products/route.ts,components/HeroBannerClient.tsx,2,0.142857
app/api/featured-products/route.ts,lib/swal.ts,2,0.222222
app/api/featured-products/route.ts,prisma/schema.prisma,2,0.181818
app/api/featured-products/route.ts,scripts/seed-faq.ts,2,0.400000
app/api/news/route.ts,app/help/page.tsx,2,0.285714
app/api/news/route.ts,components/BuyButton.tsx,2,0.285714
app/api/news/route.ts,components/HeroBannerClient.tsx,2,0.153846
app/api/news/route.ts,components/admin/ProductTable.tsx,2,0.200000
app/api/news/route.ts,lib/swal.ts,2,0.250000
app/api/news/route.ts,prisma/schema.prisma,2,0.200000
app/api/news/route.ts,scripts/seed-faq.ts,2,0.500000
app/api/sale-products/route.ts,app/help/page.tsx,2,0.285714
app/api/sale-products/route.ts,components/BuyButton.tsx,2,0.285714
app/api/sale-products/route.ts,components/HeroBannerClient.tsx,2,0.153846
app/api/sale-products/route.ts,components/admin/ProductTable.tsx,2,0.200000
app/api/sale-products/route.ts,lib/swal.ts,2,0.250000
app/api/sale-products/route.ts,prisma/schema.prisma,2,0.200000
app/api/sale-products/route.ts,scripts/seed-faq.ts,2,0.500000
app/help/page.tsx,components/BuyButton.tsx,2,0.250000
app/help/page.tsx,components/FeaturedProducts.tsx,2,0.111111
app/help/page.tsx,components/HeroBannerClient.tsx,2,0.142857
app/help/page.tsx,components/NewsSection.tsx,2,0.181818
app/help/page.tsx,components/SaleProducts.tsx,2,0.117647
app/help/page.tsx,components/admin/AdminSidebar.tsx,2,0.153846
app/help/page.tsx,components/admin/ProductTable.tsx,2,0.181818
app/help/page.tsx,lib/swal.ts,2,0.222222
app/help/page.tsx,prisma/schema.prisma,2,0.181818
app/help/page.tsx,scripts/seed-faq.ts,2,0.400000
app/page.tsx,components/BuyButton.tsx,2,0.153846
app/page.tsx,prisma/schema.prisma,2,0.125000
app/page.tsx,scripts/seed-faq.ts,2,0.200000
components/BuyButton.tsx,components/HeroBannerClient.tsx,2,0.142857
components/BuyButton.tsx,components/Navbar.tsx,2,0.095238
components/BuyButton.tsx,components/NewsSection.tsx,2,0.181818
components/BuyButton.tsx,components/admin/AdminSidebar.tsx,2,0.153846
components/BuyButton.tsx,components/admin/ProductTable.tsx,2,0.181818
components/BuyButton.tsx,package.json,2,0.111111
components/BuyButton.tsx,scripts/seed-faq.ts,2,0.400000
components/FeaturedProducts.tsx,scripts/seed-faq.ts,2,0.133333
components/HeroBannerClient.tsx,package.json,2,0.083333
components/HeroBannerClient.tsx,scripts/seed-faq.ts,2,0.181818
components/Navbar.tsx,scripts/seed-faq.ts,2,0.111111
components/NewsSection.tsx,scripts/seed-faq.ts,2,0.250000
components/SaleProducts.tsx,scripts/seed-faq.ts,2,0.142857
components/admin/AdminSidebar.tsx,lib/swal.ts,2,0.142857
components/admin/AdminSidebar.tsx,scripts/seed-faq.ts,2,0.200000
components/admin/ProductTable.tsx,lib/swal.ts,2,0.166667
components/admin/ProductTable.tsx,package.json,2,0.095238
components/admin/ProductTable.tsx,scripts/seed-faq.ts,2,0.250000
lib/swal.ts,package.json,2,0.105263
lib/swal.ts,scripts/seed-faq.ts,2,0.333333
package.json,prisma/schema.prisma,2,0.095238
package.json,scripts/seed-faq.ts,2,0.133333
prisma/schema.prisma,scripts/seed-faq.ts,2,0.250000
