person_id,file_id,touches,recency_weight,first_seen,last_seen,sensitive_weight
xnot.ch110249@example.com,AGENTS.md,6,5.346234,2026-04-09T01:28:19+07:00,2026-05-21T12:46:21+07:00,0.00
xnot.ch110249@example.com,app/(site)/admin/AGENTS.md,2,1.898931,2026-05-20T10:52:30+07:00,2026-05-21T12:46:21+07:00,1.60
xnot.ch110249@example.com,app/(site)/admin/settings/page.tsx,2,1.898931,2026-05-20T10:52:30+07:00,2026-05-21T12:46:21+07:00,1.60
xnot.ch110249@example.com,app/(site)/dashboard/AGENTS.md,2,1.898931,2026-05-20T10:52:30+07:00,2026-05-21T12:46:21+07:00,0.00
xnot.ch110249@example.com,app/(site)/dashboard/inventory/page.tsx,2,1.898931,2026-05-20T10:52:30+07:00,2026-05-21T12:46:21+07:00,0.00
xnot.ch110249@example.com,app/(site)/dashboard/topup/page.tsx,2,1.898931,2026-05-20T10:52:30+07:00,2026-05-21T12:46:21+07:00,1.40
xnot.ch110249@example.com,app/(site)/login/AGENTS.md,2,1.898931,2026-05-20T10:52:30+07:00,2026-05-21T12:46:21+07:00,0.00
xnot.ch110249@example.com,app/AGENTS.md,2,1.816073,2026-04-26T16:31:35+07:00,2026-05-21T12:46:21+07:00,0.00
xnot.ch110249@example.com,app/api/AGENTS.md,2,1.816073,2026-04-26T16:31:35+07:00,2026-05-21T12:46:21+07:00,0.00
xnot.ch110249@example.com,app/api/auth/AGENTS.md,2,1.816073,2026-04-26T16:31:35+07:00,2026-05-21T12:46:21+07:00,2.00
xnot.ch110249@example.com,app/api/season-pass/purchase/route.ts,5,4.453250,2026-04-06T23:35:28+07:00,2026-05-21T12:46:21+07:00,5.00
xnot.ch110249@example.com,app/globals.css,14,11.453048,2026-03-10T00:02:29+07:00,2026-05-21T12:46:21+07:00,0.00
xnot.ch110249@example.com,auth.config.ts,5,4.258341,2026-03-13T07:16:25+07:00,2026-05-21T12:46:21+07:00,5.00
xnot.ch110249@example.com,components/DashboardClient.tsx,8,6.411641,2026-03-11T09:07:26+07:00,2026-05-21T12:46:21+07:00,0.00
xnot.ch110249@example.com,components/DynamicBackground.tsx,5,4.299051,2026-03-10T00:02:29+07:00,2026-05-21T12:46:21+07:00,0.00
xnot.ch110249@example.com,components/PurchasedItem.tsx,9,7.412643,2026-03-11T16:50:14+07:00,2026-05-21T12:46:21+07:00,0.00
xnot.ch110249@example.com,docs/runbooks/launch-checklist.md,1,0.951438,2026-05-21T12:46:21+07:00,2026-05-21T12:46:21+07:00,0.00
xnot.ch110249@example.com,lib/features/orders/purchase.ts,3,2.774075,2026-04-29T19:49:19+07:00,2026-05-21T12:46:21+07:00,3.00
xnot.ch110249@example.com,middleware.ts,1,0.951438,2026-05-21T12:46:21+07:00,2026-05-21T12:46:21+07:00,1.00
xnot.ch110249@example.com,next.config.ts,7,5.838598,2026-03-10T00:02:29+07:00,2026-05-21T12:46:21+07:00,0.00
xnot.ch110249@example.com,package.json,16,13.002444,2026-03-10T00:02:29+07:00,2026-05-21T12:46:21+07:00,0.00
xnot.ch110249@example.com,playwright.config.ts,2,1.851072,2026-05-06T23:50:05+07:00,2026-05-21T12:46:21+07:00,0.00
xnot.ch110249@example.com,proxy.ts,8,6.803718,2026-03-18T12:01:52+07:00,2026-05-21T12:46:21+07:00,0.00
xnot.ch110249@example.com,public/placeholder.jpg,1,0.951438,2026-05-21T12:46:21+07:00,2026-05-21T12:46:21+07:00,0.00
xnot.ch110249@example.com,tests/api/cart-checkout.test.ts,5,4.315596,2026-03-15T00:31:31+07:00,2026-05-21T12:46:21+07:00,0.00
xnot.ch110249@example.com,tests/api/purchase.test.ts,6,5.117047,2026-03-15T00:31:31+07:00,2026-05-21T12:46:21+07:00,0.00
xnot.ch110249@example.com,tests/api/season-pass-purchase.test.ts,2,1.826582,2026-04-29T19:49:19+07:00,2026-05-21T12:46:21+07:00,0.00
xnot.ch110249@example.com,tests/api/season-pass-route-contracts.test.ts,2,1.898931,2026-05-20T10:52:30+07:00,2026-05-21T12:46:21+07:00,0.00
xnot.ch110249@example.com,tests/e2e/cart-refresh.spec.ts,2,1.898931,2026-05-20T10:52:30+07:00,2026-05-21T12:46:21+07:00,0.00
xnot.ch110249@example.com,tests/e2e/login.spec.ts,2,1.851072,2026-05-06T23:50:05+07:00,2026-05-21T12:46:21+07:00,0.00
xnot.ch110249@example.com,app/(site)/admin/products/new/page.tsx,2,1.896085,2026-05-20T10:52:30+07:00,2026-05-20T18:06:05+07:00,1.60
xnot.ch110249@example.com,app/api/products/[id]/route.ts,9,7.265868,2026-03-11T11:53:27+07:00,2026-05-20T18:06:05+07:00,0.00
xnot.ch110249@example.com,app/api/products/[id]/stock/route.ts,7,5.986376,2026-03-19T21:24:04+07:00,2026-05-20T18:06:05+07:00,0.00
xnot.ch110249@example.com,app/api/products/new/stock/route.ts,1,0.948592,2026-05-20T18:06:05+07:00,2026-05-20T18:06:05+07:00,0.00
xnot.ch110249@example.com,app/api/products/route.ts,9,7.265868,2026-03-11T11:53:27+07:00,2026-05-20T18:06:05+07:00,0.00
xnot.ch110249@example.com,components/GachaHistory.tsx,6,4.651123,2026-03-11T11:53:27+07:00,2026-05-20T18:06:05+07:00,0.00
xnot.ch110249@example.com,components/GachaRecentFeed.tsx,9,6.907441,2026-03-11T11:53:27+07:00,2026-05-20T18:06:05+07:00,0.00
xnot.ch110249@example.com,docs/planning/shared-layer-audit.md,2,1.896085,2026-05-20T10:52:30+07:00,2026-05-20T18:06:05+07:00,0.00
xnot.ch110249@example.com,lib/client/gachaActivityClient.ts,1,0.948592,2026-05-20T18:06:05+07:00,2026-05-20T18:06:05+07:00,0.00
xnot.ch110249@example.com,lib/constants/apiRoutes.ts,2,1.896085,2026-05-20T10:52:30+07:00,2026-05-20T18:06:05+07:00,0.00
xnot.ch110249@example.com,lib/features/products/queries.ts,3,2.697536,2026-04-06T23:35:28+07:00,2026-05-20T18:06:05+07:00,2.40
xnot.ch110249@example.com,lib/features/products/stockValidation.ts,1,0.948592,2026-05-20T18:06:05+07:00,2026-05-20T18:06:05+07:00,0.80
xnot.ch110249@example.com,lib/stock.ts,2,1.677383,2026-03-13T07:16:25+07:00,2026-05-20T18:06:05+07:00,0.00
xnot.ch110249@example.com,tests/api/product-stock-taken-users.test.ts,1,0.948592,2026-05-20T18:06:05+07:00,2026-05-20T18:06:05+07:00,0.00
xnot.ch110249@example.com,tests/api/products.test.ts,3,2.629715,2026-03-15T00:31:31+07:00,2026-05-20T18:06:05+07:00,0.00
xnot.ch110249@example.com,tests/lib/gachaActivityClient.test.ts,1,0.948592,2026-05-20T18:06:05+07:00,2026-05-20T18:06:05+07:00,0.00
xnot.ch110249@example.com,tests/lib/productStockTakenUsers.test.ts,1,0.948592,2026-05-20T18:06:05+07:00,2026-05-20T18:06:05+07:00,0.00
xnot.ch110249@example.com,tests/lib/productStockValidation.test.ts,1,0.948592,2026-05-20T18:06:05+07:00,2026-05-20T18:06:05+07:00,0.00
xnot.ch110249@example.com,tests/lib/stock.test.ts,3,2.411429,2026-03-13T10:49:53+07:00,2026-05-20T18:06:05+07:00,0.00
xnot.ch110249@example.com,app/(immersive)/welcome/page.tsx,1,0.947493,2026-05-20T10:52:30+07:00,2026-05-20T10:52:30+07:00,0.00
xnot.ch110249@example.com,app/(site)/admin/audit-logs/AGENTS.md,1,0.947493,2026-05-20T10:52:30+07:00,2026-05-20T10:52:30+07:00,0.80
xnot.ch110249@example.com,app/(site)/admin/audit-logs/page.tsx,1,0.947493,2026-05-20T10:52:30+07:00,2026-05-20T10:52:30+07:00,0.80
xnot.ch110249@example.com,app/(site)/admin/chat/AGENTS.md,1,0.947493,2026-05-20T10:52:30+07:00,2026-05-20T10:52:30+07:00,0.80
xnot.ch110249@example.com,app/(site)/admin/chat/page.tsx,1,0.947493,2026-05-20T10:52:30+07:00,2026-05-20T10:52:30+07:00,0.80
xnot.ch110249@example.com,app/(site)/admin/currency-settings/AGENTS.md,1,0.947493,2026-05-20T10:52:30+07:00,2026-05-20T10:52:30+07:00,0.80
xnot.ch110249@example.com,app/(site)/admin/currency-settings/page.tsx,1,0.947493,2026-05-20T10:52:30+07:00,2026-05-20T10:52:30+07:00,0.80
xnot.ch110249@example.com,app/(site)/admin/export/AGENTS.md,1,0.947493,2026-05-20T10:52:30+07:00,2026-05-20T10:52:30+07:00,0.80
xnot.ch110249@example.com,app/(site)/admin/export/page.tsx,1,0.947493,2026-05-20T10:52:30+07:00,2026-05-20T10:52:30+07:00,0.80
xnot.ch110249@example.com,app/(site)/admin/footer-links/AGENTS.md,1,0.947493,2026-05-20T10:52:30+07:00,2026-05-20T10:52:30+07:00,0.80
xnot.ch110249@example.com,app/(site)/admin/footer-links/page.tsx,1,0.947493,2026-05-20T10:52:30+07:00,2026-05-20T10:52:30+07:00,0.80
xnot.ch110249@example.com,app/(site)/admin/gacha-grid/AGENTS.md,1,0.947493,2026-05-20T10:52:30+07:00,2026-05-20T10:52:30+07:00,0.80
xnot.ch110249@example.com,app/(site)/admin/gacha-grid/page.tsx,1,0.947493,2026-05-20T10:52:30+07:00,2026-05-20T10:52:30+07:00,0.80
xnot.ch110249@example.com,app/(site)/admin/gacha-machines/AGENTS.md,1,0.947493,2026-05-20T10:52:30+07:00,2026-05-20T10:52:30+07:00,0.80
xnot.ch110249@example.com,app/(site)/admin/gacha-machines/[id]/AGENTS.md,1,0.947493,2026-05-20T10:52:30+07:00,2026-05-20T10:52:30+07:00,0.80
xnot.ch110249@example.com,app/(site)/admin/gacha-machines/[id]/edit/AGENTS.md,1,0.947493,2026-05-20T10:52:30+07:00,2026-05-20T10:52:30+07:00,0.80
xnot.ch110249@example.com,app/(site)/admin/gacha-machines/[id]/edit/page.tsx,1,0.947493,2026-05-20T10:52:30+07:00,2026-05-20T10:52:30+07:00,0.80
xnot.ch110249@example.com,app/(site)/admin/gacha-machines/page.tsx,1,0.947493,2026-05-20T10:52:30+07:00,2026-05-20T10:52:30+07:00,0.80
xnot.ch110249@example.com,app/(site)/admin/gacha-settings/AGENTS.md,1,0.947493,2026-05-20T10:52:30+07:00,2026-05-20T10:52:30+07:00,0.80
xnot.ch110249@example.com,app/(site)/admin/gacha-settings/page.tsx,1,0.947493,2026-05-20T10:52:30+07:00,2026-05-20T10:52:30+07:00,0.80
xnot.ch110249@example.com,app/(site)/admin/help/AGENTS.md,1,0.947493,2026-05-20T10:52:30+07:00,2026-05-20T10:52:30+07:00,0.80
xnot.ch110249@example.com,app/(site)/admin/help/page.tsx,1,0.947493,2026-05-20T10:52:30+07:00,2026-05-20T10:52:30+07:00,0.80
xnot.ch110249@example.com,app/(site)/admin/layout.tsx,1,0.947493,2026-05-20T10:52:30+07:00,2026-05-20T10:52:30+07:00,0.80
xnot.ch110249@example.com,app/(site)/admin/nav-items/AGENTS.md,1,0.947493,2026-05-20T10:52:30+07:00,2026-05-20T10:52:30+07:00,0.80
xnot.ch110249@example.com,app/(site)/admin/nav-items/page.tsx,1,0.947493,2026-05-20T10:52:30+07:00,2026-05-20T10:52:30+07:00,0.80
xnot.ch110249@example.com,app/(site)/admin/news/AGENTS.md,1,0.947493,2026-05-20T10:52:30+07:00,2026-05-20T10:52:30+07:00,0.80
xnot.ch110249@example.com,app/(site)/admin/news/page.tsx,1,0.947493,2026-05-20T10:52:30+07:00,2026-05-20T10:52:30+07:00,0.80
xnot.ch110249@example.com,app/(site)/admin/page.tsx,1,0.947493,2026-05-20T10:52:30+07:00,2026-05-20T10:52:30+07:00,0.80
xnot.ch110249@example.com,app/(site)/admin/popups/AGENTS.md,1,0.947493,2026-05-20T10:52:30+07:00,2026-05-20T10:52:30+07:00,0.80
xnot.ch110249@example.com,app/(site)/admin/popups/page.tsx,1,0.947493,2026-05-20T10:52:30+07:00,2026-05-20T10:52:30+07:00,0.80
xnot.ch110249@example.com,app/(site)/admin/products/AGENTS.md,1,0.947493,2026-05-20T10:52:30+07:00,2026-05-20T10:52:30+07:00,0.80
xnot.ch110249@example.com,app/(site)/admin/products/[id]/AGENTS.md,1,0.947493,2026-05-20T10:52:30+07:00,2026-05-20T10:52:30+07:00,0.80
xnot.ch110249@example.com,app/(site)/admin/products/[id]/edit/AGENTS.md,1,0.947493,2026-05-20T10:52:30+07:00,2026-05-20T10:52:30+07:00,0.80
xnot.ch110249@example.com,app/(site)/admin/products/[id]/edit/page.tsx,1,0.947493,2026-05-20T10:52:30+07:00,2026-05-20T10:52:30+07:00,0.80
xnot.ch110249@example.com,app/(site)/admin/products/[id]/stock/AGENTS.md,1,0.947493,2026-05-20T10:52:30+07:00,2026-05-20T10:52:30+07:00,0.80
xnot.ch110249@example.com,app/(site)/admin/products/[id]/stock/page.tsx,1,0.947493,2026-05-20T10:52:30+07:00,2026-05-20T10:52:30+07:00,0.80
xnot.ch110249@example.com,app/(site)/admin/products/new/AGENTS.md,1,0.947493,2026-05-20T10:52:30+07:00,2026-05-20T10:52:30+07:00,0.80
xnot.ch110249@example.com,app/(site)/admin/products/page.tsx,1,0.947493,2026-05-20T10:52:30+07:00,2026-05-20T10:52:30+07:00,0.80
xnot.ch110249@example.com,app/(site)/admin/products/trash/AGENTS.md,1,0.947493,2026-05-20T10:52:30+07:00,2026-05-20T10:52:30+07:00,0.80
xnot.ch110249@example.com,app/(site)/admin/products/trash/page.tsx,1,0.947493,2026-05-20T10:52:30+07:00,2026-05-20T10:52:30+07:00,0.80
xnot.ch110249@example.com,app/(site)/admin/promo-codes/AGENTS.md,1,0.947493,2026-05-20T10:52:30+07:00,2026-05-20T10:52:30+07:00,0.80
xnot.ch110249@example.com,app/(site)/admin/promo-codes/page.tsx,1,0.947493,2026-05-20T10:52:30+07:00,2026-05-20T10:52:30+07:00,0.80
xnot.ch110249@example.com,app/(site)/admin/roles/AGENTS.md,1,0.947493,2026-05-20T10:52:30+07:00,2026-05-20T10:52:30+07:00,0.80
xnot.ch110249@example.com,app/(site)/admin/roles/page.tsx,1,0.947493,2026-05-20T10:52:30+07:00,2026-05-20T10:52:30+07:00,0.80
xnot.ch110249@example.com,app/(site)/admin/season-pass/AGENTS.md,1,0.947493,2026-05-20T10:52:30+07:00,2026-05-20T10:52:30+07:00,0.80
xnot.ch110249@example.com,app/(site)/admin/season-pass/edit/AGENTS.md,1,0.947493,2026-05-20T10:52:30+07:00,2026-05-20T10:52:30+07:00,0.80
xnot.ch110249@example.com,app/(site)/admin/season-pass/edit/page.tsx,1,0.947493,2026-05-20T10:52:30+07:00,2026-05-20T10:52:30+07:00,0.80
xnot.ch110249@example.com,app/(site)/admin/season-pass/logs/AGENTS.md,1,0.947493,2026-05-20T10:52:30+07:00,2026-05-20T10:52:30+07:00,0.80
xnot.ch110249@example.com,app/(site)/admin/season-pass/logs/page.tsx,1,0.947493,2026-05-20T10:52:30+07:00,2026-05-20T10:52:30+07:00,0.80
xnot.ch110249@example.com,app/(site)/admin/season-pass/page.tsx,1,0.947493,2026-05-20T10:52:30+07:00,2026-05-20T10:52:30+07:00,0.80
xnot.ch110249@example.com,app/(site)/admin/settings/AGENTS.md,1,0.947493,2026-05-20T10:52:30+07:00,2026-05-20T10:52:30+07:00,0.80
xnot.ch110249@example.com,app/(site)/admin/slips/AGENTS.md,1,0.947493,2026-05-20T10:52:30+07:00,2026-05-20T10:52:30+07:00,0.80
xnot.ch110249@example.com,app/(site)/admin/slips/page.tsx,1,0.947493,2026-05-20T10:52:30+07:00,2026-05-20T10:52:30+07:00,0.80
xnot.ch110249@example.com,app/(site)/admin/users/AGENTS.md,1,0.947493,2026-05-20T10:52:30+07:00,2026-05-20T10:52:30+07:00,0.80
xnot.ch110249@example.com,app/(site)/admin/users/AdminUsersClient.tsx,1,0.947493,2026-05-20T10:52:30+07:00,2026-05-20T10:52:30+07:00,0.80
xnot.ch110249@example.com,app/(site)/admin/users/page.tsx,1,0.947493,2026-05-20T10:52:30+07:00,2026-05-20T10:52:30+07:00,0.80
xnot.ch110249@example.com,app/(site)/dashboard/inventory/AGENTS.md,1,0.947493,2026-05-20T10:52:30+07:00,2026-05-20T10:52:30+07:00,0.00
xnot.ch110249@example.com,app/(site)/dashboard/layout.tsx,1,0.947493,2026-05-20T10:52:30+07:00,2026-05-20T10:52:30+07:00,0.00
xnot.ch110249@example.com,app/(site)/dashboard/loading.tsx,1,0.947493,2026-05-20T10:52:30+07:00,2026-05-20T10:52:30+07:00,0.00
xnot.ch110249@example.com,app/(site)/dashboard/page.tsx,1,0.947493,2026-05-20T10:52:30+07:00,2026-05-20T10:52:30+07:00,0.00
xnot.ch110249@example.com,app/(site)/dashboard/season-pass/AGENTS.md,1,0.947493,2026-05-20T10:52:30+07:00,2026-05-20T10:52:30+07:00,0.80
xnot.ch110249@example.com,app/(site)/dashboard/season-pass/page.tsx,1,0.947493,2026-05-20T10:52:30+07:00,2026-05-20T10:52:30+07:00,0.80
xnot.ch110249@example.com,app/(site)/dashboard/settings/AGENTS.md,1,0.947493,2026-05-20T10:52:30+07:00,2026-05-20T10:52:30+07:00,0.00
xnot.ch110249@example.com,app/(site)/dashboard/settings/page.tsx,1,0.947493,2026-05-20T10:52:30+07:00,2026-05-20T10:52:30+07:00,0.00
xnot.ch110249@example.com,app/(site)/dashboard/topup/AGENTS.md,1,0.947493,2026-05-20T10:52:30+07:00,2026-05-20T10:52:30+07:00,0.70
xnot.ch110249@example.com,app/(site)/dashboard/wallet/AGENTS.md,1,0.947493,2026-05-20T10:52:30+07:00,2026-05-20T10:52:30+07:00,0.00
xnot.ch110249@example.com,app/(site)/dashboard/wallet/page.tsx,1,0.947493,2026-05-20T10:52:30+07:00,2026-05-20T10:52:30+07:00,0.00
xnot.ch110249@example.com,app/(site)/forgot-password/ForgotPasswordForm.tsx,1,0.947493,2026-05-20T10:52:30+07:00,2026-05-20T10:52:30+07:00,0.00
xnot.ch110249@example.com,app/(site)/forgot-password/page.tsx,1,0.947493,2026-05-20T10:52:30+07:00,2026-05-20T10:52:30+07:00,0.00
xnot.ch110249@example.com,app/(site)/gacha-grid/AGENTS.md,1,0.947493,2026-05-20T10:52:30+07:00,2026-05-20T10:52:30+07:00,0.70
xnot.ch110249@example.com,app/(site)/gacha-grid/[machineId]/AGENTS.md,1,0.947493,2026-05-20T10:52:30+07:00,2026-05-20T10:52:30+07:00,0.70
xnot.ch110249@example.com,app/(site)/gacha-grid/[machineId]/page.tsx,1,0.947493,2026-05-20T10:52:30+07:00,2026-05-20T10:52:30+07:00,0.70
xnot.ch110249@example.com,app/(site)/gacha-grid/page.tsx,1,0.947493,2026-05-20T10:52:30+07:00,2026-05-20T10:52:30+07:00,0.70
xnot.ch110249@example.com,app/(site)/gacha/AGENTS.md,1,0.947493,2026-05-20T10:52:30+07:00,2026-05-20T10:52:30+07:00,0.70
xnot.ch110249@example.com,app/(site)/gacha/[id]/AGENTS.md,1,0.947493,2026-05-20T10:52:30+07:00,2026-05-20T10:52:30+07:00,0.70
xnot.ch110249@example.com,app/(site)/gacha/[id]/page.tsx,1,0.947493,2026-05-20T10:52:30+07:00,2026-05-20T10:52:30+07:00,0.70
xnot.ch110249@example.com,app/(site)/gacha/page.tsx,1,0.947493,2026-05-20T10:52:30+07:00,2026-05-20T10:52:30+07:00,0.70
xnot.ch110249@example.com,app/(site)/gacha/play/AGENTS.md,1,0.947493,2026-05-20T10:52:30+07:00,2026-05-20T10:52:30+07:00,0.70
xnot.ch110249@example.com,app/(site)/gacha/play/page.tsx,1,0.947493,2026-05-20T10:52:30+07:00,2026-05-20T10:52:30+07:00,0.70
xnot.ch110249@example.com,app/(site)/gachapons/AGENTS.md,1,0.947493,2026-05-20T10:52:30+07:00,2026-05-20T10:52:30+07:00,1.40
xnot.ch110249@example.com,app/(site)/gachapons/page.tsx,1,0.947493,2026-05-20T10:52:30+07:00,2026-05-20T10:52:30+07:00,1.40
xnot.ch110249@example.com,app/(site)/help/AGENTS.md,1,0.947493,2026-05-20T10:52:30+07:00,2026-05-20T10:52:30+07:00,0.00
xnot.ch110249@example.com,app/(site)/help/page.tsx,1,0.947493,2026-05-20T10:52:30+07:00,2026-05-20T10:52:30+07:00,0.00
xnot.ch110249@example.com,app/(site)/home/page.tsx,1,0.947493,2026-05-20T10:52:30+07:00,2026-05-20T10:52:30+07:00,0.00
xnot.ch110249@example.com,app/(site)/layout.tsx,1,0.947493,2026-05-20T10:52:30+07:00,2026-05-20T10:52:30+07:00,0.00
xnot.ch110249@example.com,app/(site)/login/LoginForm.tsx,1,0.947493,2026-05-20T10:52:30+07:00,2026-05-20T10:52:30+07:00,0.00
xnot.ch110249@example.com,app/(site)/login/page.tsx,1,0.947493,2026-05-20T10:52:30+07:00,2026-05-20T10:52:30+07:00,0.00
xnot.ch110249@example.com,app/(site)/page.tsx,1,0.947493,2026-05-20T10:52:30+07:00,2026-05-20T10:52:30+07:00,0.00
xnot.ch110249@example.com,app/(site)/product/AGENTS.md,1,0.947493,2026-05-20T10:52:30+07:00,2026-05-20T10:52:30+07:00,0.00
xnot.ch110249@example.com,app/(site)/product/[id]/AGENTS.md,1,0.947493,2026-05-20T10:52:30+07:00,2026-05-20T10:52:30+07:00,0.00
xnot.ch110249@example.com,app/(site)/product/[id]/page.tsx,1,0.947493,2026-05-20T10:52:30+07:00,2026-05-20T10:52:30+07:00,0.00
xnot.ch110249@example.com,app/(site)/profile/AGENTS.md,1,0.947493,2026-05-20T10:52:30+07:00,2026-05-20T10:52:30+07:00,0.00
xnot.ch110249@example.com,app/(site)/profile/layout.tsx,1,0.947493,2026-05-20T10:52:30+07:00,2026-05-20T10:52:30+07:00,0.00
xnot.ch110249@example.com,app/(site)/profile/settings/AGENTS.md,1,0.947493,2026-05-20T10:52:30+07:00,2026-05-20T10:52:30+07:00,0.00
xnot.ch110249@example.com,app/(site)/profile/settings/loading.tsx,1,0.947493,2026-05-20T10:52:30+07:00,2026-05-20T10:52:30+07:00,0.00
xnot.ch110249@example.com,app/(site)/profile/settings/page.tsx,1,0.947493,2026-05-20T10:52:30+07:00,2026-05-20T10:52:30+07:00,0.00
xnot.ch110249@example.com,app/(site)/register/AGENTS.md,1,0.947493,2026-05-20T10:52:30+07:00,2026-05-20T10:52:30+07:00,0.00
xnot.ch110249@example.com,app/(site)/register/RegisterForm.tsx,1,0.947493,2026-05-20T10:52:30+07:00,2026-05-20T10:52:30+07:00,0.00
xnot.ch110249@example.com,app/(site)/register/page.tsx,1,0.947493,2026-05-20T10:52:30+07:00,2026-05-20T10:52:30+07:00,0.00
xnot.ch110249@example.com,app/(site)/reset-password/ResetPasswordForm.tsx,1,0.947493,2026-05-20T10:52:30+07:00,2026-05-20T10:52:30+07:00,0.00
xnot.ch110249@example.com,app/(site)/reset-password/page.tsx,1,0.947493,2026-05-20T10:52:30+07:00,2026-05-20T10:52:30+07:00,0.00
xnot.ch110249@example.com,app/(site)/season-pass/AGENTS.md,1,0.947493,2026-05-20T10:52:30+07:00,2026-05-20T10:52:30+07:00,0.80
xnot.ch110249@example.com,app/(site)/season-pass/page.tsx,1,0.947493,2026-05-20T10:52:30+07:00,2026-05-20T10:52:30+07:00,0.80
xnot.ch110249@example.com,app/(site)/shop/AGENTS.md,1,0.947493,2026-05-20T10:52:30+07:00,2026-05-20T10:52:30+07:00,0.00
xnot.ch110249@example.com,app/(site)/shop/loading.tsx,1,0.947493,2026-05-20T10:52:30+07:00,2026-05-20T10:52:30+07:00,0.00
xnot.ch110249@example.com,app/(site)/shop/page.tsx,1,0.947493,2026-05-20T10:52:30+07:00,2026-05-20T10:52:30+07:00,0.00
xnot.ch110249@example.com,app/(site)/test-loading/AGENTS.md,1,0.947493,2026-05-20T10:52:30+07:00,2026-05-20T10:52:30+07:00,0.00
xnot.ch110249@example.com,app/(site)/test-loading/page.tsx,1,0.947493,2026-05-20T10:52:30+07:00,2026-05-20T10:52:30+07:00,0.00
xnot.ch110249@example.com,app/(site)/verify-email/page.tsx,1,0.947493,2026-05-20T10:52:30+07:00,2026-05-20T10:52:30+07:00,0.00
xnot.ch110249@example.com,app/admin/AGENTS.md,2,1.812127,2026-04-26T16:31:35+07:00,2026-05-20T10:52:30+07:00,0.00
xnot.ch110249@example.com,app/admin/audit-logs/AGENTS.md,2,1.812127,2026-04-26T16:31:35+07:00,2026-05-20T10:52:30+07:00,0.00
xnot.ch110249@example.com,app/admin/audit-logs/page.tsx,11,9.083901,2026-03-13T07:16:25+07:00,2026-05-20T10:52:30+07:00,0.00
xnot.ch110249@example.com,app/admin/chat/AGENTS.md,2,1.812127,2026-04-26T16:31:35+07:00,2026-05-20T10:52:30+07:00,0.00
xnot.ch110249@example.com,app/admin/chat/page.tsx,2,1.737031,2026-04-03T02:15:25+07:00,2026-05-20T10:52:30+07:00,0.00
xnot.ch110249@example.com,app/admin/currency-settings/AGENTS.md,2,1.812127,2026-04-26T16:31:35+07:00,2026-05-20T10:52:30+07:00,0.00
xnot.ch110249@example.com,app/admin/currency-settings/page.tsx,3,2.569229,2026-04-09T01:28:19+07:00,2026-05-20T10:52:30+07:00,0.00
xnot.ch110249@example.com,app/admin/export/AGENTS.md,2,1.812127,2026-04-26T16:31:35+07:00,2026-05-20T10:52:30+07:00,0.00
xnot.ch110249@example.com,app/admin/export/page.tsx,8,6.319450,2026-03-10T00:02:29+07:00,2026-05-20T10:52:30+07:00,0.00
xnot.ch110249@example.com,app/admin/footer-links/AGENTS.md,2,1.812127,2026-04-26T16:31:35+07:00,2026-05-20T10:52:30+07:00,0.00
xnot.ch110249@example.com,app/admin/footer-links/page.tsx,7,5.694701,2026-03-13T07:16:25+07:00,2026-05-20T10:52:30+07:00,0.00
xnot.ch110249@example.com,app/admin/gacha-grid/AGENTS.md,2,1.812127,2026-04-26T16:31:35+07:00,2026-05-20T10:52:30+07:00,0.00
xnot.ch110249@example.com,app/admin/gacha-grid/page.tsx,7,5.709298,2026-03-13T07:16:25+07:00,2026-05-20T10:52:30+07:00,0.00
xnot.ch110249@example.com,app/admin/gacha-machines/AGENTS.md,2,1.812127,2026-04-26T16:31:35+07:00,2026-05-20T10:52:30+07:00,0.00
xnot.ch110249@example.com,app/admin/gacha-machines/[id]/AGENTS.md,2,1.812127,2026-04-26T16:31:35+07:00,2026-05-20T10:52:30+07:00,0.00
xnot.ch110249@example.com,app/admin/gacha-machines/[id]/edit/AGENTS.md,2,1.812127,2026-04-26T16:31:35+07:00,2026-05-20T10:52:30+07:00,0.00
xnot.ch110249@example.com,app/admin/gacha-machines/[id]/edit/page.tsx,15,12.009605,2026-03-11T09:07:26+07:00,2026-05-20T10:52:30+07:00,0.00
xnot.ch110249@example.com,app/admin/gacha-machines/page.tsx,15,11.875172,2026-03-11T11:47:17+07:00,2026-05-20T10:52:30+07:00,0.00
xnot.ch110249@example.com,app/admin/gacha-settings/AGENTS.md,2,1.812127,2026-04-26T16:31:35+07:00,2026-05-20T10:52:30+07:00,0.00
xnot.ch110249@example.com,app/admin/gacha-settings/page.tsx,7,5.774984,2026-03-13T07:16:25+07:00,2026-05-20T10:52:30+07:00,0.00
xnot.ch110249@example.com,app/admin/help/AGENTS.md,2,1.812127,2026-04-26T16:31:35+07:00,2026-05-20T10:52:30+07:00,0.00
xnot.ch110249@example.com,app/admin/help/page.tsx,6,5.029902,2026-03-13T07:16:25+07:00,2026-05-20T10:52:30+07:00,0.00
xnot.ch110249@example.com,app/admin/layout.tsx,8,6.427650,2026-03-11T16:50:14+07:00,2026-05-20T10:52:30+07:00,0.00
xnot.ch110249@example.com,app/admin/nav-items/AGENTS.md,2,1.812127,2026-04-26T16:31:35+07:00,2026-05-20T10:52:30+07:00,0.00
xnot.ch110249@example.com,app/admin/nav-items/page.tsx,5,4.021754,2026-03-11T11:53:27+07:00,2026-05-20T10:52:30+07:00,0.00
xnot.ch110249@example.com,app/admin/news/AGENTS.md,2,1.812127,2026-04-26T16:31:35+07:00,2026-05-20T10:52:30+07:00,0.00
xnot.ch110249@example.com,app/admin/news/page.tsx,12,9.636226,2026-03-11T11:47:17+07:00,2026-05-20T10:52:30+07:00,0.00
xnot.ch110249@example.com,app/admin/page.tsx,5,4.126911,2026-03-13T07:16:25+07:00,2026-05-20T10:52:30+07:00,0.00
xnot.ch110249@example.com,app/admin/popups/AGENTS.md,2,1.812127,2026-04-26T16:31:35+07:00,2026-05-20T10:52:30+07:00,0.00
xnot.ch110249@example.com,app/admin/popups/page.tsx,11,8.884046,2026-03-11T11:47:17+07:00,2026-05-20T10:52:30+07:00,0.00
xnot.ch110249@example.com,app/admin/products/AGENTS.md,2,1.812127,2026-04-26T16:31:35+07:00,2026-05-20T10:52:30+07:00,0.00
xnot.ch110249@example.com,app/admin/products/[id]/AGENTS.md,2,1.812127,2026-04-26T16:31:35+07:00,2026-05-20T10:52:30+07:00,0.00
xnot.ch110249@example.com,app/admin/products/[id]/edit/AGENTS.md,2,1.812127,2026-04-26T16:31:35+07:00,2026-05-20T10:52:30+07:00,0.00
xnot.ch110249@example.com,app/admin/products/[id]/edit/page.tsx,10,8.112260,2026-03-13T07:16:25+07:00,2026-05-20T10:52:30+07:00,0.00
xnot.ch110249@example.com,app/admin/products/[id]/stock/AGENTS.md,2,1.812127,2026-04-26T16:31:35+07:00,2026-05-20T10:52:30+07:00,0.00
xnot.ch110249@example.com,app/admin/products/[id]/stock/page.tsx,9,7.247037,2026-03-13T07:16:25+07:00,2026-05-20T10:52:30+07:00,0.00
xnot.ch110249@example.com,app/admin/products/new/AGENTS.md,2,1.812127,2026-04-26T16:31:35+07:00,2026-05-20T10:52:30+07:00,0.00
xnot.ch110249@example.com,app/admin/products/new/page.tsx,10,8.264376,2026-03-13T07:16:25+07:00,2026-05-20T10:52:30+07:00,0.00
xnot.ch110249@example.com,app/admin/products/page.tsx,7,5.606940,2026-03-13T07:16:25+07:00,2026-05-20T10:52:30+07:00,0.00
xnot.ch110249@example.com,app/admin/products/trash/AGENTS.md,2,1.812127,2026-04-26T16:31:35+07:00,2026-05-20T10:52:30+07:00,0.00
xnot.ch110249@example.com,app/admin/products/trash/page.tsx,4,3.298394,2026-03-19T21:24:04+07:00,2026-05-20T10:52:30+07:00,0.00
xnot.ch110249@example.com,app/admin/promo-codes/AGENTS.md,2,1.812127,2026-04-26T16:31:35+07:00,2026-05-20T10:52:30+07:00,0.00
xnot.ch110249@example.com,app/admin/promo-codes/page.tsx,6,4.884249,2026-03-13T07:16:25+07:00,2026-05-20T10:52:30+07:00,0.00
xnot.ch110249@example.com,app/admin/roles/AGENTS.md,2,1.812127,2026-04-26T16:31:35+07:00,2026-05-20T10:52:30+07:00,0.00
xnot.ch110249@example.com,app/admin/roles/page.tsx,8,6.336208,2026-03-11T09:07:26+07:00,2026-05-20T10:52:30+07:00,0.00
xnot.ch110249@example.com,app/admin/season-pass/AGENTS.md,2,1.812127,2026-04-26T16:31:35+07:00,2026-05-20T10:52:30+07:00,0.00
xnot.ch110249@example.com,app/admin/season-pass/edit/AGENTS.md,2,1.812127,2026-04-26T16:31:35+07:00,2026-05-20T10:52:30+07:00,0.00
xnot.ch110249@example.com,app/admin/season-pass/edit/page.tsx,6,5.070873,2026-04-06T23:35:28+07:00,2026-05-20T10:52:30+07:00,0.00
xnot.ch110249@example.com,app/admin/season-pass/logs/AGENTS.md,2,1.812127,2026-04-26T16:31:35+07:00,2026-05-20T10:52:30+07:00,0.00
xnot.ch110249@example.com,app/admin/season-pass/logs/page.tsx,4,3.383991,2026-04-07T15:57:08+07:00,2026-05-20T10:52:30+07:00,0.00
xnot.ch110249@example.com,app/admin/season-pass/page.tsx,7,5.897740,2026-04-06T23:35:28+07:00,2026-05-20T10:52:30+07:00,0.00
xnot.ch110249@example.com,app/admin/settings/AGENTS.md,2,1.812127,2026-04-26T16:31:35+07:00,2026-05-20T10:52:30+07:00,0.00
xnot.ch110249@example.com,app/admin/settings/page.tsx,12,9.555887,2026-03-10T00:02:29+07:00,2026-05-20T10:52:30+07:00,0.00
xnot.ch110249@example.com,app/admin/slips/AGENTS.md,2,1.812127,2026-04-26T16:31:35+07:00,2026-05-20T10:52:30+07:00,0.00
xnot.ch110249@example.com,app/admin/slips/page.tsx,6,4.929101,2026-03-13T07:16:25+07:00,2026-05-20T10:52:30+07:00,0.00
xnot.ch110249@example.com,app/admin/users/AGENTS.md,2,1.812127,2026-04-26T16:31:35+07:00,2026-05-20T10:52:30+07:00,0.00
xnot.ch110249@example.com,app/admin/users/AdminUsersClient.tsx,11,8.931036,2026-03-11T16:50:14+07:00,2026-05-20T10:52:30+07:00,0.00
xnot.ch110249@example.com,app/admin/users/page.tsx,5,4.145532,2026-03-13T07:16:25+07:00,2026-05-20T10:52:30+07:00,0.00
xnot.ch110249@example.com,app/api/admin/currency-settings/route.ts,3,2.639062,2026-04-10T23:14:05+07:00,2026-05-20T10:52:30+07:00,3.00
xnot.ch110249@example.com,app/api/admin/export/route.ts,7,5.526316,2026-03-10T00:02:29+07:00,2026-05-20T10:52:30+07:00,7.00
xnot.ch110249@example.com,app/api/admin/footer-links/[id]/route.ts,4,3.306914,2026-03-13T07:16:25+07:00,2026-05-20T10:52:30+07:00,4.00
xnot.ch110249@example.com,app/api/admin/footer-links/route.ts,4,3.274290,2026-03-11T09:07:26+07:00,2026-05-20T10:52:30+07:00,4.00
xnot.ch110249@example.com,app/api/admin/footer-links/settings/route.ts,4,3.279667,2026-03-13T07:16:25+07:00,2026-05-20T10:52:30+07:00,4.00
xnot.ch110249@example.com,app/api/admin/gacha-machines/[id]/duplicate/route.ts,4,3.315177,2026-03-13T07:16:25+07:00,2026-05-20T10:52:30+07:00,4.00
xnot.ch110249@example.com,app/api/admin/gacha-machines/[id]/route.ts,5,4.130671,2026-03-13T07:16:25+07:00,2026-05-20T10:52:30+07:00,5.00
xnot.ch110249@example.com,app/api/admin/gacha-machines/reorder/route.ts,3,2.490128,2026-03-13T07:16:25+07:00,2026-05-20T10:52:30+07:00,3.00
xnot.ch110249@example.com,app/api/admin/gacha-machines/route.ts,6,4.989929,2026-03-11T09:07:26+07:00,2026-05-20T10:52:30+07:00,6.00
xnot.ch110249@example.com,app/api/admin/gacha-products/route.ts,2,1.761338,2026-04-10T23:14:05+07:00,2026-05-20T10:52:30+07:00,2.00
xnot.ch110249@example.com,app/api/admin/gacha-rewards/[id]/route.ts,7,5.798863,2026-03-13T07:16:25+07:00,2026-05-20T10:52:30+07:00,7.00
xnot.ch110249@example.com,app/api/admin/gacha-rewards/route.ts,5,4.164880,2026-03-11T09:07:26+07:00,2026-05-20T10:52:30+07:00,5.00
xnot.ch110249@example.com,app/api/admin/gacha-settings/route.ts,3,2.490128,2026-03-13T07:16:25+07:00,2026-05-20T10:52:30+07:00,3.00
xnot.ch110249@example.com,app/api/admin/help-videos/[id]/route.ts,3,2.642363,2026-04-12T20:06:35+07:00,2026-05-20T10:52:30+07:00,3.00
xnot.ch110249@example.com,app/api/admin/help-videos/route.ts,2,1.767219,2026-04-12T20:06:35+07:00,2026-05-20T10:52:30+07:00,2.00
xnot.ch110249@example.com,app/api/admin/help/[id]/route.ts,5,4.184998,2026-03-13T07:16:25+07:00,2026-05-20T10:52:30+07:00,5.00
xnot.ch110249@example.com,app/api/admin/help/route.ts,3,2.484752,2026-03-11T09:07:26+07:00,2026-05-20T10:52:30+07:00,3.00
xnot.ch110249@example.com,app/api/admin/nav-items/[id]/route.ts,3,2.490128,2026-03-13T07:16:25+07:00,2026-05-20T10:52:30+07:00,3.00
xnot.ch110249@example.com,app/api/admin/nav-items/route.ts,3,2.484752,2026-03-11T09:07:26+07:00,2026-05-20T10:52:30+07:00,3.00
xnot.ch110249@example.com,app/api/admin/news/[id]/route.ts,2,1.761338,2026-04-10T23:14:05+07:00,2026-05-20T10:52:30+07:00,2.00
xnot.ch110249@example.com,app/api/admin/news/route.ts,4,3.213542,2026-03-11T09:07:26+07:00,2026-05-20T10:52:30+07:00,4.00
xnot.ch110249@example.com,app/api/admin/popups/[id]/route.ts,2,1.761338,2026-04-10T23:14:05+07:00,2026-05-20T10:52:30+07:00,2.00
xnot.ch110249@example.com,app/api/admin/popups/route.ts,3,2.484752,2026-03-11T09:07:26+07:00,2026-05-20T10:52:30+07:00,3.00
xnot.ch110249@example.com,app/api/admin/products/[id]/duplicate/route.ts,5,4.242996,2026-03-13T07:16:25+07:00,2026-05-20T10:52:30+07:00,5.00
xnot.ch110249@example.com,app/api/admin/roles/[id]/route.ts,5,4.004829,2026-03-10T00:02:29+07:00,2026-05-20T10:52:30+07:00,5.00
xnot.ch110249@example.com,app/api/admin/roles/route.ts,5,3.927785,2026-03-10T00:02:29+07:00,2026-05-20T10:52:30+07:00,5.00
xnot.ch110249@example.com,app/api/admin/season-pass/plan/route.ts,4,3.437933,2026-04-06T23:35:28+07:00,2026-05-20T10:52:30+07:00,8.00
xnot.ch110249@example.com,app/api/admin/season-pass/rewards/route.ts,3,2.562789,2026-04-06T23:35:28+07:00,2026-05-20T10:52:30+07:00,6.00
xnot.ch110249@example.com,app/api/admin/season-pass/upload-image/route.ts,4,3.378283,2026-04-06T23:35:28+07:00,2026-05-20T10:52:30+07:00,8.00
xnot.ch110249@example.com,app/api/admin/users/[id]/route.ts,8,6.567889,2026-03-10T00:02:29+07:00,2026-05-20T10:52:30+07:00,8.00
xnot.ch110249@example.com,app/api/cart/refresh/route.ts,1,0.947493,2026-05-20T10:52:30+07:00,2026-05-20T10:52:30+07:00,1.00
xnot.ch110249@example.com,app/api/currency-settings/route.ts,2,1.772542,2026-04-14T12:27:01+07:00,2026-05-20T10:52:30+07:00,0.00
xnot.ch110249@example.com,app/api/dashboard/overview/route.ts,2,1.667077,2026-03-10T00:02:29+07:00,2026-05-20T10:52:30+07:00,0.00
xnot.ch110249@example.com,app/api/dashboard/purchases/route.ts,3,2.399697,2026-03-11T09:07:26+07:00,2026-05-20T10:52:30+07:00,0.00
xnot.ch110249@example.com,app/api/dashboard/topup-summary/route.ts,10,7.881128,2026-03-10T00:02:29+07:00,2026-05-20T10:52:30+07:00,0.00
xnot.ch110249@example.com,app/api/gacha/grid/roll/route.ts,12,9.804895,2026-03-11T09:07:26+07:00,2026-05-20T10:52:30+07:00,12.00
xnot.ch110249@example.com,app/api/gacha/history/route.ts,3,2.399697,2026-03-11T09:07:26+07:00,2026-05-20T10:52:30+07:00,3.00
xnot.ch110249@example.com,app/api/gacha/roll/route.ts,11,9.041995,2026-03-11T09:07:26+07:00,2026-05-20T10:52:30+07:00,11.00
xnot.ch110249@example.com,app/api/nav-items/route.ts,1,0.947493,2026-05-20T10:52:30+07:00,2026-05-20T10:52:30+07:00,0.00
xnot.ch110249@example.com,app/api/news/route.ts,2,1.670907,2026-03-11T09:07:26+07:00,2026-05-20T10:52:30+07:00,0.00
xnot.ch110249@example.com,app/api/popups/route.ts,1,0.947493,2026-05-20T10:52:30+07:00,2026-05-20T10:52:30+07:00,0.00
xnot.ch110249@example.com,app/api/products/[id]/availability/route.ts,3,2.502097,2026-03-21T20:12:45+07:00,2026-05-20T10:52:30+07:00,0.00
xnot.ch110249@example.com,app/api/products/list/route.ts,2,1.795851,2026-04-21T18:05:15+07:00,2026-05-20T10:52:30+07:00,0.00
xnot.ch110249@example.com,app/api/season-pass/claim/route.ts,5,4.311295,2026-04-06T23:35:28+07:00,2026-05-20T10:52:30+07:00,5.00
xnot.ch110249@example.com,app/api/topup/route.ts,11,8.815359,2026-03-10T00:02:29+07:00,2026-05-20T10:52:30+07:00,11.00
xnot.ch110249@example.com,app/dashboard/AGENTS.md,2,1.812127,2026-04-26T16:31:35+07:00,2026-05-20T10:52:30+07:00,0.00
xnot.ch110249@example.com,app/dashboard/inventory/AGENTS.md,2,1.812127,2026-04-26T16:31:35+07:00,2026-05-20T10:52:30+07:00,0.00
xnot.ch110249@example.com,app/dashboard/inventory/page.tsx,5,3.995247,2026-03-18T12:01:52+07:00,2026-05-20T10:52:30+07:00,0.00
xnot.ch110249@example.com,app/dashboard/layout.tsx,11,8.866795,2026-03-10T00:02:29+07:00,2026-05-20T10:52:30+07:00,0.00
xnot.ch110249@example.com,app/dashboard/loading.tsx,2,1.751051,2026-04-07T15:57:08+07:00,2026-05-20T10:52:30+07:00,0.00
xnot.ch110249@example.com,app/dashboard/page.tsx,3,2.414594,2026-03-10T00:02:29+07:00,2026-05-20T10:52:30+07:00,0.00
xnot.ch110249@example.com,app/dashboard/season-pass/AGENTS.md,2,1.812127,2026-04-26T16:31:35+07:00,2026-05-20T10:52:30+07:00,0.00
xnot.ch110249@example.com,app/dashboard/season-pass/page.tsx,6,5.086366,2026-04-06T23:35:28+07:00,2026-05-20T10:52:30+07:00,0.00
xnot.ch110249@example.com,app/dashboard/settings/AGENTS.md,2,1.812127,2026-04-26T16:31:35+07:00,2026-05-20T10:52:30+07:00,0.00
xnot.ch110249@example.com,app/dashboard/settings/page.tsx,2,1.735917,2026-04-02T17:27:30+07:00,2026-05-20T10:52:30+07:00,0.00
xnot.ch110249@example.com,app/dashboard/topup/AGENTS.md,2,1.812127,2026-04-26T16:31:35+07:00,2026-05-20T10:52:30+07:00,0.00
xnot.ch110249@example.com,app/dashboard/topup/page.tsx,14,11.022797,2026-03-11T09:07:26+07:00,2026-05-20T10:52:30+07:00,0.00
xnot.ch110249@example.com,app/dashboard/wallet/AGENTS.md,2,1.812127,2026-04-26T16:31:35+07:00,2026-05-20T10:52:30+07:00,0.00
xnot.ch110249@example.com,app/dashboard/wallet/page.tsx,5,4.294041,2026-04-06T23:35:28+07:00,2026-05-20T10:52:30+07:00,0.00
xnot.ch110249@example.com,app/forgot-password/ForgotPasswordForm.tsx,2,1.812127,2026-04-26T16:31:35+07:00,2026-05-20T10:52:30+07:00,0.00
xnot.ch110249@example.com,app/forgot-password/page.tsx,2,1.812127,2026-04-26T16:31:35+07:00,2026-05-20T10:52:30+07:00,0.00
xnot.ch110249@example.com,app/gacha-grid/AGENTS.md,2,1.812127,2026-04-26T16:31:35+07:00,2026-05-20T10:52:30+07:00,0.00
xnot.ch110249@example.com,app/gacha-grid/[machineId]/AGENTS.md,2,1.812127,2026-04-26T16:31:35+07:00,2026-05-20T10:52:30+07:00,0.00
xnot.ch110249@example.com,app/gacha-grid/[machineId]/page.tsx,11,8.830916,2026-03-11T09:07:26+07:00,2026-05-20T10:52:30+07:00,0.00
xnot.ch110249@example.com,app/gacha-grid/page.tsx,9,7.341330,2026-03-11T09:07:26+07:00,2026-05-20T10:52:30+07:00,0.00
xnot.ch110249@example.com,app/gacha/AGENTS.md,2,1.812127,2026-04-26T16:31:35+07:00,2026-05-20T10:52:30+07:00,0.00
xnot.ch110249@example.com,app/gacha/[id]/AGENTS.md,2,1.812127,2026-04-26T16:31:35+07:00,2026-05-20T10:52:30+07:00,0.00
xnot.ch110249@example.com,app/gacha/[id]/page.tsx,10,8.158869,2026-03-11T09:07:26+07:00,2026-05-20T10:52:30+07:00,0.00
xnot.ch110249@example.com,app/gacha/page.tsx,12,9.759804,2026-03-11T09:07:26+07:00,2026-05-20T10:52:30+07:00,0.00
xnot.ch110249@example.com,app/gacha/play/AGENTS.md,2,1.812127,2026-04-26T16:31:35+07:00,2026-05-20T10:52:30+07:00,0.00
xnot.ch110249@example.com,app/gacha/play/page.tsx,11,8.891788,2026-03-11T09:07:26+07:00,2026-05-20T10:52:30+07:00,0.00
xnot.ch110249@example.com,app/gachapons/AGENTS.md,2,1.812127,2026-04-26T16:31:35+07:00,2026-05-20T10:52:30+07:00,0.00
xnot.ch110249@example.com,app/gachapons/page.tsx,7,5.676548,2026-03-11T09:07:26+07:00,2026-05-20T10:52:30+07:00,0.00
xnot.ch110249@example.com,app/help/AGENTS.md,2,1.812127,2026-04-26T16:31:35+07:00,2026-05-20T10:52:30+07:00,0.00
xnot.ch110249@example.com,app/help/page.tsx,9,7.403377,2026-03-13T07:16:25+07:00,2026-05-20T10:52:30+07:00,0.00
xnot.ch110249@example.com,app/home/page.tsx,2,1.847126,2026-05-06T23:50:05+07:00,2026-05-20T10:52:30+07:00,0.00
xnot.ch110249@example.com,app/layout.tsx,18,14.552541,2026-03-10T00:02:29+07:00,2026-05-20T10:52:30+07:00,0.00
xnot.ch110249@example.com,app/login/AGENTS.md,2,1.812127,2026-04-26T16:31:35+07:00,2026-05-20T10:52:30+07:00,0.00
xnot.ch110249@example.com,app/login/LoginForm.tsx,8,6.696328,2026-03-11T09:25:49+07:00,2026-05-20T10:52:30+07:00,0.00
xnot.ch110249@example.com,app/login/page.tsx,5,4.300233,2026-04-02T17:27:30+07:00,2026-05-20T10:52:30+07:00,0.00
xnot.ch110249@example.com,app/page.tsx,12,9.943030,2026-03-11T09:07:26+07:00,2026-05-20T10:52:30+07:00,0.00
xnot.ch110249@example.com,app/product/AGENTS.md,2,1.812127,2026-04-26T16:31:35+07:00,2026-05-20T10:52:30+07:00,0.00
xnot.ch110249@example.com,app/product/[id]/AGENTS.md,2,1.812127,2026-04-26T16:31:35+07:00,2026-05-20T10:52:30+07:00,0.00
xnot.ch110249@example.com,app/product/[id]/page.tsx,16,12.880313,2026-03-10T00:02:29+07:00,2026-05-20T10:52:30+07:00,0.00
xnot.ch110249@example.com,app/profile/AGENTS.md,2,1.812127,2026-04-26T16:31:35+07:00,2026-05-20T10:52:30+07:00,0.00
xnot.ch110249@example.com,app/profile/layout.tsx,3,2.580822,2026-04-02T17:27:30+07:00,2026-05-20T10:52:30+07:00,0.00
xnot.ch110249@example.com,app/profile/settings/AGENTS.md,2,1.812127,2026-04-26T16:31:35+07:00,2026-05-20T10:52:30+07:00,0.00
xnot.ch110249@example.com,app/profile/settings/loading.tsx,2,1.691019,2026-03-18T12:01:52+07:00,2026-05-20T10:52:30+07:00,0.00
xnot.ch110249@example.com,app/profile/settings/page.tsx,10,8.318230,2026-03-13T07:16:25+07:00,2026-05-20T10:52:30+07:00,0.00
xnot.ch110249@example.com,app/register/AGENTS.md,2,1.812127,2026-04-26T16:31:35+07:00,2026-05-20T10:52:30+07:00,0.00
xnot.ch110249@example.com,app/register/RegisterForm.tsx,9,7.370663,2026-03-11T11:47:17+07:00,2026-05-20T10:52:30+07:00,0.00
xnot.ch110249@example.com,app/register/page.tsx,4,3.400599,2026-04-02T17:27:30+07:00,2026-05-20T10:52:30+07:00,0.00
xnot.ch110249@example.com,app/reset-password/ResetPasswordForm.tsx,2,1.812127,2026-04-26T16:31:35+07:00,2026-05-20T10:52:30+07:00,0.00
xnot.ch110249@example.com,app/reset-password/page.tsx,2,1.812127,2026-04-26T16:31:35+07:00,2026-05-20T10:52:30+07:00,0.00
xnot.ch110249@example.com,app/season-pass/AGENTS.md,2,1.812127,2026-04-26T16:31:35+07:00,2026-05-20T10:52:30+07:00,0.00
xnot.ch110249@example.com,app/season-pass/page.tsx,8,6.725313,2026-04-06T23:35:28+07:00,2026-05-20T10:52:30+07:00,0.00
xnot.ch110249@example.com,app/shop/AGENTS.md,2,1.812127,2026-04-26T16:31:35+07:00,2026-05-20T10:52:30+07:00,0.00
xnot.ch110249@example.com,app/shop/loading.tsx,2,1.670907,2026-03-11T09:07:26+07:00,2026-05-20T10:52:30+07:00,0.00
xnot.ch110249@example.com,app/shop/page.tsx,15,11.923993,2026-03-10T00:02:29+07:00,2026-05-20T10:52:30+07:00,0.00
xnot.ch110249@example.com,app/test-loading/AGENTS.md,2,1.812127,2026-04-26T16:31:35+07:00,2026-05-20T10:52:30+07:00,0.00
xnot.ch110249@example.com,app/test-loading/page.tsx,2,1.667077,2026-03-10T00:02:29+07:00,2026-05-20T10:52:30+07:00,0.00
xnot.ch110249@example.com,app/uploads/[...segments]/route.ts,3,2.662621,2026-04-11T11:51:02+07:00,2026-05-20T10:52:30+07:00,3.00
xnot.ch110249@example.com,app/verify-email/page.tsx,2,1.847126,2026-05-06T23:50:05+07:00,2026-05-20T10:52:30+07:00,0.00
xnot.ch110249@example.com,app/welcome/page.tsx,2,1.847126,2026-05-06T23:50:05+07:00,2026-05-20T10:52:30+07:00,0.00
xnot.ch110249@example.com,components/AnnouncementPopup.tsx,9,7.124837,2026-03-11T09:07:26+07:00,2026-05-20T10:52:30+07:00,0.00
xnot.ch110249@example.com,components/AnnouncementPopupWrapper.tsx,3,2.530642,2026-03-19T21:24:04+07:00,2026-05-20T10:52:30+07:00,0.00
xnot.ch110249@example.com,components/BuyButton.tsx,6,4.950812,2026-03-11T16:50:14+07:00,2026-05-20T10:52:30+07:00,0.00
xnot.ch110249@example.com,components/DynamicFavicon.tsx,1,0.947493,2026-05-20T10:52:30+07:00,2026-05-20T10:52:30+07:00,0.00
xnot.ch110249@example.com,components/FeaturedProducts.tsx,12,9.767082,2026-03-10T00:02:29+07:00,2026-05-20T10:52:30+07:00,0.00
xnot.ch110249@example.com,components/FloatingChatButton.tsx,10,8.197781,2026-03-11T16:50:14+07:00,2026-05-20T10:52:30+07:00,0.00
xnot.ch110249@example.com,components/FloatingChatButtonWrapper.tsx,2,1.755384,2026-04-09T01:28:19+07:00,2026-05-20T10:52:30+07:00,0.00
xnot.ch110249@example.com,components/Footer.tsx,9,7.396901,2026-03-10T00:02:29+07:00,2026-05-20T10:52:30+07:00,0.00
xnot.ch110249@example.com,components/GachaGridMachine.tsx,12,9.589528,2026-03-11T09:07:26+07:00,2026-05-20T10:52:30+07:00,0.00
xnot.ch110249@example.com,components/GachaHubClient.tsx,7,5.748301,2026-04-02T17:27:30+07:00,2026-05-20T10:52:30+07:00,0.00
xnot.ch110249@example.com,components/GachaRhombus.tsx,18,14.257369,2026-03-11T09:07:26+07:00,2026-05-20T10:52:30+07:00,0.00
xnot.ch110249@example.com,components/GlobalLoadingWrapper.tsx,2,1.695011,2026-03-19T21:24:04+07:00,2026-05-20T10:52:30+07:00,0.00
xnot.ch110249@example.com,components/HeroBanner.tsx,3,2.419257,2026-03-10T00:02:29+07:00,2026-05-20T10:52:30+07:00,0.00
xnot.ch110249@example.com,components/HeroBannerCarousel.tsx,1,0.947493,2026-05-20T10:52:30+07:00,2026-05-20T10:52:30+07:00,0.00
xnot.ch110249@example.com,components/HeroBannerClient.tsx,13,9.938502,2026-03-10T00:02:29+07:00,2026-05-20T10:52:30+07:00,0.00
xnot.ch110249@example.com,components/LiveDateTime.tsx,2,1.676283,2026-03-13T07:16:25+07:00,2026-05-20T10:52:30+07:00,0.00
xnot.ch110249@example.com,components/MobileBottomNav.tsx,6,5.248101,2026-04-16T20:59:44+07:00,2026-05-20T10:52:30+07:00,0.00
xnot.ch110249@example.com,components/Navbar.tsx,19,15.194608,2026-03-10T00:02:29+07:00,2026-05-20T10:52:30+07:00,0.00
xnot.ch110249@example.com,components/NavigationDrawer.tsx,13,10.384744,2026-03-18T12:11:25+07:00,2026-05-20T10:52:30+07:00,0.00
xnot.ch110249@example.com,components/NewsSection.tsx,4,3.377146,2026-03-21T12:09:18+07:00,2026-05-20T10:52:30+07:00,0.00
xnot.ch110249@example.com,components/ProductActions.tsx,13,10.529898,2026-03-10T00:02:29+07:00,2026-05-20T10:52:30+07:00,0.00
xnot.ch110249@example.com,components/ProductCard.tsx,13,10.556683,2026-03-10T00:02:29+07:00,2026-05-20T10:52:30+07:00,0.00
xnot.ch110249@example.com,components/ProductCardActions.tsx,1,0.947493,2026-05-20T10:52:30+07:00,2026-05-20T10:52:30+07:00,0.00
xnot.ch110249@example.com,components/ProductCarouselControls.tsx,1,0.947493,2026-05-20T10:52:30+07:00,2026-05-20T10:52:30+07:00,0.00
xnot.ch110249@example.com,components/ProductGallery.tsx,9,7.194050,2026-03-10T00:02:29+07:00,2026-05-20T10:52:30+07:00,0.00
xnot.ch110249@example.com,components/RouteShell.tsx,2,1.847126,2026-05-06T23:50:05+07:00,2026-05-20T10:52:30+07:00,0.00
xnot.ch110249@example.com,components/SaleProducts.tsx,11,8.971965,2026-03-10T00:02:29+07:00,2026-05-20T10:52:30+07:00,0.00
xnot.ch110249@example.com,components/ShopDropdown.tsx,7,5.491690,2026-03-10T00:02:29+07:00,2026-05-20T10:52:30+07:00,0.00
xnot.ch110249@example.com,components/SweetAlertProvider.tsx,2,1.671803,2026-03-11T16:50:14+07:00,2026-05-20T10:52:30+07:00,0.00
xnot.ch110249@example.com,components/admin/ProductImageGalleryField.tsx,3,2.624947,2026-04-15T18:56:46+07:00,2026-05-20T10:52:30+07:00,0.00
xnot.ch110249@example.com,components/admin/ProductTable.tsx,12,9.628182,2026-03-11T16:50:14+07:00,2026-05-20T10:52:30+07:00,0.00
xnot.ch110249@example.com,components/admin/RevenueAreaChart.tsx,4,3.124328,2026-03-11T11:53:27+07:00,2026-05-20T10:52:30+07:00,0.00
xnot.ch110249@example.com,components/auth/AuthFormShell.tsx,1,0.947493,2026-05-20T10:52:30+07:00,2026-05-20T10:52:30+07:00,0.00
xnot.ch110249@example.com,components/auth/TurnstileField.tsx,1,0.947493,2026-05-20T10:52:30+07:00,2026-05-20T10:52:30+07:00,0.00
xnot.ch110249@example.com,components/cart/AddToCartButton.tsx,4,3.325697,2026-03-13T07:16:25+07:00,2026-05-20T10:52:30+07:00,0.00
xnot.ch110249@example.com,components/cart/CartSheet.tsx,13,10.781920,2026-03-21T20:12:45+07:00,2026-05-20T10:52:30+07:00,0.00
xnot.ch110249@example.com,components/chat/ChatBrandLogo.tsx,4,3.353730,2026-04-03T02:15:25+07:00,2026-05-20T10:52:30+07:00,0.00
xnot.ch110249@example.com,components/emails/EmailLayout.tsx,1,0.947493,2026-05-20T10:52:30+07:00,2026-05-20T10:52:30+07:00,0.00
xnot.ch110249@example.com,components/emails/EmailVerificationEmail.tsx,2,1.847126,2026-05-06T23:50:05+07:00,2026-05-20T10:52:30+07:00,0.00
xnot.ch110249@example.com,components/emails/NotificationEmail.tsx,3,2.391387,2026-03-10T00:02:29+07:00,2026-05-20T10:52:30+07:00,0.00
xnot.ch110249@example.com,components/emails/PasswordResetEmail.tsx,2,1.812127,2026-04-26T16:31:35+07:00,2026-05-20T10:52:30+07:00,0.00
xnot.ch110249@example.com,components/emails/PurchaseReceiptEmail.tsx,5,3.949056,2026-03-11T09:07:26+07:00,2026-05-20T10:52:30+07:00,0.00
xnot.ch110249@example.com,components/emails/emailStyles.ts,1,0.947493,2026-05-20T10:52:30+07:00,2026-05-20T10:52:30+07:00,0.00
xnot.ch110249@example.com,components/gacha/RewardImageCropDialog.tsx,3,2.597302,2026-04-06T23:35:28+07:00,2026-05-20T10:52:30+07:00,2.10
xnot.ch110249@example.com,components/image-crop/squareCrop.ts,1,0.947493,2026-05-20T10:52:30+07:00,2026-05-20T10:52:30+07:00,0.00
xnot.ch110249@example.com,components/profile/FreeCropDialog.tsx,6,5.096382,2026-04-06T23:35:28+07:00,2026-05-20T10:52:30+07:00,0.00
xnot.ch110249@example.com,components/providers/CartContext.tsx,7,5.691788,2026-03-11T16:50:14+07:00,2026-05-20T10:52:30+07:00,0.00
xnot.ch110249@example.com,components/season-pass/SeasonPassClaimButton.tsx,3,2.558427,2026-04-06T23:35:28+07:00,2026-05-20T10:52:30+07:00,2.10
xnot.ch110249@example.com,components/season-pass/SeasonPassDashboardContent.tsx,4,3.426930,2026-04-09T13:44:30+07:00,2026-05-20T10:52:30+07:00,2.80
xnot.ch110249@example.com,components/season-pass/SeasonPassPurchaseButton.tsx,3,2.624088,2026-04-06T23:35:28+07:00,2026-05-20T10:52:30+07:00,2.10
xnot.ch110249@example.com,drizzle/0019_product_stock_count.sql,1,0.947493,2026-05-20T10:52:30+07:00,2026-05-20T10:52:30+07:00,0.90
xnot.ch110249@example.com,drizzle/0020_user_address_profiles.sql,1,0.947493,2026-05-20T10:52:30+07:00,2026-05-20T10:52:30+07:00,0.90
xnot.ch110249@example.com,eslint.config.mjs,3,2.635551,2026-04-02T17:27:30+07:00,2026-05-20T10:52:30+07:00,0.00
xnot.ch110249@example.com,hooks/useCarouselAutoScroll.ts,1,0.947493,2026-05-20T10:52:30+07:00,2026-05-20T10:52:30+07:00,0.00
xnot.ch110249@example.com,hooks/useCsrfToken.ts,1,0.947493,2026-05-20T10:52:30+07:00,2026-05-20T10:52:30+07:00,0.00
xnot.ch110249@example.com,hooks/useMaintenanceStatus.ts,3,2.593848,2026-04-06T23:35:28+07:00,2026-05-20T10:52:30+07:00,0.00
xnot.ch110249@example.com,hooks/useProgressiveImageWindow.ts,1,0.947493,2026-05-20T10:52:30+07:00,2026-05-20T10:52:30+07:00,0.00
xnot.ch110249@example.com,hooks/usePurchaseProduct.ts,1,0.947493,2026-05-20T10:52:30+07:00,2026-05-20T10:52:30+07:00,0.80
xnot.ch110249@example.com,lib/actions/addressProfiles.ts,1,0.947493,2026-05-20T10:52:30+07:00,2026-05-20T10:52:30+07:00,0.00
xnot.ch110249@example.com,lib/api.ts,2,1.676283,2026-03-13T07:16:25+07:00,2026-05-20T10:52:30+07:00,0.00
xnot.ch110249@example.com,lib/apiSecurity.ts,4,3.123849,2026-03-11T09:07:26+07:00,2026-05-20T10:52:30+07:00,0.00
xnot.ch110249@example.com,lib/client/accountClient.ts,1,0.947493,2026-05-20T10:52:30+07:00,2026-05-20T10:52:30+07:00,0.00
xnot.ch110249@example.com,lib/client/adminGachaRewardsClient.ts,1,0.947493,2026-05-20T10:52:30+07:00,2026-05-20T10:52:30+07:00,0.00
xnot.ch110249@example.com,lib/client/cartCheckoutClient.ts,1,0.947493,2026-05-20T10:52:30+07:00,2026-05-20T10:52:30+07:00,0.00
xnot.ch110249@example.com,lib/client/cartRecommendationsClient.ts,1,0.947493,2026-05-20T10:52:30+07:00,2026-05-20T10:52:30+07:00,0.00
xnot.ch110249@example.com,lib/client/cartRefreshClient.ts,1,0.947493,2026-05-20T10:52:30+07:00,2026-05-20T10:52:30+07:00,0.00
xnot.ch110249@example.com,lib/client/gachaGridClient.ts,1,0.947493,2026-05-20T10:52:30+07:00,2026-05-20T10:52:30+07:00,0.00
xnot.ch110249@example.com,lib/client/gachaRollClient.ts,1,0.947493,2026-05-20T10:52:30+07:00,2026-05-20T10:52:30+07:00,0.00
xnot.ch110249@example.com,lib/client/popupDismissal.ts,1,0.947493,2026-05-20T10:52:30+07:00,2026-05-20T10:52:30+07:00,0.00
xnot.ch110249@example.com,lib/client/promoCodeClient.ts,1,0.947493,2026-05-20T10:52:30+07:00,2026-05-20T10:52:30+07:00,0.00
xnot.ch110249@example.com,lib/client/uploadClient.ts,1,0.947493,2026-05-20T10:52:30+07:00,2026-05-20T10:52:30+07:00,0.00
xnot.ch110249@example.com,lib/client/userBalanceClient.ts,1,0.947493,2026-05-20T10:52:30+07:00,2026-05-20T10:52:30+07:00,0.00
xnot.ch110249@example.com,lib/constants/gacha.ts,1,0.947493,2026-05-20T10:52:30+07:00,2026-05-20T10:52:30+07:00,0.00
xnot.ch110249@example.com,lib/constants/storageKeys.ts,1,0.947493,2026-05-20T10:52:30+07:00,2026-05-20T10:52:30+07:00,0.00
xnot.ch110249@example.com,lib/csrf-client.ts,3,2.528681,2026-04-03T02:15:25+07:00,2026-05-20T10:52:30+07:00,0.00
xnot.ch110249@example.com,lib/db.ts,1,0.947493,2026-05-20T10:52:30+07:00,2026-05-20T10:52:30+07:00,0.00
xnot.ch110249@example.com,lib/db/index.ts,4,3.356249,2026-03-10T00:02:29+07:00,2026-05-20T10:52:30+07:00,0.00
xnot.ch110249@example.com,lib/db/schema.ts,17,13.752595,2026-03-10T00:02:29+07:00,2026-05-20T10:52:30+07:00,17.00
xnot.ch110249@example.com,lib/emailVerification.ts,2,1.847126,2026-05-06T23:50:05+07:00,2026-05-20T10:52:30+07:00,0.00
xnot.ch110249@example.com,lib/features/admin/exportData.ts,1,0.947493,2026-05-20T10:52:30+07:00,2026-05-20T10:52:30+07:00,0.00
xnot.ch110249@example.com,lib/features/content/apiResponse.ts,1,0.947493,2026-05-20T10:52:30+07:00,2026-05-20T10:52:30+07:00,0.00
xnot.ch110249@example.com,lib/features/dashboard/topupSummary.ts,1,0.947493,2026-05-20T10:52:30+07:00,2026-05-20T10:52:30+07:00,0.00
xnot.ch110249@example.com,lib/features/gacha/apiResponse.ts,1,0.947493,2026-05-20T10:52:30+07:00,2026-05-20T10:52:30+07:00,1.00
xnot.ch110249@example.com,lib/features/gacha/limits.ts,1,0.947493,2026-05-20T10:52:30+07:00,2026-05-20T10:52:30+07:00,1.00
xnot.ch110249@example.com,lib/features/gacha/rewards.ts,1,0.947493,2026-05-20T10:52:30+07:00,2026-05-20T10:52:30+07:00,1.00
xnot.ch110249@example.com,lib/features/gacha/settings.ts,1,0.947493,2026-05-20T10:52:30+07:00,2026-05-20T10:52:30+07:00,1.00
xnot.ch110249@example.com,lib/features/gacha/users.ts,1,0.947493,2026-05-20T10:52:30+07:00,2026-05-20T10:52:30+07:00,1.00
xnot.ch110249@example.com,lib/features/products/mutations.ts,2,1.748944,2026-04-06T23:35:28+07:00,2026-05-20T10:52:30+07:00,1.60
xnot.ch110249@example.com,lib/features/products/pricing.ts,1,0.947493,2026-05-20T10:52:30+07:00,2026-05-20T10:52:30+07:00,0.80
xnot.ch110249@example.com,lib/features/products/shared.ts,3,2.578040,2026-04-06T23:35:28+07:00,2026-05-20T10:52:30+07:00,2.40
xnot.ch110249@example.com,lib/features/promo/shared.ts,3,2.556835,2026-04-06T23:35:28+07:00,2026-05-20T10:52:30+07:00,2.70
xnot.ch110249@example.com,lib/features/seasonPass/apiResponse.ts,1,0.947493,2026-05-20T10:52:30+07:00,2026-05-20T10:52:30+07:00,0.00
xnot.ch110249@example.com,lib/features/topup/easySlipService.ts,1,0.947493,2026-05-20T10:52:30+07:00,2026-05-20T10:52:30+07:00,1.00
xnot.ch110249@example.com,lib/features/topup/slipHelpers.ts,1,0.947493,2026-05-20T10:52:30+07:00,2026-05-20T10:52:30+07:00,1.00
xnot.ch110249@example.com,lib/features/topup/topupBuilders.ts,1,0.947493,2026-05-20T10:52:30+07:00,2026-05-20T10:52:30+07:00,1.00
xnot.ch110249@example.com,lib/features/topup/topupProofStorage.ts,1,0.947493,2026-05-20T10:52:30+07:00,2026-05-20T10:52:30+07:00,1.00
xnot.ch110249@example.com,lib/features/topup/topupProofValidation.ts,1,0.947493,2026-05-20T10:52:30+07:00,2026-05-20T10:52:30+07:00,1.00
xnot.ch110249@example.com,lib/features/topup/topupRequest.ts,1,0.947493,2026-05-20T10:52:30+07:00,2026-05-20T10:52:30+07:00,1.00
xnot.ch110249@example.com,lib/features/topup/topupService.ts,1,0.947493,2026-05-20T10:52:30+07:00,2026-05-20T10:52:30+07:00,1.00
xnot.ch110249@example.com,lib/features/topup/topupVerificationFlow.ts,1,0.947493,2026-05-20T10:52:30+07:00,2026-05-20T10:52:30+07:00,1.00
xnot.ch110249@example.com,lib/formatters/currency.ts,1,0.947493,2026-05-20T10:52:30+07:00,2026-05-20T10:52:30+07:00,0.00
xnot.ch110249@example.com,lib/formatters/date.ts,1,0.947493,2026-05-20T10:52:30+07:00,2026-05-20T10:52:30+07:00,0.00
xnot.ch110249@example.com,lib/gachaExecution.ts,5,4.242185,2026-04-06T23:35:28+07:00,2026-05-20T10:52:30+07:00,5.00
xnot.ch110249@example.com,lib/gachaGrid.ts,3,2.477734,2026-03-13T07:16:25+07:00,2026-05-20T10:52:30+07:00,0.00
xnot.ch110249@example.com,lib/prepare-purchase.ts,2,1.792397,2026-04-20T16:39:41+07:00,2026-05-20T10:52:30+07:00,0.00
xnot.ch110249@example.com,lib/require-auth-before-purchase.ts,3,2.621493,2026-04-15T18:56:46+07:00,2026-05-20T10:52:30+07:00,0.00
xnot.ch110249@example.com,lib/require-pin-for-action.ts,2,1.792397,2026-04-20T16:39:41+07:00,2026-05-20T10:52:30+07:00,0.00
xnot.ch110249@example.com,lib/seasonPass.ts,6,5.062177,2026-04-06T23:35:28+07:00,2026-05-20T10:52:30+07:00,0.00
xnot.ch110249@example.com,lib/seasonPassTransactions.ts,2,1.822636,2026-04-29T19:49:19+07:00,2026-05-20T10:52:30+07:00,0.00
xnot.ch110249@example.com,lib/sensitiveData.ts,3,2.597302,2026-04-06T23:35:28+07:00,2026-05-20T10:52:30+07:00,3.00
xnot.ch110249@example.com,lib/swal.ts,7,5.702712,2026-03-10T00:02:29+07:00,2026-05-20T10:52:30+07:00,0.00
xnot.ch110249@example.com,lib/utils/date.ts,5,4.139615,2026-04-03T02:15:25+07:00,2026-05-20T10:52:30+07:00,0.00
xnot.ch110249@example.com,lib/validations/profile.ts,6,4.997232,2026-03-13T07:16:25+07:00,2026-05-20T10:52:30+07:00,0.00
xnot.ch110249@example.com,lib/validations/validate.ts,3,2.399697,2026-03-11T09:07:26+07:00,2026-05-20T10:52:30+07:00,0.00
xnot.ch110249@example.com,public/chat-snail-icon.webp,1,0.947493,2026-05-20T10:52:30+07:00,2026-05-20T10:52:30+07:00,0.00
xnot.ch110249@example.com,public/season-pass-credit-icon.webp,1,0.947493,2026-05-20T10:52:30+07:00,2026-05-20T10:52:30+07:00,0.00
xnot.ch110249@example.com,public/season-pass-points-icon.webp,1,0.947493,2026-05-20T10:52:30+07:00,2026-05-20T10:52:30+07:00,0.00
xnot.ch110249@example.com,public/season-pass-ticket-card.webp,1,0.947493,2026-05-20T10:52:30+07:00,2026-05-20T10:52:30+07:00,0.00
xnot.ch110249@example.com,public/voucher-ticket-new-card.webp,1,0.947493,2026-05-20T10:52:30+07:00,2026-05-20T10:52:30+07:00,0.00
xnot.ch110249@example.com,scripts/products/backfill-stock-count.ts,1,0.947493,2026-05-20T10:52:30+07:00,2026-05-20T10:52:30+07:00,0.00
xnot.ch110249@example.com,tests/api/admin-gacha-content.test.ts,3,2.470661,2026-03-15T00:31:31+07:00,2026-05-20T10:52:30+07:00,0.00
xnot.ch110249@example.com,tests/api/admin-gacha-upload-image.test.ts,1,0.947493,2026-05-20T10:52:30+07:00,2026-05-20T10:52:30+07:00,0.00
xnot.ch110249@example.com,tests/api/admin-id-routes.test.ts,3,2.556267,2026-03-15T00:31:31+07:00,2026-05-20T10:52:30+07:00,0.00
xnot.ch110249@example.com,tests/api/admin-missing-routes.test.ts,4,3.262311,2026-03-15T00:31:31+07:00,2026-05-20T10:52:30+07:00,0.00
xnot.ch110249@example.com,tests/api/admin-news.test.ts,4,3.373052,2026-03-15T00:31:31+07:00,2026-05-20T10:52:30+07:00,0.00
xnot.ch110249@example.com,tests/api/admin-product-duplicate.test.ts,2,1.822636,2026-04-29T19:49:19+07:00,2026-05-20T10:52:30+07:00,0.00
xnot.ch110249@example.com,tests/api/admin-promo-roles.test.ts,3,2.556267,2026-03-15T00:31:31+07:00,2026-05-20T10:52:30+07:00,0.00
xnot.ch110249@example.com,tests/api/admin-routes.test.ts,3,2.470661,2026-03-15T00:31:31+07:00,2026-05-20T10:52:30+07:00,0.00
xnot.ch110249@example.com,tests/api/admin-season-pass-plan.test.ts,2,1.822636,2026-04-29T19:49:19+07:00,2026-05-20T10:52:30+07:00,0.00
xnot.ch110249@example.com,tests/api/admin-settings-products.test.ts,3,2.470661,2026-03-15T00:31:31+07:00,2026-05-20T10:52:30+07:00,0.00
xnot.ch110249@example.com,tests/api/admin-slip-image.test.ts,2,1.748944,2026-04-06T23:35:28+07:00,2026-05-20T10:52:30+07:00,0.00
xnot.ch110249@example.com,tests/api/admin-sub-routes.test.ts,3,2.470661,2026-03-15T00:31:31+07:00,2026-05-20T10:52:30+07:00,0.00
xnot.ch110249@example.com,tests/api/admin-zero-coverage.test.ts,3,2.470661,2026-03-15T00:31:31+07:00,2026-05-20T10:52:30+07:00,0.00
xnot.ch110249@example.com,tests/api/cart-refresh.test.ts,1,0.947493,2026-05-20T10:52:30+07:00,2026-05-20T10:52:30+07:00,0.00
xnot.ch110249@example.com,tests/api/chat-routes.test.ts,3,2.528681,2026-04-03T02:15:25+07:00,2026-05-20T10:52:30+07:00,0.00
xnot.ch110249@example.com,tests/api/content-help-contracts.test.ts,1,0.947493,2026-05-20T10:52:30+07:00,2026-05-20T10:52:30+07:00,0.00
xnot.ch110249@example.com,tests/api/content-roles-contracts.test.ts,1,0.947493,2026-05-20T10:52:30+07:00,2026-05-20T10:52:30+07:00,0.00
xnot.ch110249@example.com,tests/api/content-season-pass-contracts.test.ts,1,0.947493,2026-05-20T10:52:30+07:00,2026-05-20T10:52:30+07:00,0.00
xnot.ch110249@example.com,tests/api/content-settings-contracts.test.ts,1,0.947493,2026-05-20T10:52:30+07:00,2026-05-20T10:52:30+07:00,0.00
xnot.ch110249@example.com,tests/api/coverage-boost-2.test.ts,2,1.681123,2026-03-15T00:31:31+07:00,2026-05-20T10:52:30+07:00,0.00
xnot.ch110249@example.com,tests/api/coverage-boost-3.test.ts,4,3.344830,2026-03-15T00:31:31+07:00,2026-05-20T10:52:30+07:00,0.00
xnot.ch110249@example.com,tests/api/coverage-boost.test.ts,4,3.344830,2026-03-15T00:31:31+07:00,2026-05-20T10:52:30+07:00,0.00
xnot.ch110249@example.com,tests/api/final-coverage-patch-2.test.ts,3,2.556267,2026-03-15T00:31:31+07:00,2026-05-20T10:52:30+07:00,0.00
xnot.ch110249@example.com,tests/api/final-coverage-patch-3.test.ts,5,4.210439,2026-03-15T00:31:31+07:00,2026-05-20T10:52:30+07:00,0.00
xnot.ch110249@example.com,tests/api/final-coverage-patch-4.test.ts,2,1.681123,2026-03-15T00:31:31+07:00,2026-05-20T10:52:30+07:00,0.00
xnot.ch110249@example.com,tests/api/final-coverage-patch-5.test.ts,2,1.681123,2026-03-15T00:31:31+07:00,2026-05-20T10:52:30+07:00,0.00
xnot.ch110249@example.com,tests/api/final-coverage-patch-6.test.ts,3,2.556267,2026-03-15T00:31:31+07:00,2026-05-20T10:52:30+07:00,0.00
xnot.ch110249@example.com,tests/api/final-coverage-patch-7.test.ts,2,1.681123,2026-03-15T00:31:31+07:00,2026-05-20T10:52:30+07:00,0.00
xnot.ch110249@example.com,tests/api/final-coverage-patch.test.ts,4,3.344830,2026-03-15T00:31:31+07:00,2026-05-20T10:52:30+07:00,0.00
xnot.ch110249@example.com,tests/api/new-code-routes.test.ts,2,1.681123,2026-03-15T00:31:31+07:00,2026-05-20T10:52:30+07:00,0.00
xnot.ch110249@example.com,tests/api/new-code-uncovered.test.ts,3,2.470661,2026-03-15T00:31:31+07:00,2026-05-20T10:52:30+07:00,0.00
xnot.ch110249@example.com,tests/api/product-stock-separator.test.ts,2,1.822636,2026-04-29T19:49:19+07:00,2026-05-20T10:52:30+07:00,0.00
xnot.ch110249@example.com,tests/api/products-id.test.ts,3,2.551979,2026-03-13T11:59:48+07:00,2026-05-20T10:52:30+07:00,0.00
xnot.ch110249@example.com,tests/api/products-users-success.test.ts,3,2.491623,2026-03-15T00:31:31+07:00,2026-05-20T10:52:30+07:00,0.00
xnot.ch110249@example.com,tests/api/profile-upload.test.ts,2,1.742610,2026-04-04T22:08:26+07:00,2026-05-20T10:52:30+07:00,0.00
xnot.ch110249@example.com,tests/api/public-routes.test.ts,4,3.344830,2026-03-15T00:31:31+07:00,2026-05-20T10:52:30+07:00,0.00
xnot.ch110249@example.com,tests/api/remaining-routes.test.ts,4,3.344830,2026-03-15T00:31:31+07:00,2026-05-20T10:52:30+07:00,0.00
xnot.ch110249@example.com,tests/api/routes.test.ts,4,3.416614,2026-03-13T11:59:48+07:00,2026-05-20T10:52:30+07:00,0.00
xnot.ch110249@example.com,tests/api/season-pass-claim.test.ts,2,1.822636,2026-04-29T19:49:19+07:00,2026-05-20T10:52:30+07:00,0.00
xnot.ch110249@example.com,tests/api/season-pass-upload-image-contracts.test.ts,1,0.947493,2026-05-20T10:52:30+07:00,2026-05-20T10:52:30+07:00,0.00
xnot.ch110249@example.com,tests/api/zero-coverage-routes.test.ts,3,2.489014,2026-03-15T00:31:31+07:00,2026-05-20T10:52:30+07:00,0.00
xnot.ch110249@example.com,tests/components/announcement-popup.test.tsx,4,3.508817,2026-04-11T21:42:54+07:00,2026-05-20T10:52:30+07:00,0.00
xnot.ch110249@example.com,tests/components/auth-shared.test.tsx,1,0.947493,2026-05-20T10:52:30+07:00,2026-05-20T10:52:30+07:00,0.00
xnot.ch110249@example.com,tests/components/cart-context.test.tsx,1,0.947493,2026-05-20T10:52:30+07:00,2026-05-20T10:52:30+07:00,0.00
xnot.ch110249@example.com,tests/components/cart-sheet-refresh.test.tsx,1,0.947493,2026-05-20T10:52:30+07:00,2026-05-20T10:52:30+07:00,0.00
xnot.ch110249@example.com,tests/components/email-shared.test.tsx,1,0.947493,2026-05-20T10:52:30+07:00,2026-05-20T10:52:30+07:00,0.00
xnot.ch110249@example.com,tests/lib/accountClient.test.ts,1,0.947493,2026-05-20T10:52:30+07:00,2026-05-20T10:52:30+07:00,0.00
xnot.ch110249@example.com,tests/lib/addressProfiles.test.ts,1,0.947493,2026-05-20T10:52:30+07:00,2026-05-20T10:52:30+07:00,0.00
xnot.ch110249@example.com,tests/lib/adminExport.test.ts,1,0.947493,2026-05-20T10:52:30+07:00,2026-05-20T10:52:30+07:00,0.00
xnot.ch110249@example.com,tests/lib/adminGachaRewardsClient.test.ts,1,0.947493,2026-05-20T10:52:30+07:00,2026-05-20T10:52:30+07:00,0.00
xnot.ch110249@example.com,tests/lib/api.test.ts,3,2.410402,2026-03-13T11:26:54+07:00,2026-05-20T10:52:30+07:00,0.00
xnot.ch110249@example.com,tests/lib/apiSecurity.test.ts,4,3.250882,2026-03-13T10:49:53+07:00,2026-05-20T10:52:30+07:00,0.00
xnot.ch110249@example.com,tests/lib/auth.test.ts,3,2.556267,2026-03-15T00:31:31+07:00,2026-05-20T10:52:30+07:00,0.00
xnot.ch110249@example.com,tests/lib/cache.test.ts,2,1.681123,2026-03-15T00:31:31+07:00,2026-05-20T10:52:30+07:00,0.00
xnot.ch110249@example.com,tests/lib/cartCheckoutClient.test.ts,1,0.947493,2026-05-20T10:52:30+07:00,2026-05-20T10:52:30+07:00,0.00
xnot.ch110249@example.com,tests/lib/cartRecommendationsClient.test.ts,1,0.947493,2026-05-20T10:52:30+07:00,2026-05-20T10:52:30+07:00,0.00
xnot.ch110249@example.com,tests/lib/cartRefreshClient.test.ts,1,0.947493,2026-05-20T10:52:30+07:00,2026-05-20T10:52:30+07:00,0.00
xnot.ch110249@example.com,tests/lib/contentApiResponse.test.ts,1,0.947493,2026-05-20T10:52:30+07:00,2026-05-20T10:52:30+07:00,0.00
xnot.ch110249@example.com,tests/lib/dashboardTopupSummary.test.ts,1,0.947493,2026-05-20T10:52:30+07:00,2026-05-20T10:52:30+07:00,0.00
xnot.ch110249@example.com,tests/lib/gachaApiResponse.test.ts,1,0.947493,2026-05-20T10:52:30+07:00,2026-05-20T10:52:30+07:00,0.00
xnot.ch110249@example.com,tests/lib/gachaGridClient.test.ts,1,0.947493,2026-05-20T10:52:30+07:00,2026-05-20T10:52:30+07:00,0.00
xnot.ch110249@example.com,tests/lib/gachaLimits.test.ts,1,0.947493,2026-05-20T10:52:30+07:00,2026-05-20T10:52:30+07:00,0.00
xnot.ch110249@example.com,tests/lib/gachaRewards.test.ts,1,0.947493,2026-05-20T10:52:30+07:00,2026-05-20T10:52:30+07:00,0.00
xnot.ch110249@example.com,tests/lib/gachaRollClient.test.ts,1,0.947493,2026-05-20T10:52:30+07:00,2026-05-20T10:52:30+07:00,0.00
xnot.ch110249@example.com,tests/lib/gachaSettings.test.ts,1,0.947493,2026-05-20T10:52:30+07:00,2026-05-20T10:52:30+07:00,0.00
xnot.ch110249@example.com,tests/lib/gachaUsers.test.ts,1,0.947493,2026-05-20T10:52:30+07:00,2026-05-20T10:52:30+07:00,0.00
xnot.ch110249@example.com,tests/lib/imageCrop.test.ts,1,0.947493,2026-05-20T10:52:30+07:00,2026-05-20T10:52:30+07:00,0.00
xnot.ch110249@example.com,tests/lib/productPricing.test.ts,1,0.947493,2026-05-20T10:52:30+07:00,2026-05-20T10:52:30+07:00,0.00
xnot.ch110249@example.com,tests/lib/promoCodeClient.test.ts,1,0.947493,2026-05-20T10:52:30+07:00,2026-05-20T10:52:30+07:00,0.00
xnot.ch110249@example.com,tests/lib/seasonPass.test.ts,3,2.558427,2026-04-06T23:35:28+07:00,2026-05-20T10:52:30+07:00,0.00
xnot.ch110249@example.com,tests/lib/seasonPassApiResponse.test.ts,1,0.947493,2026-05-20T10:52:30+07:00,2026-05-20T10:52:30+07:00,0.00
xnot.ch110249@example.com,tests/lib/swal.test.ts,2,1.681123,2026-03-15T00:31:31+07:00,2026-05-20T10:52:30+07:00,0.00
xnot.ch110249@example.com,tests/lib/topupBuilders.test.ts,1,0.947493,2026-05-20T10:52:30+07:00,2026-05-20T10:52:30+07:00,0.00
xnot.ch110249@example.com,tests/lib/topupEasySlipService.test.ts,1,0.947493,2026-05-20T10:52:30+07:00,2026-05-20T10:52:30+07:00,0.00
xnot.ch110249@example.com,tests/lib/topupProofStorage.test.ts,1,0.947493,2026-05-20T10:52:30+07:00,2026-05-20T10:52:30+07:00,0.00
xnot.ch110249@example.com,tests/lib/topupProofValidation.test.ts,1,0.947493,2026-05-20T10:52:30+07:00,2026-05-20T10:52:30+07:00,0.00
xnot.ch110249@example.com,tests/lib/topupRequest.test.ts,1,0.947493,2026-05-20T10:52:30+07:00,2026-05-20T10:52:30+07:00,0.00
xnot.ch110249@example.com,tests/lib/topupService.test.ts,1,0.947493,2026-05-20T10:52:30+07:00,2026-05-20T10:52:30+07:00,0.00
xnot.ch110249@example.com,tests/lib/topupSlipHelpers.test.ts,1,0.947493,2026-05-20T10:52:30+07:00,2026-05-20T10:52:30+07:00,0.00
xnot.ch110249@example.com,tests/lib/topupVerificationFlow.test.ts,1,0.947493,2026-05-20T10:52:30+07:00,2026-05-20T10:52:30+07:00,0.00
xnot.ch110249@example.com,tests/lib/uploadClient.test.ts,1,0.947493,2026-05-20T10:52:30+07:00,2026-05-20T10:52:30+07:00,0.00
xnot.ch110249@example.com,tests/lib/userActions.test.ts,3,2.469687,2026-03-15T00:31:31+07:00,2026-05-20T10:52:30+07:00,0.00
xnot.ch110249@example.com,tests/lib/userBalanceClient.test.ts,1,0.947493,2026-05-20T10:52:30+07:00,2026-05-20T10:52:30+07:00,0.00
xnot.ch110249@example.com,tests/lib/validateBody.test.ts,2,1.676717,2026-03-13T10:58:58+07:00,2026-05-20T10:52:30+07:00,0.00
xnot.ch110249@example.com,tsconfig.json,1,0.947493,2026-05-20T10:52:30+07:00,2026-05-20T10:52:30+07:00,0.00
xnot.ch110249@example.com,.env.example,9,7.310995,2026-03-10T00:02:29+07:00,2026-05-06T23:50:05+07:00,7.20
xnot.ch110249@example.com,.github/workflows/AGENTS.md,2,1.764268,2026-04-26T16:31:35+07:00,2026-05-06T23:50:05+07:00,0.00
xnot.ch110249@example.com,.gitignore,8,6.472445,2026-03-10T00:02:29+07:00,2026-05-06T23:50:05+07:00,0.00
xnot.ch110249@example.com,.obsidian/app.json,1,0.899634,2026-05-06T23:50:05+07:00,2026-05-06T23:50:05+07:00,0.00
xnot.ch110249@example.com,.obsidian/appearance.json,1,0.899634,2026-05-06T23:50:05+07:00,2026-05-06T23:50:05+07:00,0.00
xnot.ch110249@example.com,.obsidian/core-plugins.json,1,0.899634,2026-05-06T23:50:05+07:00,2026-05-06T23:50:05+07:00,0.00
xnot.ch110249@example.com,.obsidian/workspace.json,1,0.899634,2026-05-06T23:50:05+07:00,2026-05-06T23:50:05+07:00,0.00
xnot.ch110249@example.com,README.md,4,3.449155,2026-04-09T13:44:30+07:00,2026-05-06T23:50:05+07:00,0.00
xnot.ch110249@example.com,app/api/admin/slips/[id]/image/route.ts,3,2.514930,2026-04-06T23:35:28+07:00,2026-05-06T23:50:05+07:00,6.00
xnot.ch110249@example.com,app/api/auth/send-verification-email/route.ts,1,0.899634,2026-05-06T23:50:05+07:00,2026-05-06T23:50:05+07:00,1.00
xnot.ch110249@example.com,app/api/logout/route.ts,2,1.689172,2026-04-03T02:15:25+07:00,2026-05-06T23:50:05+07:00,1.60
xnot.ch110249@example.com,app/api/profile/send-verification-email/route.ts,1,0.899634,2026-05-06T23:50:05+07:00,2026-05-06T23:50:05+07:00,0.00
xnot.ch110249@example.com,app/api/register/route.ts,5,4.260141,2026-04-09T01:28:19+07:00,2026-05-06T23:50:05+07:00,4.50
xnot.ch110249@example.com,app/opengraph-image.tsx,2,1.764268,2026-04-26T16:31:35+07:00,2026-05-06T23:50:05+07:00,0.00
xnot.ch110249@example.com,auth.ts,4,3.410681,2026-04-10T23:14:05+07:00,2026-05-06T23:50:05+07:00,4.00
xnot.ch110249@example.com,cloudflare-env.d.ts,1,0.899634,2026-05-06T23:50:05+07:00,2026-05-06T23:50:05+07:00,0.70
xnot.ch110249@example.com,components/MobileAutoHideHeader.tsx,2,1.744538,2026-04-20T16:39:41+07:00,2026-05-06T23:50:05+07:00,0.00
xnot.ch110249@example.com,components/PageBreadcrumb.tsx,9,7.230648,2026-03-11T16:50:14+07:00,2026-05-06T23:50:05+07:00,0.00
xnot.ch110249@example.com,components/useLogout.ts,4,3.377535,2026-04-01T11:27:28+07:00,2026-05-06T23:50:05+07:00,0.00
xnot.ch110249@example.com,docs/ai-workflow.md,1,0.899634,2026-05-06T23:50:05+07:00,2026-05-06T23:50:05+07:00,0.00
xnot.ch110249@example.com,docs/tasks/login-hardening.md,1,0.899634,2026-05-06T23:50:05+07:00,2026-05-06T23:50:05+07:00,0.00
xnot.ch110249@example.com,docs/tasks/login.md,1,0.899634,2026-05-06T23:50:05+07:00,2026-05-06T23:50:05+07:00,0.00
xnot.ch110249@example.com,drizzle/0018_email_verification_tokens.sql,1,0.899634,2026-05-06T23:50:05+07:00,2026-05-06T23:50:05+07:00,0.90
xnot.ch110249@example.com,lib/actions/user.ts,9,7.342944,2026-03-13T07:16:25+07:00,2026-05-06T23:50:05+07:00,0.00
xnot.ch110249@example.com,lib/authRedirect.ts,2,1.728729,2026-04-15T18:56:46+07:00,2026-05-06T23:50:05+07:00,0.00
xnot.ch110249@example.com,lib/chatMedia.ts,4,3.273036,2026-04-03T02:15:25+07:00,2026-05-06T23:50:05+07:00,0.00
xnot.ch110249@example.com,lib/cloudflareStorage.ts,1,0.899634,2026-05-06T23:50:05+07:00,2026-05-06T23:50:05+07:00,0.00
xnot.ch110249@example.com,lib/login.ts,3,2.639411,2026-04-26T16:31:35+07:00,2026-05-06T23:50:05+07:00,0.00
xnot.ch110249@example.com,lib/mail.ts,5,3.854600,2026-03-10T00:02:29+07:00,2026-05-06T23:50:05+07:00,0.00
xnot.ch110249@example.com,lib/rateLimit.ts,5,4.157416,2026-04-03T02:15:25+07:00,2026-05-06T23:50:05+07:00,0.00
xnot.ch110249@example.com,lib/redis.ts,1,0.899634,2026-05-06T23:50:05+07:00,2026-05-06T23:50:05+07:00,0.00
xnot.ch110249@example.com,lib/security/turnstile.ts,2,1.732202,2026-04-16T20:59:44+07:00,2026-05-06T23:50:05+07:00,2.00
xnot.ch110249@example.com,lib/serverImageUpload.ts,4,3.302459,2026-04-03T23:20:46+07:00,2026-05-06T23:50:05+07:00,0.00
xnot.ch110249@example.com,lib/slipStorage.ts,2,1.701085,2026-04-06T23:35:28+07:00,2026-05-06T23:50:05+07:00,0.00
xnot.ch110249@example.com,mcp_config.json,3,2.561324,2026-04-11T21:42:54+07:00,2026-05-06T23:50:05+07:00,0.00
xnot.ch110249@example.com,open-next.config.ts,1,0.899634,2026-05-06T23:50:05+07:00,2026-05-06T23:50:05+07:00,0.00
xnot.ch110249@example.com,package-lock.json,6,4.613671,2026-03-10T00:02:29+07:00,2026-05-06T23:50:05+07:00,0.00
xnot.ch110249@example.com,scripts/AGENTS.md,3,2.639672,2026-04-26T16:31:35+07:00,2026-05-06T23:50:05+07:00,0.00
xnot.ch110249@example.com,scripts/migrate-local-storage-to-r2.mjs,1,0.899634,2026-05-06T23:50:05+07:00,2026-05-06T23:50:05+07:00,0.00
xnot.ch110249@example.com,scripts/sonar/AGENTS.md,2,1.764268,2026-04-26T16:31:35+07:00,2026-05-06T23:50:05+07:00,0.00
xnot.ch110249@example.com,scripts/windows/AGENTS.md,2,1.764268,2026-04-26T16:31:35+07:00,2026-05-06T23:50:05+07:00,1.40
xnot.ch110249@example.com,tests/api/logout.test.ts,3,2.422802,2026-03-15T00:31:31+07:00,2026-05-06T23:50:05+07:00,0.00
xnot.ch110249@example.com,tests/e2e/home.spec.ts,1,0.899634,2026-05-06T23:50:05+07:00,2026-05-06T23:50:05+07:00,0.00
xnot.ch110249@example.com,tests/lib/auth-config.test.ts,1,0.899634,2026-05-06T23:50:05+07:00,2026-05-06T23:50:05+07:00,0.00
xnot.ch110249@example.com,tests/lib/authRedirect.test.ts,1,0.899634,2026-05-06T23:50:05+07:00,2026-05-06T23:50:05+07:00,0.00
xnot.ch110249@example.com,tests/lib/login.test.ts,3,2.639411,2026-04-26T16:31:35+07:00,2026-05-06T23:50:05+07:00,0.00
xnot.ch110249@example.com,tests/lib/redis.test.ts,1,0.899634,2026-05-06T23:50:05+07:00,2026-05-06T23:50:05+07:00,0.00
xnot.ch110249@example.com,tests/lib/turnstile.test.ts,1,0.899634,2026-05-06T23:50:05+07:00,2026-05-06T23:50:05+07:00,0.00
xnot.ch110249@example.com,wrangler.jsonc,1,0.899634,2026-05-06T23:50:05+07:00,2026-05-06T23:50:05+07:00,0.80
xnot.ch110249@example.com,app/api/admin/products/[id]/featured/route.ts,4,3.215477,2026-03-13T07:16:25+07:00,2026-04-30T14:10:22+07:00,4.00
xnot.ch110249@example.com,app/api/admin/settings/route.ts,5,4.034947,2026-03-13T07:16:25+07:00,2026-04-30T14:10:22+07:00,5.00
xnot.ch110249@example.com,app/api/admin/slips/route.ts,4,3.200691,2026-03-10T00:02:29+07:00,2026-04-30T14:10:22+07:00,8.00
xnot.ch110249@example.com,app/api/cart/checkout/route.ts,11,8.805193,2026-03-10T00:02:29+07:00,2026-04-30T14:10:22+07:00,11.00
xnot.ch110249@example.com,app/api/purchase/route.ts,9,7.143578,2026-03-10T00:02:29+07:00,2026-04-30T14:10:22+07:00,9.00
xnot.ch110249@example.com,app/api/upload/route.ts,6,4.661140,2026-03-11T09:07:26+07:00,2026-04-30T14:10:22+07:00,0.00
xnot.ch110249@example.com,docker-compose.yml,4,3.243190,2026-03-11T09:07:26+07:00,2026-04-30T14:10:22+07:00,3.20
xnot.ch110249@example.com,lib/auth.ts,4,3.220636,2026-03-10T00:02:29+07:00,2026-04-30T14:10:22+07:00,4.00
xnot.ch110249@example.com,lib/csrf.ts,4,3.114706,2026-03-10T00:02:29+07:00,2026-04-30T14:10:22+07:00,4.00
xnot.ch110249@example.com,docs/project-structure.md,2,1.750777,2026-04-29T21:27:31+07:00,2026-04-29T21:40:28+07:00,0.00
xnot.ch110249@example.com,docs/runbooks/incident-commerce.md,2,1.740038,2026-04-26T16:31:35+07:00,2026-04-29T21:40:28+07:00,0.00
xnot.ch110249@example.com,scripts/add-banners-json.ts,2,1.627584,2026-03-21T12:09:18+07:00,2026-04-29T21:40:28+07:00,0.00
xnot.ch110249@example.com,scripts/add-missing-columns.mjs,2,1.594988,2026-03-10T00:02:29+07:00,2026-04-29T21:40:28+07:00,0.00
xnot.ch110249@example.com,scripts/admin/AGENTS.md,1,0.875404,2026-04-29T21:40:28+07:00,2026-04-29T21:40:28+07:00,0.00
xnot.ch110249@example.com,scripts/admin/fix-admin-password.ts,1,0.875404,2026-04-29T21:40:28+07:00,2026-04-29T21:40:28+07:00,0.00
xnot.ch110249@example.com,scripts/backup-db.ts,1,0.875404,2026-04-29T21:40:28+07:00,2026-04-29T21:40:28+07:00,0.00
xnot.ch110249@example.com,scripts/check-db.ts,3,2.323778,2026-03-10T00:02:29+07:00,2026-04-29T21:40:28+07:00,0.00
xnot.ch110249@example.com,scripts/check-encoding.mjs,2,1.683295,2026-04-09T01:28:19+07:00,2026-04-29T21:40:28+07:00,0.00
xnot.ch110249@example.com,scripts/cleanup-legacy-slip-files.mjs,2,1.676855,2026-04-06T23:35:28+07:00,2026-04-29T21:40:28+07:00,0.00
xnot.ch110249@example.com,scripts/db-health-utils.mjs,2,1.750547,2026-04-29T19:49:19+07:00,2026-04-29T21:40:28+07:00,0.00
xnot.ch110249@example.com,scripts/db/AGENTS.md,1,0.875404,2026-04-29T21:40:28+07:00,2026-04-29T21:40:28+07:00,0.80
xnot.ch110249@example.com,scripts/db/add-banners-json.ts,1,0.875404,2026-04-29T21:40:28+07:00,2026-04-29T21:40:28+07:00,0.80
xnot.ch110249@example.com,scripts/db/add-missing-columns.mjs,1,0.875404,2026-04-29T21:40:28+07:00,2026-04-29T21:40:28+07:00,0.80
xnot.ch110249@example.com,scripts/db/backup-db.ts,1,0.875404,2026-04-29T21:40:28+07:00,2026-04-29T21:40:28+07:00,0.80
xnot.ch110249@example.com,scripts/db/check-db.ts,1,0.875404,2026-04-29T21:40:28+07:00,2026-04-29T21:40:28+07:00,0.80
xnot.ch110249@example.com,scripts/db/db-health-utils.mjs,1,0.875404,2026-04-29T21:40:28+07:00,2026-04-29T21:40:28+07:00,0.80
xnot.ch110249@example.com,scripts/db/migrate-sensitive-data.mjs,1,0.875404,2026-04-29T21:40:28+07:00,2026-04-29T21:40:28+07:00,0.80
xnot.ch110249@example.com,scripts/db/validate-db-health.mjs,1,0.875404,2026-04-29T21:40:28+07:00,2026-04-29T21:40:28+07:00,0.80
xnot.ch110249@example.com,scripts/deploy/AGENTS.md,1,0.875404,2026-04-29T21:40:28+07:00,2026-04-29T21:40:28+07:00,0.80
xnot.ch110249@example.com,scripts/deploy/validate-deploy.mjs,1,0.875404,2026-04-29T21:40:28+07:00,2026-04-29T21:40:28+07:00,0.80
xnot.ch110249@example.com,scripts/dev/AGENTS.md,1,0.875404,2026-04-29T21:40:28+07:00,2026-04-29T21:40:28+07:00,0.00
xnot.ch110249@example.com,scripts/dev/run-next-dev.mjs,1,0.875404,2026-04-29T21:40:28+07:00,2026-04-29T21:40:28+07:00,0.00
xnot.ch110249@example.com,scripts/export-all.bat,2,1.618930,2026-03-18T12:01:52+07:00,2026-04-29T21:40:28+07:00,0.00
xnot.ch110249@example.com,scripts/export-csv.js,3,2.323778,2026-03-10T00:02:29+07:00,2026-04-29T21:40:28+07:00,0.00
xnot.ch110249@example.com,scripts/export-products-dev.mjs,2,1.684887,2026-04-09T13:44:30+07:00,2026-04-29T21:40:28+07:00,0.00
xnot.ch110249@example.com,scripts/exports/AGENTS.md,1,0.875404,2026-04-29T21:40:28+07:00,2026-04-29T21:40:28+07:00,0.00
xnot.ch110249@example.com,scripts/exports/export-all.bat,1,0.875404,2026-04-29T21:40:28+07:00,2026-04-29T21:40:28+07:00,0.00
xnot.ch110249@example.com,scripts/exports/export-csv.js,1,0.875404,2026-04-29T21:40:28+07:00,2026-04-29T21:40:28+07:00,0.00
xnot.ch110249@example.com,scripts/fix-admin-password.ts,1,0.875404,2026-04-29T21:40:28+07:00,2026-04-29T21:40:28+07:00,0.00
xnot.ch110249@example.com,scripts/import-products-prod.mjs,2,1.684887,2026-04-09T13:44:30+07:00,2026-04-29T21:40:28+07:00,0.00
xnot.ch110249@example.com,scripts/migrate-sensitive-data.mjs,2,1.676855,2026-04-06T23:35:28+07:00,2026-04-29T21:40:28+07:00,0.00
xnot.ch110249@example.com,scripts/migrate-slip-files.mjs,2,1.676855,2026-04-06T23:35:28+07:00,2026-04-29T21:40:28+07:00,0.00
xnot.ch110249@example.com,scripts/ops/AGENTS.md,1,0.875404,2026-04-29T21:40:28+07:00,2026-04-29T21:40:28+07:00,0.00
xnot.ch110249@example.com,scripts/ops/reconcile-commerce.mjs,1,0.875404,2026-04-29T21:40:28+07:00,2026-04-29T21:40:28+07:00,0.00
xnot.ch110249@example.com,scripts/ops/tmp-check-machines.ts,1,0.875404,2026-04-29T21:40:28+07:00,2026-04-29T21:40:28+07:00,0.00
xnot.ch110249@example.com,scripts/ops/verify-purchase-locking.mjs,1,0.875404,2026-04-29T21:40:28+07:00,2026-04-29T21:40:28+07:00,0.00
xnot.ch110249@example.com,scripts/product-sync-utils.mjs,2,1.684887,2026-04-09T13:44:30+07:00,2026-04-29T21:40:28+07:00,0.00
xnot.ch110249@example.com,scripts/products/AGENTS.md,1,0.875404,2026-04-29T21:40:28+07:00,2026-04-29T21:40:28+07:00,0.00
xnot.ch110249@example.com,scripts/products/export-products-dev.mjs,1,0.875404,2026-04-29T21:40:28+07:00,2026-04-29T21:40:28+07:00,0.00
xnot.ch110249@example.com,scripts/products/import-products-prod.mjs,1,0.875404,2026-04-29T21:40:28+07:00,2026-04-29T21:40:28+07:00,0.00
xnot.ch110249@example.com,scripts/products/product-sync-utils.mjs,1,0.875404,2026-04-29T21:40:28+07:00,2026-04-29T21:40:28+07:00,0.00
xnot.ch110249@example.com,scripts/quality/AGENTS.md,1,0.875404,2026-04-29T21:40:28+07:00,2026-04-29T21:40:28+07:00,0.00
xnot.ch110249@example.com,scripts/quality/check-encoding.mjs,1,0.875404,2026-04-29T21:40:28+07:00,2026-04-29T21:40:28+07:00,0.00
xnot.ch110249@example.com,scripts/reconcile-commerce.mjs,2,1.676855,2026-04-06T23:35:28+07:00,2026-04-29T21:40:28+07:00,0.00
xnot.ch110249@example.com,scripts/run-next-dev.mjs,5,4.143265,2026-04-02T17:27:30+07:00,2026-04-29T21:40:28+07:00,0.00
xnot.ch110249@example.com,scripts/seed-admin.ts,2,1.594988,2026-03-10T00:02:29+07:00,2026-04-29T21:40:28+07:00,0.00
xnot.ch110249@example.com,scripts/seed-faq.ts,1,0.875404,2026-04-29T21:40:28+07:00,2026-04-29T21:40:28+07:00,0.00
xnot.ch110249@example.com,scripts/seed-gacha-grid.ts,1,0.875404,2026-04-29T21:40:28+07:00,2026-04-29T21:40:28+07:00,0.00
xnot.ch110249@example.com,scripts/seed-roles.ts,2,1.622921,2026-03-19T21:24:04+07:00,2026-04-29T21:40:28+07:00,0.00
xnot.ch110249@example.com,scripts/seeds/AGENTS.md,1,0.875404,2026-04-29T21:40:28+07:00,2026-04-29T21:40:28+07:00,0.00
xnot.ch110249@example.com,scripts/seeds/seed-admin.ts,1,0.875404,2026-04-29T21:40:28+07:00,2026-04-29T21:40:28+07:00,0.00
xnot.ch110249@example.com,scripts/seeds/seed-faq.ts,1,0.875404,2026-04-29T21:40:28+07:00,2026-04-29T21:40:28+07:00,0.00
xnot.ch110249@example.com,scripts/seeds/seed-gacha-grid.ts,1,0.875404,2026-04-29T21:40:28+07:00,2026-04-29T21:40:28+07:00,0.00
xnot.ch110249@example.com,scripts/seeds/seed-roles.ts,1,0.875404,2026-04-29T21:40:28+07:00,2026-04-29T21:40:28+07:00,0.00
xnot.ch110249@example.com,scripts/sonar/summarize-sonar-legacy.js,1,0.875404,2026-04-29T21:40:28+07:00,2026-04-29T21:40:28+07:00,0.00
xnot.ch110249@example.com,scripts/storage/AGENTS.md,1,0.875404,2026-04-29T21:40:28+07:00,2026-04-29T21:40:28+07:00,0.90
xnot.ch110249@example.com,scripts/storage/cleanup-legacy-slip-files.mjs,1,0.875404,2026-04-29T21:40:28+07:00,2026-04-29T21:40:28+07:00,0.90
xnot.ch110249@example.com,scripts/storage/migrate-slip-files.mjs,1,0.875404,2026-04-29T21:40:28+07:00,2026-04-29T21:40:28+07:00,0.90
xnot.ch110249@example.com,scripts/summarize-sonar.js,3,2.443722,2026-03-11T09:07:26+07:00,2026-04-29T21:40:28+07:00,0.00
xnot.ch110249@example.com,scripts/tmp-check-machines.ts,2,1.700453,2026-04-14T12:27:01+07:00,2026-04-29T21:40:28+07:00,0.00
xnot.ch110249@example.com,scripts/validate-db-health.mjs,2,1.750547,2026-04-29T19:49:19+07:00,2026-04-29T21:40:28+07:00,0.00
xnot.ch110249@example.com,scripts/validate-deploy.mjs,4,3.340518,2026-04-02T18:12:39+07:00,2026-04-29T21:40:28+07:00,0.00
xnot.ch110249@example.com,scripts/verify-purchase-locking.mjs,2,1.750547,2026-04-29T19:49:19+07:00,2026-04-29T21:40:28+07:00,0.00
xnot.ch110249@example.com,storage/chat-media/1777102961628-f64994be490e2e0a.webp,2,1.740015,2026-04-26T16:31:35+07:00,2026-04-29T21:30:35+07:00,0.00
xnot.ch110249@example.com,storage/homepage.html,2,1.676832,2026-04-06T23:35:28+07:00,2026-04-29T21:30:35+07:00,0.00
xnot.ch110249@example.com,storage/next-dev.err.log,2,1.667031,2026-04-03T18:54:16+07:00,2026-04-29T21:30:35+07:00,0.00
xnot.ch110249@example.com,storage/next-dev.out.log,2,1.667031,2026-04-03T18:54:16+07:00,2026-04-29T21:30:35+07:00,0.00
xnot.ch110249@example.com,storage/private/slips/1775572301488-23b8aba2.webp,2,1.683272,2026-04-09T01:28:19+07:00,2026-04-29T21:30:35+07:00,2.00
xnot.ch110249@example.com,storage/private/slips/1775668582600-e667f7b5.webp,2,1.683272,2026-04-09T01:28:19+07:00,2026-04-29T21:30:35+07:00,2.00
xnot.ch110249@example.com,storage/tmp-page.tsx,2,1.676832,2026-04-06T23:35:28+07:00,2026-04-29T21:30:35+07:00,0.00
xnot.ch110249@example.com,storage/tmp-tests/admin-slip-image.webp,2,1.704507,2026-04-15T19:10:30+07:00,2026-04-29T21:30:35+07:00,0.00
xnot.ch110249@example.com,storage/uploads/gacha-machines/1775929325990-417e9eca.webp,2,1.700430,2026-04-14T12:27:01+07:00,2026-04-29T21:30:35+07:00,1.60
xnot.ch110249@example.com,storage/uploads/gacha-machines/1775931111068-8de712e2.webp,2,1.700430,2026-04-14T12:27:01+07:00,2026-04-29T21:30:35+07:00,1.60
xnot.ch110249@example.com,storage/uploads/gacha-machines/1775931123710-23a21348.webp,2,1.700430,2026-04-14T12:27:01+07:00,2026-04-29T21:30:35+07:00,1.60
xnot.ch110249@example.com,storage/uploads/gacha-machines/1775932546375-e477675c.webp,2,1.700430,2026-04-14T12:27:01+07:00,2026-04-29T21:30:35+07:00,1.60
xnot.ch110249@example.com,storage/uploads/gacha-machines/1775933798343-9ee9249f.webp,2,1.700430,2026-04-14T12:27:01+07:00,2026-04-29T21:30:35+07:00,1.60
xnot.ch110249@example.com,storage/uploads/gacha-machines/1775961463256-56891366.webp,2,1.700430,2026-04-14T12:27:01+07:00,2026-04-29T21:30:35+07:00,1.60
xnot.ch110249@example.com,storage/uploads/gacha-machines/1775964137063-e91a9028.webp,2,1.700430,2026-04-14T12:27:01+07:00,2026-04-29T21:30:35+07:00,1.60
xnot.ch110249@example.com,storage/uploads/gacha-machines/1775964461604-2d5d6e07.webp,2,1.700430,2026-04-14T12:27:01+07:00,2026-04-29T21:30:35+07:00,1.60
xnot.ch110249@example.com,storage/uploads/gacha-machines/1775964779874-ae060818.webp,2,1.700430,2026-04-14T12:27:01+07:00,2026-04-29T21:30:35+07:00,1.60
xnot.ch110249@example.com,storage/uploads/gacha-machines/1775964864867-d80f61a3.webp,2,1.700430,2026-04-14T12:27:01+07:00,2026-04-29T21:30:35+07:00,1.60
xnot.ch110249@example.com,storage/uploads/gacha-machines/1775965628097-c03c46ff.webp,2,1.700430,2026-04-14T12:27:01+07:00,2026-04-29T21:30:35+07:00,1.60
xnot.ch110249@example.com,storage/uploads/gacha-machines/1775966373872-c09cea45.webp,2,1.700430,2026-04-14T12:27:01+07:00,2026-04-29T21:30:35+07:00,1.60
xnot.ch110249@example.com,storage/uploads/gacha-machines/1775976038372-7dc953fb.webp,2,1.700430,2026-04-14T12:27:01+07:00,2026-04-29T21:30:35+07:00,1.60
xnot.ch110249@example.com,storage/uploads/gacha/1775929410559-fbe32470.webp,2,1.700430,2026-04-14T12:27:01+07:00,2026-04-29T21:30:35+07:00,1.60
xnot.ch110249@example.com,storage/uploads/gacha/1775933814213-33b98681.webp,2,1.700430,2026-04-14T12:27:01+07:00,2026-04-29T21:30:35+07:00,1.60
xnot.ch110249@example.com,storage/uploads/gacha/1775961483162-6b029ca7.webp,2,1.700430,2026-04-14T12:27:01+07:00,2026-04-29T21:30:35+07:00,1.60
xnot.ch110249@example.com,storage/uploads/gacha/1775964163604-974ce05c.webp,2,1.700430,2026-04-14T12:27:01+07:00,2026-04-29T21:30:35+07:00,1.60
xnot.ch110249@example.com,storage/uploads/gacha/1775964180744-3de642c7.webp,2,1.700430,2026-04-14T12:27:01+07:00,2026-04-29T21:30:35+07:00,1.60
xnot.ch110249@example.com,storage/uploads/gacha/1775964495604-933f2874.webp,2,1.700430,2026-04-14T12:27:01+07:00,2026-04-29T21:30:35+07:00,1.60
xnot.ch110249@example.com,storage/uploads/gacha/1775964805424-7c6b6a18.webp,2,1.700430,2026-04-14T12:27:01+07:00,2026-04-29T21:30:35+07:00,1.60
xnot.ch110249@example.com,storage/uploads/gacha/1775965471381-1f7d8b61.webp,2,1.700430,2026-04-14T12:27:01+07:00,2026-04-29T21:30:35+07:00,1.60
xnot.ch110249@example.com,storage/uploads/gacha/1775965658180-2153a172.webp,2,1.700430,2026-04-14T12:27:01+07:00,2026-04-29T21:30:35+07:00,1.60
xnot.ch110249@example.com,storage/uploads/gacha/1775966395882-40e426c6.webp,2,1.700430,2026-04-14T12:27:01+07:00,2026-04-29T21:30:35+07:00,1.60
xnot.ch110249@example.com,storage/uploads/products/1775882544292-8c90d916.webp,2,1.692166,2026-04-11T21:42:54+07:00,2026-04-29T21:30:35+07:00,1.60
xnot.ch110249@example.com,storage/uploads/products/1775882824868-0a5d4462.webp,2,1.692166,2026-04-11T21:42:54+07:00,2026-04-29T21:30:35+07:00,1.60
xnot.ch110249@example.com,storage/uploads/products/1775910286852-a3337781.webp,2,1.692166,2026-04-11T21:42:54+07:00,2026-04-29T21:30:35+07:00,1.60
xnot.ch110249@example.com,storage/uploads/products/1775910718871-2f386961.webp,2,1.692166,2026-04-11T21:42:54+07:00,2026-04-29T21:30:35+07:00,1.60
xnot.ch110249@example.com,storage/uploads/products/1775911216561-bc54a994.webp,2,1.692166,2026-04-11T21:42:54+07:00,2026-04-29T21:30:35+07:00,1.60
xnot.ch110249@example.com,storage/uploads/products/1775911559781-b43492d8.webp,2,1.692166,2026-04-11T21:42:54+07:00,2026-04-29T21:30:35+07:00,1.60
xnot.ch110249@example.com,storage/uploads/products/1775911677908-2150b3d3.webp,2,1.692166,2026-04-11T21:42:54+07:00,2026-04-29T21:30:35+07:00,1.60
xnot.ch110249@example.com,storage/uploads/products/1776005131998-e454bfc0.webp,2,1.700430,2026-04-14T12:27:01+07:00,2026-04-29T21:30:35+07:00,1.60
xnot.ch110249@example.com,storage/uploads/products/1776267889503-5978303a.webp,2,1.707949,2026-04-16T20:59:44+07:00,2026-04-29T21:30:35+07:00,1.60
xnot.ch110249@example.com,storage/uploads/products/1776688474778-d9b690ed.webp,2,1.723739,2026-04-21T18:05:15+07:00,2026-04-29T21:30:35+07:00,1.60
xnot.ch110249@example.com,storage/uploads/products/1776688628916-dbe7b2cd.webp,2,1.723739,2026-04-21T18:05:15+07:00,2026-04-29T21:30:35+07:00,1.60
xnot.ch110249@example.com,storage/uploads/products/1776688633359-adee95a0.webp,2,1.723739,2026-04-21T18:05:15+07:00,2026-04-29T21:30:35+07:00,1.60
xnot.ch110249@example.com,storage/uploads/products/1776688636195-f71e974a.webp,2,1.723739,2026-04-21T18:05:15+07:00,2026-04-29T21:30:35+07:00,1.60
xnot.ch110249@example.com,storage/uploads/products/1776688654008-ac74d131.webp,2,1.723739,2026-04-21T18:05:15+07:00,2026-04-29T21:30:35+07:00,1.60
xnot.ch110249@example.com,storage/uploads/products/1776688746103-8f9a3be9.webp,2,1.723739,2026-04-21T18:05:15+07:00,2026-04-29T21:30:35+07:00,1.60
xnot.ch110249@example.com,storage/uploads/products/1776688759272-a6e26b78.webp,2,1.723739,2026-04-21T18:05:15+07:00,2026-04-29T21:30:35+07:00,1.60
xnot.ch110249@example.com,storage/uploads/products/1776688767130-c5caf773.webp,2,1.723739,2026-04-21T18:05:15+07:00,2026-04-29T21:30:35+07:00,1.60
xnot.ch110249@example.com,storage/uploads/profiles/1776355898340-1aca3fd4.webp,2,1.711012,2026-04-17T19:52:55+07:00,2026-04-29T21:30:35+07:00,1.60
xnot.ch110249@example.com,storage/uploads/profiles/1776524962730-8efb5450.webp,2,1.720285,2026-04-20T16:39:41+07:00,2026-04-29T21:30:35+07:00,1.60
xnot.ch110249@example.com,storage/uploads/profiles/1776574201161-6f12ed2b.webp,2,1.720285,2026-04-20T16:39:41+07:00,2026-04-29T21:30:35+07:00,1.60
xnot.ch110249@example.com,storage/uploads/profiles/1776704963586-2480c204.webp,2,1.723739,2026-04-21T18:05:15+07:00,2026-04-29T21:30:35+07:00,1.60
xnot.ch110249@example.com,storage/uploads/profiles/1776748713120-bbc87af7.webp,2,1.723739,2026-04-21T18:05:15+07:00,2026-04-29T21:30:35+07:00,1.60
xnot.ch110249@example.com,storage/uploads/profiles/1776765507102-33373127.webp,2,1.723739,2026-04-21T18:05:15+07:00,2026-04-29T21:30:35+07:00,1.60
xnot.ch110249@example.com,docs/AGENTS.md,2,1.740008,2026-04-26T16:31:35+07:00,2026-04-29T21:27:31+07:00,0.00
xnot.ch110249@example.com,docs/planning/project-requirements.md,1,0.875373,2026-04-29T21:27:31+07:00,2026-04-29T21:27:31+07:00,0.00
xnot.ch110249@example.com,docs/planning/project-roadmap.md,1,0.875373,2026-04-29T21:27:31+07:00,2026-04-29T21:27:31+07:00,0.00
xnot.ch110249@example.com,docs/planning/shop-testing-plan.md,1,0.875373,2026-04-29T21:27:31+07:00,2026-04-29T21:27:31+07:00,0.00
xnot.ch110249@example.com,docs/project-requirements.md,2,1.750517,2026-04-29T19:49:19+07:00,2026-04-29T21:27:31+07:00,0.00
xnot.ch110249@example.com,docs/project-roadmap.md,2,1.750517,2026-04-29T19:49:19+07:00,2026-04-29T21:27:31+07:00,0.00
xnot.ch110249@example.com,docs/shop-testing-plan.md,2,1.750729,2026-04-29T21:20:00+07:00,2026-04-29T21:27:31+07:00,0.00
xnot.ch110249@example.com,storage/private/AGENTS.md,1,0.875373,2026-04-29T21:27:31+07:00,2026-04-29T21:27:31+07:00,1.00
xnot.ch110249@example.com,storage/private/slips/AGENTS.md,1,0.875373,2026-04-29T21:27:31+07:00,2026-04-29T21:27:31+07:00,1.00
xnot.ch110249@example.com,storage/uploads/AGENTS.md,1,0.875373,2026-04-29T21:27:31+07:00,2026-04-29T21:27:31+07:00,0.80
xnot.ch110249@example.com,storage/uploads/gacha-machines/AGENTS.md,1,0.875373,2026-04-29T21:27:31+07:00,2026-04-29T21:27:31+07:00,0.80
xnot.ch110249@example.com,storage/uploads/gacha/AGENTS.md,1,0.875373,2026-04-29T21:27:31+07:00,2026-04-29T21:27:31+07:00,0.80
xnot.ch110249@example.com,storage/uploads/products/AGENTS.md,1,0.875373,2026-04-29T21:27:31+07:00,2026-04-29T21:27:31+07:00,0.80
xnot.ch110249@example.com,storage/uploads/profiles/AGENTS.md,1,0.875373,2026-04-29T21:27:31+07:00,2026-04-29T21:27:31+07:00,0.80
xnot.ch110249@example.com,app/api/auth/forgot-password/route.ts,2,1.739778,2026-04-26T16:31:35+07:00,2026-04-29T19:49:19+07:00,2.00
xnot.ch110249@example.com,app/api/auth/reset-password/route.ts,2,1.739778,2026-04-26T16:31:35+07:00,2026-04-29T19:49:19+07:00,2.00
xnot.ch110249@example.com,app/api/footer-widget/route.ts,4,3.116886,2026-03-11T09:07:26+07:00,2026-04-29T19:49:19+07:00,0.00
xnot.ch110249@example.com,components/ShopControls.tsx,9,7.011172,2026-03-11T09:07:26+07:00,2026-04-29T19:49:19+07:00,0.00
xnot.ch110249@example.com,docs/runbooks/login-auth.md,2,1.739778,2026-04-26T16:31:35+07:00,2026-04-29T19:49:19+07:00,0.00
xnot.ch110249@example.com,drizzle/0010_season_pass_reward_images.sql,2,1.676595,2026-04-06T23:35:28+07:00,2026-04-29T19:49:19+07:00,1.80
xnot.ch110249@example.com,drizzle/0011_user_ticket_balance.sql,2,1.676595,2026-04-06T23:35:28+07:00,2026-04-29T19:49:19+07:00,1.80
xnot.ch110249@example.com,drizzle/0015_season_pass_runtime_backfill.sql,1,0.875144,2026-04-29T19:49:19+07:00,2026-04-29T19:49:19+07:00,0.90
xnot.ch110249@example.com,drizzle/0016_query_path_index_tuning.sql,1,0.875144,2026-04-29T19:49:19+07:00,2026-04-29T19:49:19+07:00,0.90
xnot.ch110249@example.com,drizzle/0017_order_status_index_alignment.sql,1,0.875144,2026-04-29T19:49:19+07:00,2026-04-29T19:49:19+07:00,0.90
xnot.ch110249@example.com,lib/auditLog.ts,10,7.956001,2026-03-11T09:07:26+07:00,2026-04-29T19:49:19+07:00,0.00
xnot.ch110249@example.com,lib/features/promo/queries.ts,2,1.676595,2026-04-06T23:35:28+07:00,2026-04-29T19:49:19+07:00,1.80
xnot.ch110249@example.com,lib/footerLinks.ts,1,0.875144,2026-04-29T19:49:19+07:00,2026-04-29T19:49:19+07:00,0.00
xnot.ch110249@example.com,lib/gachaProbability.ts,3,2.494195,2026-04-07T15:57:08+07:00,2026-04-29T19:49:19+07:00,0.00
xnot.ch110249@example.com,lib/helpArticles.ts,1,0.875144,2026-04-29T19:49:19+07:00,2026-04-29T19:49:19+07:00,0.00
xnot.ch110249@example.com,lib/seasonPassConfig.ts,1,0.875144,2026-04-29T19:49:19+07:00,2026-04-29T19:49:19+07:00,0.00
xnot.ch110249@example.com,lib/seasonPassObservability.ts,1,0.875144,2026-04-29T19:49:19+07:00,2026-04-29T19:49:19+07:00,0.00
xnot.ch110249@example.com,lib/validations/auth.ts,6,4.869544,2026-03-11T09:53:34+07:00,2026-04-29T19:49:19+07:00,0.00
xnot.ch110249@example.com,lib/wallet.ts,2,1.676595,2026-04-06T23:35:28+07:00,2026-04-29T19:49:19+07:00,0.00
xnot.ch110249@example.com,tests/api/auth-password-reset.test.ts,2,1.739778,2026-04-26T16:31:35+07:00,2026-04-29T19:49:19+07:00,0.00
xnot.ch110249@example.com,tests/api/help-routes-regression.test.ts,1,0.875144,2026-04-29T19:49:19+07:00,2026-04-29T19:49:19+07:00,0.00
xnot.ch110249@example.com,tests/api/login.test.ts,3,2.473408,2026-03-15T00:31:31+07:00,2026-04-29T19:49:19+07:00,0.00
xnot.ch110249@example.com,tests/api/orders-id.test.ts,2,1.676595,2026-04-06T23:35:28+07:00,2026-04-29T19:49:19+07:00,0.00
xnot.ch110249@example.com,tests/api/register.test.ts,2,1.608774,2026-03-15T00:31:31+07:00,2026-04-29T19:49:19+07:00,0.00
xnot.ch110249@example.com,tests/lib/footerLinks.test.ts,1,0.875144,2026-04-29T19:49:19+07:00,2026-04-29T19:49:19+07:00,0.00
xnot.ch110249@example.com,tests/lib/helpArticles.test.ts,1,0.875144,2026-04-29T19:49:19+07:00,2026-04-29T19:49:19+07:00,0.00
xnot.ch110249@example.com,tests/lib/rateLimit-redis.test.ts,1,0.875144,2026-04-29T19:49:19+07:00,2026-04-29T19:49:19+07:00,0.00
xnot.ch110249@example.com,tests/lib/rateLimit.test.ts,3,2.396072,2026-03-13T11:26:54+07:00,2026-04-29T19:49:19+07:00,0.00
xnot.ch110249@example.com,tests/lib/validations.test.ts,5,4.067677,2026-03-13T10:58:58+07:00,2026-04-29T19:49:19+07:00,0.00
xnot.ch110249@example.com,.agent/skills/next-best-practices/SKILL.md,1,0.864634,2026-04-26T16:31:35+07:00,2026-04-26T16:31:35+07:00,0.00
xnot.ch110249@example.com,.agent/skills/next-best-practices/async-patterns.md,1,0.864634,2026-04-26T16:31:35+07:00,2026-04-26T16:31:35+07:00,0.00
xnot.ch110249@example.com,.agent/skills/next-best-practices/bundling.md,1,0.864634,2026-04-26T16:31:35+07:00,2026-04-26T16:31:35+07:00,0.00
xnot.ch110249@example.com,.agent/skills/next-best-practices/data-patterns.md,1,0.864634,2026-04-26T16:31:35+07:00,2026-04-26T16:31:35+07:00,0.00
xnot.ch110249@example.com,.agent/skills/next-best-practices/debug-tricks.md,1,0.864634,2026-04-26T16:31:35+07:00,2026-04-26T16:31:35+07:00,0.00
xnot.ch110249@example.com,.agent/skills/next-best-practices/directives.md,1,0.864634,2026-04-26T16:31:35+07:00,2026-04-26T16:31:35+07:00,0.00
xnot.ch110249@example.com,.agent/skills/next-best-practices/error-handling.md,1,0.864634,2026-04-26T16:31:35+07:00,2026-04-26T16:31:35+07:00,0.00
xnot.ch110249@example.com,.agent/skills/next-best-practices/file-conventions.md,1,0.864634,2026-04-26T16:31:35+07:00,2026-04-26T16:31:35+07:00,0.00
xnot.ch110249@example.com,.agent/skills/next-best-practices/font.md,1,0.864634,2026-04-26T16:31:35+07:00,2026-04-26T16:31:35+07:00,0.00
xnot.ch110249@example.com,.agent/skills/next-best-practices/functions.md,1,0.864634,2026-04-26T16:31:35+07:00,2026-04-26T16:31:35+07:00,0.00
xnot.ch110249@example.com,.agent/skills/next-best-practices/hydration-error.md,1,0.864634,2026-04-26T16:31:35+07:00,2026-04-26T16:31:35+07:00,0.00
xnot.ch110249@example.com,.agent/skills/next-best-practices/image.md,1,0.864634,2026-04-26T16:31:35+07:00,2026-04-26T16:31:35+07:00,0.00
xnot.ch110249@example.com,.agent/skills/next-best-practices/metadata.md,1,0.864634,2026-04-26T16:31:35+07:00,2026-04-26T16:31:35+07:00,0.00
xnot.ch110249@example.com,.agent/skills/next-best-practices/parallel-routes.md,1,0.864634,2026-04-26T16:31:35+07:00,2026-04-26T16:31:35+07:00,0.00
xnot.ch110249@example.com,.agent/skills/next-best-practices/route-handlers.md,1,0.864634,2026-04-26T16:31:35+07:00,2026-04-26T16:31:35+07:00,0.00
xnot.ch110249@example.com,.agent/skills/next-best-practices/rsc-boundaries.md,1,0.864634,2026-04-26T16:31:35+07:00,2026-04-26T16:31:35+07:00,0.00
xnot.ch110249@example.com,.agent/skills/next-best-practices/runtime-selection.md,1,0.864634,2026-04-26T16:31:35+07:00,2026-04-26T16:31:35+07:00,0.00
xnot.ch110249@example.com,.agent/skills/next-best-practices/scripts.md,1,0.864634,2026-04-26T16:31:35+07:00,2026-04-26T16:31:35+07:00,0.00
xnot.ch110249@example.com,.agent/skills/next-best-practices/self-hosting.md,1,0.864634,2026-04-26T16:31:35+07:00,2026-04-26T16:31:35+07:00,0.00
xnot.ch110249@example.com,.agent/skills/next-best-practices/suspense-boundaries.md,1,0.864634,2026-04-26T16:31:35+07:00,2026-04-26T16:31:35+07:00,0.00
xnot.ch110249@example.com,.agent/skills/sql-code-review/SKILL.md,2,1.584218,2026-03-10T00:02:29+07:00,2026-04-26T16:31:35+07:00,0.00
xnot.ch110249@example.com,.agent/skills/sql-optimization/SKILL.md,2,1.584218,2026-03-10T00:02:29+07:00,2026-04-26T16:31:35+07:00,0.00
xnot.ch110249@example.com,.agent/workflows/git-push.md,1,0.864634,2026-04-26T16:31:35+07:00,2026-04-26T16:31:35+07:00,0.00
xnot.ch110249@example.com,.agents/AGENTS.md,1,0.864634,2026-04-26T16:31:35+07:00,2026-04-26T16:31:35+07:00,0.00
xnot.ch110249@example.com,.agents/skills/AGENTS.md,1,0.864634,2026-04-26T16:31:35+07:00,2026-04-26T16:31:35+07:00,0.00
xnot.ch110249@example.com,.agents/skills/agent-browser/AGENTS.md,1,0.864634,2026-04-26T16:31:35+07:00,2026-04-26T16:31:35+07:00,0.00
xnot.ch110249@example.com,.agents/skills/agent-browser/references/AGENTS.md,1,0.864634,2026-04-26T16:31:35+07:00,2026-04-26T16:31:35+07:00,0.00
xnot.ch110249@example.com,.agents/skills/agent-browser/templates/AGENTS.md,1,0.864634,2026-04-26T16:31:35+07:00,2026-04-26T16:31:35+07:00,0.00
xnot.ch110249@example.com,.agents/skills/frontend-design/AGENTS.md,1,0.864634,2026-04-26T16:31:35+07:00,2026-04-26T16:31:35+07:00,0.00
xnot.ch110249@example.com,.agents/skills/next-best-practices/AGENTS.md,1,0.864634,2026-04-26T16:31:35+07:00,2026-04-26T16:31:35+07:00,0.00
xnot.ch110249@example.com,.agents/skills/sql-code-review/AGENTS.md,1,0.864634,2026-04-26T16:31:35+07:00,2026-04-26T16:31:35+07:00,0.00
xnot.ch110249@example.com,.agents/skills/sql-optimization/AGENTS.md,1,0.864634,2026-04-26T16:31:35+07:00,2026-04-26T16:31:35+07:00,0.00
xnot.ch110249@example.com,.agents/skills/vercel-react-best-practices/AGENTS.md,1,0.864634,2026-04-26T16:31:35+07:00,2026-04-26T16:31:35+07:00,0.00
xnot.ch110249@example.com,.agents/skills/vercel-react-best-practices/rules/AGENTS.md,1,0.864634,2026-04-26T16:31:35+07:00,2026-04-26T16:31:35+07:00,0.00
xnot.ch110249@example.com,.agents/skills/web-design-guidelines/AGENTS.md,1,0.864634,2026-04-26T16:31:35+07:00,2026-04-26T16:31:35+07:00,0.00
xnot.ch110249@example.com,.cline/skills/agent-browser/SKILL.md,1,0.864634,2026-04-26T16:31:35+07:00,2026-04-26T16:31:35+07:00,0.00
xnot.ch110249@example.com,.cline/skills/agent-browser/references/authentication.md,1,0.864634,2026-04-26T16:31:35+07:00,2026-04-26T16:31:35+07:00,0.00
xnot.ch110249@example.com,.cline/skills/agent-browser/references/proxy-support.md,1,0.864634,2026-04-26T16:31:35+07:00,2026-04-26T16:31:35+07:00,0.00
xnot.ch110249@example.com,.cline/skills/agent-browser/references/session-management.md,1,0.864634,2026-04-26T16:31:35+07:00,2026-04-26T16:31:35+07:00,0.00
xnot.ch110249@example.com,.cline/skills/agent-browser/references/snapshot-refs.md,1,0.864634,2026-04-26T16:31:35+07:00,2026-04-26T16:31:35+07:00,0.00
xnot.ch110249@example.com,.cline/skills/agent-browser/references/video-recording.md,1,0.864634,2026-04-26T16:31:35+07:00,2026-04-26T16:31:35+07:00,0.00
xnot.ch110249@example.com,.cline/skills/agent-browser/templates/authenticated-session.sh,1,0.864634,2026-04-26T16:31:35+07:00,2026-04-26T16:31:35+07:00,0.00
xnot.ch110249@example.com,.cline/skills/agent-browser/templates/capture-workflow.sh,1,0.864634,2026-04-26T16:31:35+07:00,2026-04-26T16:31:35+07:00,0.00
xnot.ch110249@example.com,.cline/skills/agent-browser/templates/form-automation.sh,1,0.864634,2026-04-26T16:31:35+07:00,2026-04-26T16:31:35+07:00,0.00
xnot.ch110249@example.com,.cline/skills/frontend-design/LICENSE.txt,1,0.864634,2026-04-26T16:31:35+07:00,2026-04-26T16:31:35+07:00,0.00
xnot.ch110249@example.com,.cline/skills/frontend-design/SKILL.md,1,0.864634,2026-04-26T16:31:35+07:00,2026-04-26T16:31:35+07:00,0.00
xnot.ch110249@example.com,.cline/skills/vercel-react-best-practices/AGENTS.md,1,0.864634,2026-04-26T16:31:35+07:00,2026-04-26T16:31:35+07:00,0.00
xnot.ch110249@example.com,.cline/skills/vercel-react-best-practices/SKILL.md,1,0.864634,2026-04-26T16:31:35+07:00,2026-04-26T16:31:35+07:00,0.00
xnot.ch110249@example.com,.cline/skills/vercel-react-best-practices/rules/advanced-event-handler-refs.md,1,0.864634,2026-04-26T16:31:35+07:00,2026-04-26T16:31:35+07:00,0.00
xnot.ch110249@example.com,.cline/skills/vercel-react-best-practices/rules/advanced-init-once.md,1,0.864634,2026-04-26T16:31:35+07:00,2026-04-26T16:31:35+07:00,0.00
xnot.ch110249@example.com,.cline/skills/vercel-react-best-practices/rules/advanced-use-latest.md,1,0.864634,2026-04-26T16:31:35+07:00,2026-04-26T16:31:35+07:00,0.00
xnot.ch110249@example.com,.cline/skills/vercel-react-best-practices/rules/async-api-routes.md,1,0.864634,2026-04-26T16:31:35+07:00,2026-04-26T16:31:35+07:00,0.00
xnot.ch110249@example.com,.cline/skills/vercel-react-best-practices/rules/async-defer-await.md,1,0.864634,2026-04-26T16:31:35+07:00,2026-04-26T16:31:35+07:00,0.00
xnot.ch110249@example.com,.cline/skills/vercel-react-best-practices/rules/async-dependencies.md,1,0.864634,2026-04-26T16:31:35+07:00,2026-04-26T16:31:35+07:00,0.00
xnot.ch110249@example.com,.cline/skills/vercel-react-best-practices/rules/async-parallel.md,1,0.864634,2026-04-26T16:31:35+07:00,2026-04-26T16:31:35+07:00,0.00
xnot.ch110249@example.com,.cline/skills/vercel-react-best-practices/rules/async-suspense-boundaries.md,1,0.864634,2026-04-26T16:31:35+07:00,2026-04-26T16:31:35+07:00,0.00
xnot.ch110249@example.com,.cline/skills/vercel-react-best-practices/rules/bundle-barrel-imports.md,1,0.864634,2026-04-26T16:31:35+07:00,2026-04-26T16:31:35+07:00,0.00
xnot.ch110249@example.com,.cline/skills/vercel-react-best-practices/rules/bundle-conditional.md,1,0.864634,2026-04-26T16:31:35+07:00,2026-04-26T16:31:35+07:00,0.00
xnot.ch110249@example.com,.cline/skills/vercel-react-best-practices/rules/bundle-defer-third-party.md,1,0.864634,2026-04-26T16:31:35+07:00,2026-04-26T16:31:35+07:00,0.00
xnot.ch110249@example.com,.cline/skills/vercel-react-best-practices/rules/bundle-dynamic-imports.md,1,0.864634,2026-04-26T16:31:35+07:00,2026-04-26T16:31:35+07:00,0.00
xnot.ch110249@example.com,.cline/skills/vercel-react-best-practices/rules/bundle-preload.md,1,0.864634,2026-04-26T16:31:35+07:00,2026-04-26T16:31:35+07:00,0.00
xnot.ch110249@example.com,.cline/skills/vercel-react-best-practices/rules/client-event-listeners.md,1,0.864634,2026-04-26T16:31:35+07:00,2026-04-26T16:31:35+07:00,0.00
xnot.ch110249@example.com,.cline/skills/vercel-react-best-practices/rules/client-localstorage-schema.md,1,0.864634,2026-04-26T16:31:35+07:00,2026-04-26T16:31:35+07:00,0.00
xnot.ch110249@example.com,.cline/skills/vercel-react-best-practices/rules/client-passive-event-listeners.md,1,0.864634,2026-04-26T16:31:35+07:00,2026-04-26T16:31:35+07:00,0.00
xnot.ch110249@example.com,.cline/skills/vercel-react-best-practices/rules/client-swr-dedup.md,1,0.864634,2026-04-26T16:31:35+07:00,2026-04-26T16:31:35+07:00,0.00
xnot.ch110249@example.com,.cline/skills/vercel-react-best-practices/rules/js-batch-dom-css.md,1,0.864634,2026-04-26T16:31:35+07:00,2026-04-26T16:31:35+07:00,0.00
xnot.ch110249@example.com,.cline/skills/vercel-react-best-practices/rules/js-cache-function-results.md,1,0.864634,2026-04-26T16:31:35+07:00,2026-04-26T16:31:35+07:00,0.00
xnot.ch110249@example.com,.cline/skills/vercel-react-best-practices/rules/js-cache-property-access.md,1,0.864634,2026-04-26T16:31:35+07:00,2026-04-26T16:31:35+07:00,0.00
xnot.ch110249@example.com,.cline/skills/vercel-react-best-practices/rules/js-cache-storage.md,1,0.864634,2026-04-26T16:31:35+07:00,2026-04-26T16:31:35+07:00,0.00
xnot.ch110249@example.com,.cline/skills/vercel-react-best-practices/rules/js-combine-iterations.md,1,0.864634,2026-04-26T16:31:35+07:00,2026-04-26T16:31:35+07:00,0.00
xnot.ch110249@example.com,.cline/skills/vercel-react-best-practices/rules/js-early-exit.md,1,0.864634,2026-04-26T16:31:35+07:00,2026-04-26T16:31:35+07:00,0.00
xnot.ch110249@example.com,.cline/skills/vercel-react-best-practices/rules/js-hoist-regexp.md,1,0.864634,2026-04-26T16:31:35+07:00,2026-04-26T16:31:35+07:00,0.00
xnot.ch110249@example.com,.cline/skills/vercel-react-best-practices/rules/js-index-maps.md,1,0.864634,2026-04-26T16:31:35+07:00,2026-04-26T16:31:35+07:00,0.00
xnot.ch110249@example.com,.cline/skills/vercel-react-best-practices/rules/js-length-check-first.md,1,0.864634,2026-04-26T16:31:35+07:00,2026-04-26T16:31:35+07:00,0.00
xnot.ch110249@example.com,.cline/skills/vercel-react-best-practices/rules/js-min-max-loop.md,1,0.864634,2026-04-26T16:31:35+07:00,2026-04-26T16:31:35+07:00,0.00
xnot.ch110249@example.com,.cline/skills/vercel-react-best-practices/rules/js-set-map-lookups.md,1,0.864634,2026-04-26T16:31:35+07:00,2026-04-26T16:31:35+07:00,0.00
xnot.ch110249@example.com,.cline/skills/vercel-react-best-practices/rules/js-tosorted-immutable.md,1,0.864634,2026-04-26T16:31:35+07:00,2026-04-26T16:31:35+07:00,0.00
xnot.ch110249@example.com,.cline/skills/vercel-react-best-practices/rules/rendering-activity.md,1,0.864634,2026-04-26T16:31:35+07:00,2026-04-26T16:31:35+07:00,0.00
xnot.ch110249@example.com,.cline/skills/vercel-react-best-practices/rules/rendering-animate-svg-wrapper.md,1,0.864634,2026-04-26T16:31:35+07:00,2026-04-26T16:31:35+07:00,0.00
xnot.ch110249@example.com,.cline/skills/vercel-react-best-practices/rules/rendering-conditional-render.md,1,0.864634,2026-04-26T16:31:35+07:00,2026-04-26T16:31:35+07:00,0.00
xnot.ch110249@example.com,.cline/skills/vercel-react-best-practices/rules/rendering-content-visibility.md,1,0.864634,2026-04-26T16:31:35+07:00,2026-04-26T16:31:35+07:00,0.00
xnot.ch110249@example.com,.cline/skills/vercel-react-best-practices/rules/rendering-hoist-jsx.md,1,0.864634,2026-04-26T16:31:35+07:00,2026-04-26T16:31:35+07:00,0.00
xnot.ch110249@example.com,.cline/skills/vercel-react-best-practices/rules/rendering-hydration-no-flicker.md,1,0.864634,2026-04-26T16:31:35+07:00,2026-04-26T16:31:35+07:00,0.00
xnot.ch110249@example.com,.cline/skills/vercel-react-best-practices/rules/rendering-hydration-suppress-warning.md,1,0.864634,2026-04-26T16:31:35+07:00,2026-04-26T16:31:35+07:00,0.00
xnot.ch110249@example.com,.cline/skills/vercel-react-best-practices/rules/rendering-svg-precision.md,1,0.864634,2026-04-26T16:31:35+07:00,2026-04-26T16:31:35+07:00,0.00
xnot.ch110249@example.com,.cline/skills/vercel-react-best-practices/rules/rendering-usetransition-loading.md,1,0.864634,2026-04-26T16:31:35+07:00,2026-04-26T16:31:35+07:00,0.00
xnot.ch110249@example.com,.cline/skills/vercel-react-best-practices/rules/rerender-defer-reads.md,1,0.864634,2026-04-26T16:31:35+07:00,2026-04-26T16:31:35+07:00,0.00
xnot.ch110249@example.com,.cline/skills/vercel-react-best-practices/rules/rerender-dependencies.md,1,0.864634,2026-04-26T16:31:35+07:00,2026-04-26T16:31:35+07:00,0.00
xnot.ch110249@example.com,.cline/skills/vercel-react-best-practices/rules/rerender-derived-state-no-effect.md,1,0.864634,2026-04-26T16:31:35+07:00,2026-04-26T16:31:35+07:00,0.00
xnot.ch110249@example.com,.cline/skills/vercel-react-best-practices/rules/rerender-derived-state.md,1,0.864634,2026-04-26T16:31:35+07:00,2026-04-26T16:31:35+07:00,0.00
xnot.ch110249@example.com,.cline/skills/vercel-react-best-practices/rules/rerender-functional-setstate.md,1,0.864634,2026-04-26T16:31:35+07:00,2026-04-26T16:31:35+07:00,0.00
xnot.ch110249@example.com,.cline/skills/vercel-react-best-practices/rules/rerender-lazy-state-init.md,1,0.864634,2026-04-26T16:31:35+07:00,2026-04-26T16:31:35+07:00,0.00
xnot.ch110249@example.com,.cline/skills/vercel-react-best-practices/rules/rerender-memo-with-default-value.md,1,0.864634,2026-04-26T16:31:35+07:00,2026-04-26T16:31:35+07:00,0.00
xnot.ch110249@example.com,.cline/skills/vercel-react-best-practices/rules/rerender-memo.md,1,0.864634,2026-04-26T16:31:35+07:00,2026-04-26T16:31:35+07:00,0.00
xnot.ch110249@example.com,.cline/skills/vercel-react-best-practices/rules/rerender-move-effect-to-event.md,1,0.864634,2026-04-26T16:31:35+07:00,2026-04-26T16:31:35+07:00,0.00
xnot.ch110249@example.com,.cline/skills/vercel-react-best-practices/rules/rerender-simple-expression-in-memo.md,1,0.864634,2026-04-26T16:31:35+07:00,2026-04-26T16:31:35+07:00,0.00
xnot.ch110249@example.com,.cline/skills/vercel-react-best-practices/rules/rerender-transitions.md,1,0.864634,2026-04-26T16:31:35+07:00,2026-04-26T16:31:35+07:00,0.00
xnot.ch110249@example.com,.cline/skills/vercel-react-best-practices/rules/rerender-use-ref-transient-values.md,1,0.864634,2026-04-26T16:31:35+07:00,2026-04-26T16:31:35+07:00,0.00
xnot.ch110249@example.com,.cline/skills/vercel-react-best-practices/rules/server-after-nonblocking.md,1,0.864634,2026-04-26T16:31:35+07:00,2026-04-26T16:31:35+07:00,0.00
xnot.ch110249@example.com,.cline/skills/vercel-react-best-practices/rules/server-auth-actions.md,1,0.864634,2026-04-26T16:31:35+07:00,2026-04-26T16:31:35+07:00,0.00
xnot.ch110249@example.com,.cline/skills/vercel-react-best-practices/rules/server-cache-lru.md,1,0.864634,2026-04-26T16:31:35+07:00,2026-04-26T16:31:35+07:00,0.00
xnot.ch110249@example.com,.cline/skills/vercel-react-best-practices/rules/server-cache-react.md,1,0.864634,2026-04-26T16:31:35+07:00,2026-04-26T16:31:35+07:00,0.00
xnot.ch110249@example.com,.cline/skills/vercel-react-best-practices/rules/server-dedup-props.md,1,0.864634,2026-04-26T16:31:35+07:00,2026-04-26T16:31:35+07:00,0.00
xnot.ch110249@example.com,.cline/skills/vercel-react-best-practices/rules/server-parallel-fetching.md,1,0.864634,2026-04-26T16:31:35+07:00,2026-04-26T16:31:35+07:00,0.00
xnot.ch110249@example.com,.cline/skills/vercel-react-best-practices/rules/server-serialization.md,1,0.864634,2026-04-26T16:31:35+07:00,2026-04-26T16:31:35+07:00,0.00
xnot.ch110249@example.com,.cline/skills/web-design-guidelines/SKILL.md,1,0.864634,2026-04-26T16:31:35+07:00,2026-04-26T16:31:35+07:00,0.00
xnot.ch110249@example.com,.codex-dev-check.log,2,1.709539,2026-04-20T16:39:41+07:00,2026-04-26T16:31:35+07:00,0.00
xnot.ch110249@example.com,.codex-dev.log,2,1.709539,2026-04-20T16:39:41+07:00,2026-04-26T16:31:35+07:00,0.00
xnot.ch110249@example.com,.codex-npm-dev.log,2,1.709539,2026-04-20T16:39:41+07:00,2026-04-26T16:31:35+07:00,0.00
xnot.ch110249@example.com,.codex-runtime.log,2,1.709539,2026-04-20T16:39:41+07:00,2026-04-26T16:31:35+07:00,0.00
xnot.ch110249@example.com,.codex-start.log,2,1.709539,2026-04-20T16:39:41+07:00,2026-04-26T16:31:35+07:00,0.00
xnot.ch110249@example.com,.codex-webpack.log,2,1.709539,2026-04-20T16:39:41+07:00,2026-04-26T16:31:35+07:00,0.00
xnot.ch110249@example.com,.gemini/GEMINI.md,2,1.612152,2026-03-19T21:24:04+07:00,2026-04-26T16:31:35+07:00,0.00
xnot.ch110249@example.com,.github/AGENTS.md,1,0.864634,2026-04-26T16:31:35+07:00,2026-04-26T16:31:35+07:00,0.00
xnot.ch110249@example.com,.vscode/AGENTS.md,1,0.864634,2026-04-26T16:31:35+07:00,2026-04-26T16:31:35+07:00,0.00
xnot.ch110249@example.com,PROJECT_CONTEXT.md,2,1.612152,2026-03-19T21:24:04+07:00,2026-04-26T16:31:35+07:00,0.00
xnot.ch110249@example.com,app/api/admin/AGENTS.md,1,0.864634,2026-04-26T16:31:35+07:00,2026-04-26T16:31:35+07:00,1.00
xnot.ch110249@example.com,app/api/admin/audit-logs/AGENTS.md,1,0.864634,2026-04-26T16:31:35+07:00,2026-04-26T16:31:35+07:00,1.00
xnot.ch110249@example.com,app/api/admin/auto-delete/AGENTS.md,1,0.864634,2026-04-26T16:31:35+07:00,2026-04-26T16:31:35+07:00,1.00
xnot.ch110249@example.com,app/api/admin/auto-delete/run/AGENTS.md,1,0.864634,2026-04-26T16:31:35+07:00,2026-04-26T16:31:35+07:00,1.00
xnot.ch110249@example.com,app/api/admin/chat/AGENTS.md,1,0.864634,2026-04-26T16:31:35+07:00,2026-04-26T16:31:35+07:00,1.80
xnot.ch110249@example.com,app/api/admin/chat/cleanup-expired-images/AGENTS.md,1,0.864634,2026-04-26T16:31:35+07:00,2026-04-26T16:31:35+07:00,1.80
xnot.ch110249@example.com,app/api/admin/chat/cleanup-expired-images/run/AGENTS.md,1,0.864634,2026-04-26T16:31:35+07:00,2026-04-26T16:31:35+07:00,1.80
xnot.ch110249@example.com,app/api/admin/chat/conversations/AGENTS.md,1,0.864634,2026-04-26T16:31:35+07:00,2026-04-26T16:31:35+07:00,1.80
xnot.ch110249@example.com,app/api/admin/chat/conversations/[id]/AGENTS.md,1,0.864634,2026-04-26T16:31:35+07:00,2026-04-26T16:31:35+07:00,1.80
xnot.ch110249@example.com,app/api/admin/chat/conversations/[id]/images/AGENTS.md,1,0.864634,2026-04-26T16:31:35+07:00,2026-04-26T16:31:35+07:00,1.80
xnot.ch110249@example.com,app/api/admin/chat/conversations/[id]/messages/AGENTS.md,1,0.864634,2026-04-26T16:31:35+07:00,2026-04-26T16:31:35+07:00,1.80
xnot.ch110249@example.com,app/api/admin/chat/conversations/[id]/read/AGENTS.md,1,0.864634,2026-04-26T16:31:35+07:00,2026-04-26T16:31:35+07:00,1.80
xnot.ch110249@example.com,app/api/admin/chat/templates/AGENTS.md,1,0.864634,2026-04-26T16:31:35+07:00,2026-04-26T16:31:35+07:00,1.80
xnot.ch110249@example.com,app/api/admin/chat/templates/[id]/AGENTS.md,1,0.864634,2026-04-26T16:31:35+07:00,2026-04-26T16:31:35+07:00,1.80
xnot.ch110249@example.com,app/api/admin/currency-settings/AGENTS.md,1,0.864634,2026-04-26T16:31:35+07:00,2026-04-26T16:31:35+07:00,1.00
xnot.ch110249@example.com,app/api/admin/easyslip-info/AGENTS.md,1,0.864634,2026-04-26T16:31:35+07:00,2026-04-26T16:31:35+07:00,1.00
xnot.ch110249@example.com,app/api/admin/export/AGENTS.md,1,0.864634,2026-04-26T16:31:35+07:00,2026-04-26T16:31:35+07:00,1.00
xnot.ch110249@example.com,app/api/admin/footer-links/AGENTS.md,1,0.864634,2026-04-26T16:31:35+07:00,2026-04-26T16:31:35+07:00,1.00
xnot.ch110249@example.com,app/api/admin/footer-links/[id]/AGENTS.md,1,0.864634,2026-04-26T16:31:35+07:00,2026-04-26T16:31:35+07:00,1.00
xnot.ch110249@example.com,app/api/admin/footer-links/settings/AGENTS.md,1,0.864634,2026-04-26T16:31:35+07:00,2026-04-26T16:31:35+07:00,1.00
xnot.ch110249@example.com,app/api/admin/gacha-categories/AGENTS.md,1,0.864634,2026-04-26T16:31:35+07:00,2026-04-26T16:31:35+07:00,1.00
xnot.ch110249@example.com,app/api/admin/gacha-categories/[id]/AGENTS.md,1,0.864634,2026-04-26T16:31:35+07:00,2026-04-26T16:31:35+07:00,1.00
xnot.ch110249@example.com,app/api/admin/gacha-machines/AGENTS.md,1,0.864634,2026-04-26T16:31:35+07:00,2026-04-26T16:31:35+07:00,1.00
xnot.ch110249@example.com,app/api/admin/gacha-machines/[id]/AGENTS.md,1,0.864634,2026-04-26T16:31:35+07:00,2026-04-26T16:31:35+07:00,1.00
xnot.ch110249@example.com,app/api/admin/gacha-machines/[id]/duplicate/AGENTS.md,1,0.864634,2026-04-26T16:31:35+07:00,2026-04-26T16:31:35+07:00,1.00
xnot.ch110249@example.com,app/api/admin/gacha-machines/reorder/AGENTS.md,1,0.864634,2026-04-26T16:31:35+07:00,2026-04-26T16:31:35+07:00,1.00
xnot.ch110249@example.com,app/api/admin/gacha-machines/upload-image/AGENTS.md,1,0.864634,2026-04-26T16:31:35+07:00,2026-04-26T16:31:35+07:00,1.00
xnot.ch110249@example.com,app/api/admin/gacha-products/AGENTS.md,1,0.864634,2026-04-26T16:31:35+07:00,2026-04-26T16:31:35+07:00,1.00
xnot.ch110249@example.com,app/api/admin/gacha-rewards/AGENTS.md,1,0.864634,2026-04-26T16:31:35+07:00,2026-04-26T16:31:35+07:00,1.00
xnot.ch110249@example.com,app/api/admin/gacha-rewards/[id]/AGENTS.md,1,0.864634,2026-04-26T16:31:35+07:00,2026-04-26T16:31:35+07:00,1.00
xnot.ch110249@example.com,app/api/admin/gacha-rewards/upload-image/AGENTS.md,1,0.864634,2026-04-26T16:31:35+07:00,2026-04-26T16:31:35+07:00,1.00
xnot.ch110249@example.com,app/api/admin/gacha-settings/AGENTS.md,1,0.864634,2026-04-26T16:31:35+07:00,2026-04-26T16:31:35+07:00,1.00
xnot.ch110249@example.com,app/api/admin/help-videos/AGENTS.md,1,0.864634,2026-04-26T16:31:35+07:00,2026-04-26T16:31:35+07:00,1.00
xnot.ch110249@example.com,app/api/admin/help-videos/[id]/AGENTS.md,1,0.864634,2026-04-26T16:31:35+07:00,2026-04-26T16:31:35+07:00,1.00
xnot.ch110249@example.com,app/api/admin/help/AGENTS.md,1,0.864634,2026-04-26T16:31:35+07:00,2026-04-26T16:31:35+07:00,1.00
xnot.ch110249@example.com,app/api/admin/help/[id]/AGENTS.md,1,0.864634,2026-04-26T16:31:35+07:00,2026-04-26T16:31:35+07:00,1.00
xnot.ch110249@example.com,app/api/admin/nav-items/AGENTS.md,1,0.864634,2026-04-26T16:31:35+07:00,2026-04-26T16:31:35+07:00,1.00
xnot.ch110249@example.com,app/api/admin/nav-items/[id]/AGENTS.md,1,0.864634,2026-04-26T16:31:35+07:00,2026-04-26T16:31:35+07:00,1.00
xnot.ch110249@example.com,app/api/admin/news/AGENTS.md,1,0.864634,2026-04-26T16:31:35+07:00,2026-04-26T16:31:35+07:00,1.00
xnot.ch110249@example.com,app/api/admin/news/[id]/AGENTS.md,1,0.864634,2026-04-26T16:31:35+07:00,2026-04-26T16:31:35+07:00,1.00
xnot.ch110249@example.com,app/api/admin/popups/AGENTS.md,1,0.864634,2026-04-26T16:31:35+07:00,2026-04-26T16:31:35+07:00,1.00
xnot.ch110249@example.com,app/api/admin/popups/[id]/AGENTS.md,1,0.864634,2026-04-26T16:31:35+07:00,2026-04-26T16:31:35+07:00,1.00
xnot.ch110249@example.com,app/api/admin/products/AGENTS.md,1,0.864634,2026-04-26T16:31:35+07:00,2026-04-26T16:31:35+07:00,1.00
xnot.ch110249@example.com,app/api/admin/products/[id]/AGENTS.md,1,0.864634,2026-04-26T16:31:35+07:00,2026-04-26T16:31:35+07:00,1.00
xnot.ch110249@example.com,app/api/admin/products/[id]/duplicate/AGENTS.md,1,0.864634,2026-04-26T16:31:35+07:00,2026-04-26T16:31:35+07:00,1.00
xnot.ch110249@example.com,app/api/admin/products/[id]/featured/AGENTS.md,1,0.864634,2026-04-26T16:31:35+07:00,2026-04-26T16:31:35+07:00,1.00
xnot.ch110249@example.com,app/api/admin/promo-codes/AGENTS.md,1,0.864634,2026-04-26T16:31:35+07:00,2026-04-26T16:31:35+07:00,1.00
xnot.ch110249@example.com,app/api/admin/promo-codes/[id]/AGENTS.md,1,0.864634,2026-04-26T16:31:35+07:00,2026-04-26T16:31:35+07:00,1.00
xnot.ch110249@example.com,app/api/admin/roles/AGENTS.md,1,0.864634,2026-04-26T16:31:35+07:00,2026-04-26T16:31:35+07:00,1.00
xnot.ch110249@example.com,app/api/admin/roles/[id]/AGENTS.md,1,0.864634,2026-04-26T16:31:35+07:00,2026-04-26T16:31:35+07:00,1.00
xnot.ch110249@example.com,app/api/admin/season-pass/AGENTS.md,1,0.864634,2026-04-26T16:31:35+07:00,2026-04-26T16:31:35+07:00,2.00
xnot.ch110249@example.com,app/api/admin/season-pass/plan/AGENTS.md,1,0.864634,2026-04-26T16:31:35+07:00,2026-04-26T16:31:35+07:00,2.00
xnot.ch110249@example.com,app/api/admin/season-pass/rewards/AGENTS.md,1,0.864634,2026-04-26T16:31:35+07:00,2026-04-26T16:31:35+07:00,2.00
xnot.ch110249@example.com,app/api/admin/season-pass/upload-image/AGENTS.md,1,0.864634,2026-04-26T16:31:35+07:00,2026-04-26T16:31:35+07:00,2.00
xnot.ch110249@example.com,app/api/admin/settings/AGENTS.md,1,0.864634,2026-04-26T16:31:35+07:00,2026-04-26T16:31:35+07:00,1.00
xnot.ch110249@example.com,app/api/admin/slips/AGENTS.md,1,0.864634,2026-04-26T16:31:35+07:00,2026-04-26T16:31:35+07:00,2.00
xnot.ch110249@example.com,app/api/admin/slips/[id]/AGENTS.md,1,0.864634,2026-04-26T16:31:35+07:00,2026-04-26T16:31:35+07:00,2.00
xnot.ch110249@example.com,app/api/admin/slips/[id]/image/AGENTS.md,1,0.864634,2026-04-26T16:31:35+07:00,2026-04-26T16:31:35+07:00,2.00
xnot.ch110249@example.com,app/api/admin/users/AGENTS.md,1,0.864634,2026-04-26T16:31:35+07:00,2026-04-26T16:31:35+07:00,1.00
xnot.ch110249@example.com,app/api/admin/users/[id]/AGENTS.md,1,0.864634,2026-04-26T16:31:35+07:00,2026-04-26T16:31:35+07:00,1.00
xnot.ch110249@example.com,app/api/auth/[...nextauth]/AGENTS.md,1,0.864634,2026-04-26T16:31:35+07:00,2026-04-26T16:31:35+07:00,1.00
xnot.ch110249@example.com,app/api/cart/AGENTS.md,1,0.864634,2026-04-26T16:31:35+07:00,2026-04-26T16:31:35+07:00,1.00
xnot.ch110249@example.com,app/api/cart/checkout/AGENTS.md,1,0.864634,2026-04-26T16:31:35+07:00,2026-04-26T16:31:35+07:00,1.00
xnot.ch110249@example.com,app/api/chat/AGENTS.md,1,0.864634,2026-04-26T16:31:35+07:00,2026-04-26T16:31:35+07:00,0.80
xnot.ch110249@example.com,app/api/chat/conversation/AGENTS.md,1,0.864634,2026-04-26T16:31:35+07:00,2026-04-26T16:31:35+07:00,0.80
xnot.ch110249@example.com,app/api/chat/images/AGENTS.md,1,0.864634,2026-04-26T16:31:35+07:00,2026-04-26T16:31:35+07:00,0.80
xnot.ch110249@example.com,app/api/chat/media/AGENTS.md,1,0.864634,2026-04-26T16:31:35+07:00,2026-04-26T16:31:35+07:00,0.80
xnot.ch110249@example.com,app/api/chat/media/[messageId]/AGENTS.md,1,0.864634,2026-04-26T16:31:35+07:00,2026-04-26T16:31:35+07:00,0.80
xnot.ch110249@example.com,app/api/chat/messages/AGENTS.md,1,0.864634,2026-04-26T16:31:35+07:00,2026-04-26T16:31:35+07:00,0.80
xnot.ch110249@example.com,app/api/chat/read/AGENTS.md,1,0.864634,2026-04-26T16:31:35+07:00,2026-04-26T16:31:35+07:00,0.80
xnot.ch110249@example.com,app/api/csrf/AGENTS.md,1,0.864634,2026-04-26T16:31:35+07:00,2026-04-26T16:31:35+07:00,1.00
xnot.ch110249@example.com,app/api/currency-settings/AGENTS.md,1,0.864634,2026-04-26T16:31:35+07:00,2026-04-26T16:31:35+07:00,0.00
xnot.ch110249@example.com,app/api/dashboard/AGENTS.md,1,0.864634,2026-04-26T16:31:35+07:00,2026-04-26T16:31:35+07:00,0.00
xnot.ch110249@example.com,app/api/dashboard/members-summary/AGENTS.md,1,0.864634,2026-04-26T16:31:35+07:00,2026-04-26T16:31:35+07:00,0.00
xnot.ch110249@example.com,app/api/dashboard/overview/AGENTS.md,1,0.864634,2026-04-26T16:31:35+07:00,2026-04-26T16:31:35+07:00,0.00
xnot.ch110249@example.com,app/api/dashboard/purchases/AGENTS.md,1,0.864634,2026-04-26T16:31:35+07:00,2026-04-26T16:31:35+07:00,0.00
xnot.ch110249@example.com,app/api/dashboard/topup-summary/AGENTS.md,1,0.864634,2026-04-26T16:31:35+07:00,2026-04-26T16:31:35+07:00,0.00
xnot.ch110249@example.com,app/api/dashboard/topup-trend/AGENTS.md,1,0.864634,2026-04-26T16:31:35+07:00,2026-04-26T16:31:35+07:00,0.00
xnot.ch110249@example.com,app/api/featured-products/AGENTS.md,1,0.864634,2026-04-26T16:31:35+07:00,2026-04-26T16:31:35+07:00,0.00
xnot.ch110249@example.com,app/api/footer-widget/AGENTS.md,1,0.864634,2026-04-26T16:31:35+07:00,2026-04-26T16:31:35+07:00,0.00
xnot.ch110249@example.com,app/api/gacha/AGENTS.md,1,0.864634,2026-04-26T16:31:35+07:00,2026-04-26T16:31:35+07:00,1.00
xnot.ch110249@example.com,app/api/gacha/drop-rates/AGENTS.md,1,0.864634,2026-04-26T16:31:35+07:00,2026-04-26T16:31:35+07:00,1.00
xnot.ch110249@example.com,app/api/gacha/drop-rates/route.ts,2,1.588048,2026-03-11T09:07:26+07:00,2026-04-26T16:31:35+07:00,2.00
xnot.ch110249@example.com,app/api/gacha/grid/AGENTS.md,1,0.864634,2026-04-26T16:31:35+07:00,2026-04-26T16:31:35+07:00,1.00
xnot.ch110249@example.com,app/api/gacha/grid/rewards/AGENTS.md,1,0.864634,2026-04-26T16:31:35+07:00,2026-04-26T16:31:35+07:00,1.00
xnot.ch110249@example.com,app/api/gacha/grid/rewards/route.ts,4,3.141887,2026-03-11T09:07:26+07:00,2026-04-26T16:31:35+07:00,4.00
xnot.ch110249@example.com,app/api/gacha/grid/roll/AGENTS.md,1,0.864634,2026-04-26T16:31:35+07:00,2026-04-26T16:31:35+07:00,1.00
xnot.ch110249@example.com,app/api/gacha/history/AGENTS.md,1,0.864634,2026-04-26T16:31:35+07:00,2026-04-26T16:31:35+07:00,1.00
xnot.ch110249@example.com,app/api/gacha/machines/AGENTS.md,1,0.864634,2026-04-26T16:31:35+07:00,2026-04-26T16:31:35+07:00,1.00
xnot.ch110249@example.com,app/api/gacha/recent/AGENTS.md,1,0.864634,2026-04-26T16:31:35+07:00,2026-04-26T16:31:35+07:00,1.00
xnot.ch110249@example.com,app/api/gacha/roll/AGENTS.md,1,0.864634,2026-04-26T16:31:35+07:00,2026-04-26T16:31:35+07:00,1.00
xnot.ch110249@example.com,app/api/health/AGENTS.md,1,0.864634,2026-04-26T16:31:35+07:00,2026-04-26T16:31:35+07:00,0.00
xnot.ch110249@example.com,app/api/login/AGENTS.md,1,0.864634,2026-04-26T16:31:35+07:00,2026-04-26T16:31:35+07:00,1.00
xnot.ch110249@example.com,app/api/login/route.ts,1,0.864634,2026-04-26T16:31:35+07:00,2026-04-26T16:31:35+07:00,1.00
xnot.ch110249@example.com,app/api/logout/AGENTS.md,1,0.864634,2026-04-26T16:31:35+07:00,2026-04-26T16:31:35+07:00,0.80
xnot.ch110249@example.com,app/api/nav-items/AGENTS.md,1,0.864634,2026-04-26T16:31:35+07:00,2026-04-26T16:31:35+07:00,0.00
xnot.ch110249@example.com,app/api/news/AGENTS.md,1,0.864634,2026-04-26T16:31:35+07:00,2026-04-26T16:31:35+07:00,0.00
xnot.ch110249@example.com,app/api/orders/AGENTS.md,1,0.864634,2026-04-26T16:31:35+07:00,2026-04-26T16:31:35+07:00,1.00
xnot.ch110249@example.com,app/api/orders/[id]/AGENTS.md,1,0.864634,2026-04-26T16:31:35+07:00,2026-04-26T16:31:35+07:00,1.00
xnot.ch110249@example.com,app/api/popups/AGENTS.md,1,0.864634,2026-04-26T16:31:35+07:00,2026-04-26T16:31:35+07:00,0.00
xnot.ch110249@example.com,app/api/products/AGENTS.md,1,0.864634,2026-04-26T16:31:35+07:00,2026-04-26T16:31:35+07:00,0.00
xnot.ch110249@example.com,app/api/products/[id]/AGENTS.md,1,0.864634,2026-04-26T16:31:35+07:00,2026-04-26T16:31:35+07:00,0.00
xnot.ch110249@example.com,app/api/products/[id]/availability/AGENTS.md,1,0.864634,2026-04-26T16:31:35+07:00,2026-04-26T16:31:35+07:00,0.00
xnot.ch110249@example.com,app/api/products/[id]/stock/AGENTS.md,1,0.864634,2026-04-26T16:31:35+07:00,2026-04-26T16:31:35+07:00,0.00
xnot.ch110249@example.com,app/api/products/list/AGENTS.md,1,0.864634,2026-04-26T16:31:35+07:00,2026-04-26T16:31:35+07:00,0.00
xnot.ch110249@example.com,app/api/profile/AGENTS.md,1,0.864634,2026-04-26T16:31:35+07:00,2026-04-26T16:31:35+07:00,0.00
xnot.ch110249@example.com,app/api/profile/upload-image/AGENTS.md,1,0.864634,2026-04-26T16:31:35+07:00,2026-04-26T16:31:35+07:00,0.00
xnot.ch110249@example.com,app/api/promo-codes/AGENTS.md,1,0.864634,2026-04-26T16:31:35+07:00,2026-04-26T16:31:35+07:00,0.90
xnot.ch110249@example.com,app/api/promo-codes/redeem/AGENTS.md,1,0.864634,2026-04-26T16:31:35+07:00,2026-04-26T16:31:35+07:00,0.90
xnot.ch110249@example.com,app/api/promo-codes/validate/AGENTS.md,1,0.864634,2026-04-26T16:31:35+07:00,2026-04-26T16:31:35+07:00,0.90
xnot.ch110249@example.com,app/api/purchase/AGENTS.md,1,0.864634,2026-04-26T16:31:35+07:00,2026-04-26T16:31:35+07:00,1.00
xnot.ch110249@example.com,app/api/register/AGENTS.md,1,0.864634,2026-04-26T16:31:35+07:00,2026-04-26T16:31:35+07:00,0.90
xnot.ch110249@example.com,app/api/sale-products/AGENTS.md,1,0.864634,2026-04-26T16:31:35+07:00,2026-04-26T16:31:35+07:00,0.00
xnot.ch110249@example.com,app/api/season-pass/AGENTS.md,1,0.864634,2026-04-26T16:31:35+07:00,2026-04-26T16:31:35+07:00,1.00
xnot.ch110249@example.com,app/api/season-pass/claim/AGENTS.md,1,0.864634,2026-04-26T16:31:35+07:00,2026-04-26T16:31:35+07:00,1.00
xnot.ch110249@example.com,app/api/season-pass/purchase/AGENTS.md,1,0.864634,2026-04-26T16:31:35+07:00,2026-04-26T16:31:35+07:00,1.00
xnot.ch110249@example.com,app/api/session/AGENTS.md,1,0.864634,2026-04-26T16:31:35+07:00,2026-04-26T16:31:35+07:00,0.80
xnot.ch110249@example.com,app/api/system/AGENTS.md,1,0.864634,2026-04-26T16:31:35+07:00,2026-04-26T16:31:35+07:00,0.00
xnot.ch110249@example.com,app/api/system/maintenance/AGENTS.md,1,0.864634,2026-04-26T16:31:35+07:00,2026-04-26T16:31:35+07:00,0.00
xnot.ch110249@example.com,app/api/test-email/AGENTS.md,1,0.864634,2026-04-26T16:31:35+07:00,2026-04-26T16:31:35+07:00,0.00
xnot.ch110249@example.com,app/api/topup/AGENTS.md,1,0.864634,2026-04-26T16:31:35+07:00,2026-04-26T16:31:35+07:00,1.00
xnot.ch110249@example.com,app/api/upload/AGENTS.md,1,0.864634,2026-04-26T16:31:35+07:00,2026-04-26T16:31:35+07:00,0.00
xnot.ch110249@example.com,app/api/user/AGENTS.md,1,0.864634,2026-04-26T16:31:35+07:00,2026-04-26T16:31:35+07:00,0.00
xnot.ch110249@example.com,app/api/user/balance/AGENTS.md,1,0.864634,2026-04-26T16:31:35+07:00,2026-04-26T16:31:35+07:00,0.00
xnot.ch110249@example.com,app/api/user/settings/AGENTS.md,1,0.864634,2026-04-26T16:31:35+07:00,2026-04-26T16:31:35+07:00,0.00
xnot.ch110249@example.com,app/uploads/AGENTS.md,1,0.864634,2026-04-26T16:31:35+07:00,2026-04-26T16:31:35+07:00,1.00
xnot.ch110249@example.com,app/uploads/[...segments]/AGENTS.md,1,0.864634,2026-04-26T16:31:35+07:00,2026-04-26T16:31:35+07:00,1.00
xnot.ch110249@example.com,backup-prod-db.bat,2,1.674582,2026-04-09T17:19:07+07:00,2026-04-26T16:31:35+07:00,0.00
xnot.ch110249@example.com,components/AGENTS.md,1,0.864634,2026-04-26T16:31:35+07:00,2026-04-26T16:31:35+07:00,0.00
xnot.ch110249@example.com,components/NavbarInteractive.tsx,4,3.345933,2026-04-09T01:28:19+07:00,2026-04-26T16:31:35+07:00,0.00
xnot.ch110249@example.com,components/ThemeToggle.tsx,2,1.709539,2026-04-20T16:39:41+07:00,2026-04-26T16:31:35+07:00,0.00
xnot.ch110249@example.com,components/admin/AGENTS.md,1,0.864634,2026-04-26T16:31:35+07:00,2026-04-26T16:31:35+07:00,0.00
xnot.ch110249@example.com,components/cart/AGENTS.md,1,0.864634,2026-04-26T16:31:35+07:00,2026-04-26T16:31:35+07:00,0.00
xnot.ch110249@example.com,components/cart/AddToCartButtonDetail.tsx,3,2.317734,2026-03-11T16:50:14+07:00,2026-04-26T16:31:35+07:00,0.00
xnot.ch110249@example.com,components/chat/AGENTS.md,1,0.864634,2026-04-26T16:31:35+07:00,2026-04-26T16:31:35+07:00,0.00
xnot.ch110249@example.com,components/daily-topup-summary/AGENTS.md,1,0.864634,2026-04-26T16:31:35+07:00,2026-04-26T16:31:35+07:00,0.00
xnot.ch110249@example.com,components/emails/AGENTS.md,1,0.864634,2026-04-26T16:31:35+07:00,2026-04-26T16:31:35+07:00,0.00
xnot.ch110249@example.com,components/gacha/AGENTS.md,1,0.864634,2026-04-26T16:31:35+07:00,2026-04-26T16:31:35+07:00,0.70
xnot.ch110249@example.com,components/profile/AGENTS.md,1,0.864634,2026-04-26T16:31:35+07:00,2026-04-26T16:31:35+07:00,0.00
xnot.ch110249@example.com,components/providers/AGENTS.md,1,0.864634,2026-04-26T16:31:35+07:00,2026-04-26T16:31:35+07:00,0.00
xnot.ch110249@example.com,components/providers/ThemeProvider.tsx,4,3.241739,2026-03-11T16:50:14+07:00,2026-04-26T16:31:35+07:00,0.00
xnot.ch110249@example.com,components/season-pass/AGENTS.md,1,0.864634,2026-04-26T16:31:35+07:00,2026-04-26T16:31:35+07:00,0.70
xnot.ch110249@example.com,components/ui/AGENTS.md,1,0.864634,2026-04-26T16:31:35+07:00,2026-04-26T16:31:35+07:00,0.00
xnot.ch110249@example.com,db-push-dev.bat,2,1.674117,2026-04-09T13:44:30+07:00,2026-04-26T16:31:35+07:00,0.00
xnot.ch110249@example.com,db-studio-dev.bat,2,1.674117,2026-04-09T13:44:30+07:00,2026-04-26T16:31:35+07:00,0.00
xnot.ch110249@example.com,deploy-web.bat,2,1.674117,2026-04-09T13:44:30+07:00,2026-04-26T16:31:35+07:00,0.00
xnot.ch110249@example.com,dev-web.bat,2,1.674117,2026-04-09T13:44:30+07:00,2026-04-26T16:31:35+07:00,0.00
xnot.ch110249@example.com,docs/database-cleanup-plan.md,2,1.674582,2026-04-09T17:19:07+07:00,2026-04-26T16:31:35+07:00,0.00
xnot.ch110249@example.com,docs/database/AGENTS.md,1,0.864634,2026-04-26T16:31:35+07:00,2026-04-26T16:31:35+07:00,0.00
xnot.ch110249@example.com,docs/database/cleanup-plan.md,1,0.864634,2026-04-26T16:31:35+07:00,2026-04-26T16:31:35+07:00,0.00
xnot.ch110249@example.com,docs/database/sql/AGENTS.md,1,0.864634,2026-04-26T16:31:35+07:00,2026-04-26T16:31:35+07:00,0.00
xnot.ch110249@example.com,docs/incident-commerce-runbook.md,2,1.666085,2026-04-06T23:35:28+07:00,2026-04-26T16:31:35+07:00,0.00
xnot.ch110249@example.com,docs/project-context.md,1,0.864634,2026-04-26T16:31:35+07:00,2026-04-26T16:31:35+07:00,0.00
xnot.ch110249@example.com,docs/runbooks/AGENTS.md,1,0.864634,2026-04-26T16:31:35+07:00,2026-04-26T16:31:35+07:00,0.00
xnot.ch110249@example.com,docs/sql/AGENTS.md,1,0.864634,2026-04-26T16:31:35+07:00,2026-04-26T16:31:35+07:00,0.00
xnot.ch110249@example.com,drizzle/AGENTS.md,1,0.864634,2026-04-26T16:31:35+07:00,2026-04-26T16:31:35+07:00,0.90
xnot.ch110249@example.com,hooks/AGENTS.md,1,0.864634,2026-04-26T16:31:35+07:00,2026-04-26T16:31:35+07:00,0.00
xnot.ch110249@example.com,lib/AGENTS.md,1,0.864634,2026-04-26T16:31:35+07:00,2026-04-26T16:31:35+07:00,0.00
xnot.ch110249@example.com,lib/actions/AGENTS.md,1,0.864634,2026-04-26T16:31:35+07:00,2026-04-26T16:31:35+07:00,0.00
xnot.ch110249@example.com,lib/adminAccess.ts,2,1.678479,2026-04-10T23:14:05+07:00,2026-04-26T16:31:35+07:00,2.00
xnot.ch110249@example.com,lib/db/AGENTS.md,1,0.864634,2026-04-26T16:31:35+07:00,2026-04-26T16:31:35+07:00,0.00
xnot.ch110249@example.com,lib/features/AGENTS.md,1,0.864634,2026-04-26T16:31:35+07:00,2026-04-26T16:31:35+07:00,0.00
xnot.ch110249@example.com,lib/features/orders/AGENTS.md,1,0.864634,2026-04-26T16:31:35+07:00,2026-04-26T16:31:35+07:00,1.00
xnot.ch110249@example.com,lib/features/products/AGENTS.md,1,0.864634,2026-04-26T16:31:35+07:00,2026-04-26T16:31:35+07:00,0.80
xnot.ch110249@example.com,lib/features/promo/AGENTS.md,1,0.864634,2026-04-26T16:31:35+07:00,2026-04-26T16:31:35+07:00,0.90
xnot.ch110249@example.com,lib/gachaMachineProbability.ts,2,1.680128,2026-04-11T11:51:02+07:00,2026-04-26T16:31:35+07:00,0.00
xnot.ch110249@example.com,lib/gachaRewardEligibility.ts,1,0.864634,2026-04-26T16:31:35+07:00,2026-04-26T16:31:35+07:00,0.00
xnot.ch110249@example.com,lib/gachaRewardQueries.ts,1,0.864634,2026-04-26T16:31:35+07:00,2026-04-26T16:31:35+07:00,0.90
xnot.ch110249@example.com,lib/imageUploadRecommendations.ts,2,1.689683,2026-04-14T12:27:01+07:00,2026-04-26T16:31:35+07:00,0.00
xnot.ch110249@example.com,lib/passwordReset.ts,1,0.864634,2026-04-26T16:31:35+07:00,2026-04-26T16:31:35+07:00,0.00
xnot.ch110249@example.com,lib/security/AGENTS.md,1,0.864634,2026-04-26T16:31:35+07:00,2026-04-26T16:31:35+07:00,1.00
xnot.ch110249@example.com,lib/seo.ts,5,4.111518,2026-04-02T17:27:30+07:00,2026-04-26T16:31:35+07:00,0.00
xnot.ch110249@example.com,lib/utils/AGENTS.md,1,0.864634,2026-04-26T16:31:35+07:00,2026-04-26T16:31:35+07:00,0.00
xnot.ch110249@example.com,lib/validations/AGENTS.md,1,0.864634,2026-04-26T16:31:35+07:00,2026-04-26T16:31:35+07:00,0.00
xnot.ch110249@example.com,lib/validations/settings.ts,4,3.065189,2026-03-10T00:02:29+07:00,2026-04-26T16:31:35+07:00,0.00
xnot.ch110249@example.com,public/AGENTS.md,1,0.864634,2026-04-26T16:31:35+07:00,2026-04-26T16:31:35+07:00,0.00
xnot.ch110249@example.com,public/uploads/AGENTS.md,1,0.864634,2026-04-26T16:31:35+07:00,2026-04-26T16:31:35+07:00,0.00
xnot.ch110249@example.com,public/uploads/gacha-machines/AGENTS.md,1,0.864634,2026-04-26T16:31:35+07:00,2026-04-26T16:31:35+07:00,0.00
xnot.ch110249@example.com,public/uploads/gacha/AGENTS.md,1,0.864634,2026-04-26T16:31:35+07:00,2026-04-26T16:31:35+07:00,0.00
xnot.ch110249@example.com,public/uploads/products/AGENTS.md,1,0.864634,2026-04-26T16:31:35+07:00,2026-04-26T16:31:35+07:00,0.00
xnot.ch110249@example.com,public/uploads/profiles/AGENTS.md,1,0.864634,2026-04-26T16:31:35+07:00,2026-04-26T16:31:35+07:00,0.00
xnot.ch110249@example.com,public/uploads/season-pass/AGENTS.md,1,0.864634,2026-04-26T16:31:35+07:00,2026-04-26T16:31:35+07:00,0.00
xnot.ch110249@example.com,scripts/windows/backup-prod-db.bat,1,0.864634,2026-04-26T16:31:35+07:00,2026-04-26T16:31:35+07:00,0.70
xnot.ch110249@example.com,scripts/windows/db-push-dev.bat,1,0.864634,2026-04-26T16:31:35+07:00,2026-04-26T16:31:35+07:00,0.70
xnot.ch110249@example.com,scripts/windows/db-studio-dev.bat,1,0.864634,2026-04-26T16:31:35+07:00,2026-04-26T16:31:35+07:00,0.70
xnot.ch110249@example.com,scripts/windows/deploy-web.bat,1,0.864634,2026-04-26T16:31:35+07:00,2026-04-26T16:31:35+07:00,0.70
xnot.ch110249@example.com,scripts/windows/dev-web.bat,1,0.864634,2026-04-26T16:31:35+07:00,2026-04-26T16:31:35+07:00,0.70
xnot.ch110249@example.com,scripts/windows/start-dev-db.bat,1,0.864634,2026-04-26T16:31:35+07:00,2026-04-26T16:31:35+07:00,0.70
xnot.ch110249@example.com,scripts/windows/start-web.bat,1,0.864634,2026-04-26T16:31:35+07:00,2026-04-26T16:31:35+07:00,0.70
xnot.ch110249@example.com,scripts/windows/status-web.bat,1,0.864634,2026-04-26T16:31:35+07:00,2026-04-26T16:31:35+07:00,0.70
xnot.ch110249@example.com,scripts/windows/stop-dev-db.bat,1,0.864634,2026-04-26T16:31:35+07:00,2026-04-26T16:31:35+07:00,0.70
xnot.ch110249@example.com,scripts/windows/stop-web.bat,1,0.864634,2026-04-26T16:31:35+07:00,2026-04-26T16:31:35+07:00,0.70
xnot.ch110249@example.com,start-dev-db.bat,2,1.674117,2026-04-09T13:44:30+07:00,2026-04-26T16:31:35+07:00,0.00
xnot.ch110249@example.com,start-web.bat,2,1.674117,2026-04-09T13:44:30+07:00,2026-04-26T16:31:35+07:00,0.00
xnot.ch110249@example.com,status-web.bat,2,1.674117,2026-04-09T13:44:30+07:00,2026-04-26T16:31:35+07:00,0.00
xnot.ch110249@example.com,stop-dev-db.bat,2,1.674117,2026-04-09T13:44:30+07:00,2026-04-26T16:31:35+07:00,0.00
xnot.ch110249@example.com,stop-web.bat,2,1.674117,2026-04-09T13:44:30+07:00,2026-04-26T16:31:35+07:00,0.00
xnot.ch110249@example.com,storage/AGENTS.md,1,0.864634,2026-04-26T16:31:35+07:00,2026-04-26T16:31:35+07:00,0.60
xnot.ch110249@example.com,storage/chat-media/AGENTS.md,1,0.864634,2026-04-26T16:31:35+07:00,2026-04-26T16:31:35+07:00,0.00
xnot.ch110249@example.com,tests/AGENTS.md,1,0.864634,2026-04-26T16:31:35+07:00,2026-04-26T16:31:35+07:00,0.00
xnot.ch110249@example.com,tests/api/AGENTS.md,1,0.864634,2026-04-26T16:31:35+07:00,2026-04-26T16:31:35+07:00,0.00
xnot.ch110249@example.com,tests/components/AGENTS.md,1,0.864634,2026-04-26T16:31:35+07:00,2026-04-26T16:31:35+07:00,0.00
xnot.ch110249@example.com,tests/lib/AGENTS.md,1,0.864634,2026-04-26T16:31:35+07:00,2026-04-26T16:31:35+07:00,0.00
xnot.ch110249@example.com,tests/lib/passwordReset.test.ts,1,0.864634,2026-04-26T16:31:35+07:00,2026-04-26T16:31:35+07:00,0.00
xnot.ch110249@example.com,types/AGENTS.md,1,0.864634,2026-04-26T16:31:35+07:00,2026-04-26T16:31:35+07:00,0.00
xnot.ch110249@example.com,components/DashboardSidebar.tsx,8,6.279676,2026-03-11T16:50:14+07:00,2026-04-21T18:05:15+07:00,0.00
xnot.ch110249@example.com,components/NavbarUserMenu.tsx,7,5.659055,2026-04-03T02:15:25+07:00,2026-04-21T18:05:15+07:00,0.00
xnot.ch110249@example.com,components/admin/AdminChatInbox.tsx,5,4.051283,2026-04-03T02:15:25+07:00,2026-04-21T18:05:15+07:00,0.00
xnot.ch110249@example.com,components/admin/AdminSidebar.tsx,13,10.159748,2026-03-10T00:02:29+07:00,2026-04-21T18:05:15+07:00,10.40
xnot.ch110249@example.com,components/cart/CartItem.tsx,6,4.799332,2026-03-11T16:50:14+07:00,2026-04-21T18:05:15+07:00,0.00
xnot.ch110249@example.com,components/profile/PinSettingsCard.tsx,2,1.693263,2026-04-20T16:39:41+07:00,2026-04-21T18:05:15+07:00,0.00
xnot.ch110249@example.com,lib/chatSecurity.ts,2,1.640008,2026-04-03T18:54:16+07:00,2026-04-21T18:05:15+07:00,0.00
xnot.ch110249@example.com,sonar-project.properties,4,3.150306,2026-03-11T09:07:26+07:00,2026-04-21T18:05:15+07:00,0.00
xnot.ch110249@example.com,storage/uploads/profiles/1776528745261-0b0439a1.webp,2,1.693263,2026-04-20T16:39:41+07:00,2026-04-21T18:05:15+07:00,1.60
xnot.ch110249@example.com,storage/uploads/profiles/1776603871776-eeeb528e.webp,2,1.693263,2026-04-20T16:39:41+07:00,2026-04-21T18:05:15+07:00,1.60
xnot.ch110249@example.com,.github/workflows/sonarcloud.yml,1,0.844904,2026-04-20T16:39:41+07:00,2026-04-20T16:39:41+07:00,0.00
xnot.ch110249@example.com,app/api/profile/route.ts,2,1.646355,2026-04-06T23:35:28+07:00,2026-04-20T16:39:41+07:00,0.00
xnot.ch110249@example.com,app/api/promo-codes/redeem/route.ts,2,1.652795,2026-04-09T01:28:19+07:00,2026-04-20T16:39:41+07:00,1.80
xnot.ch110249@example.com,components/HideMainLayout.tsx,1,0.844904,2026-04-20T16:39:41+07:00,2026-04-20T16:39:41+07:00,0.00
xnot.ch110249@example.com,components/ProductCardSkeleton.tsx,4,3.101170,2026-03-10T00:02:29+07:00,2026-04-20T16:39:41+07:00,0.00
xnot.ch110249@example.com,components/QuantitySelector.tsx,4,3.096507,2026-03-11T11:53:27+07:00,2026-04-20T16:39:41+07:00,0.00
xnot.ch110249@example.com,components/ShareButtons.tsx,3,2.298004,2026-03-11T16:50:14+07:00,2026-04-20T16:39:41+07:00,0.00
xnot.ch110249@example.com,components/TurnstileWidget.tsx,3,2.513104,2026-04-16T20:59:44+07:00,2026-04-20T16:39:41+07:00,0.00
xnot.ch110249@example.com,components/ui/button.tsx,2,1.648462,2026-04-07T15:57:08+07:00,2026-04-20T16:39:41+07:00,0.00
xnot.ch110249@example.com,drizzle/0014_user_pin_security.sql,1,0.844904,2026-04-20T16:39:41+07:00,2026-04-20T16:39:41+07:00,0.90
xnot.ch110249@example.com,hooks/use-mobile.ts,2,1.573695,2026-03-13T07:16:25+07:00,2026-04-20T16:39:41+07:00,0.00
xnot.ch110249@example.com,hooks/useCurrencySettings.ts,2,1.669953,2026-04-14T12:27:01+07:00,2026-04-20T16:39:41+07:00,0.00
xnot.ch110249@example.com,lib/actions/pin.ts,1,0.844904,2026-04-20T16:39:41+07:00,2026-04-20T16:39:41+07:00,0.00
xnot.ch110249@example.com,lib/compressImage.ts,3,2.375146,2026-03-13T07:16:25+07:00,2026-04-20T16:39:41+07:00,0.00
xnot.ch110249@example.com,lib/helpVideos.ts,2,1.664630,2026-04-12T20:06:35+07:00,2026-04-20T16:39:41+07:00,0.00
xnot.ch110249@example.com,lib/newsValidation.ts,2,1.661690,2026-04-11T21:42:54+07:00,2026-04-20T16:39:41+07:00,0.00
xnot.ch110249@example.com,lib/security/pin.ts,1,0.844904,2026-04-20T16:39:41+07:00,2026-04-20T16:39:41+07:00,1.00
xnot.ch110249@example.com,lib/theme.ts,1,0.844904,2026-04-20T16:39:41+07:00,2026-04-20T16:39:41+07:00,0.00
xnot.ch110249@example.com,lib/validations/index.ts,1,0.844904,2026-04-20T16:39:41+07:00,2026-04-20T16:39:41+07:00,0.00
xnot.ch110249@example.com,lib/validations/pin.ts,1,0.844904,2026-04-20T16:39:41+07:00,2026-04-20T16:39:41+07:00,0.00
xnot.ch110249@example.com,scripts/sonar/fetch-sonar.js,2,1.588430,2026-03-18T12:01:52+07:00,2026-04-20T16:39:41+07:00,0.00
xnot.ch110249@example.com,scripts/sonar/run-sonar.js,2,1.588430,2026-03-18T12:01:52+07:00,2026-04-20T16:39:41+07:00,0.00
xnot.ch110249@example.com,scripts/sonar/summarize-sonar.js,2,1.588430,2026-03-18T12:01:52+07:00,2026-04-20T16:39:41+07:00,0.00
xnot.ch110249@example.com,storage/uploads/profiles/1775976445099-5b32611b.webp,2,1.669953,2026-04-14T12:27:01+07:00,2026-04-20T16:39:41+07:00,1.60
xnot.ch110249@example.com,tests/lib/imageResize.test.ts,2,1.578534,2026-03-15T00:31:31+07:00,2026-04-20T16:39:41+07:00,0.00
xnot.ch110249@example.com,tests/lib/utils.test.ts,2,1.578534,2026-03-15T00:31:31+07:00,2026-04-20T16:39:41+07:00,0.00
xnot.ch110249@example.com,vitest.config.ts,3,2.307741,2026-03-13T10:49:53+07:00,2026-04-20T16:39:41+07:00,0.00
xnot.ch110249@example.com,app/api/session/route.ts,2,1.617659,2026-04-02T18:33:27+07:00,2026-04-15T18:56:46+07:00,1.60
xnot.ch110249@example.com,lib/productImages.ts,1,0.829096,2026-04-15T18:56:46+07:00,2026-04-15T18:56:46+07:00,0.00
xnot.ch110249@example.com,Dockerfile,2,1.634532,2026-04-09T13:44:30+07:00,2026-04-14T12:27:01+07:00,1.60
xnot.ch110249@example.com,app/api/featured-products/route.ts,2,1.620166,2026-04-04T22:08:26+07:00,2026-04-14T12:27:01+07:00,0.00
xnot.ch110249@example.com,app/api/sale-products/route.ts,1,0.825049,2026-04-14T12:27:01+07:00,2026-04-14T12:27:01+07:00,0.00
xnot.ch110249@example.com,app/api/test-email/route.ts,4,3.062073,2026-03-10T00:47:30+07:00,2026-04-14T12:27:01+07:00,0.00
xnot.ch110249@example.com,lib/currencySettings.ts,1,0.825049,2026-04-14T12:27:01+07:00,2026-04-14T12:27:01+07:00,0.00
xnot.ch110249@example.com,lib/gachaCost.ts,1,0.825049,2026-04-14T12:27:01+07:00,2026-04-14T12:27:01+07:00,0.00
xnot.ch110249@example.com,lib/getCurrencySettings.ts,1,0.825049,2026-04-14T12:27:01+07:00,2026-04-14T12:27:01+07:00,0.00
xnot.ch110249@example.com,lib/userBalances.ts,2,1.628607,2026-04-07T15:57:08+07:00,2026-04-14T12:27:01+07:00,0.00
xnot.ch110249@example.com,lib/validations/gacha.ts,5,3.906366,2026-03-13T07:16:25+07:00,2026-04-14T12:27:01+07:00,0.00
xnot.ch110249@example.com,public/uploads/profiles/1775634573158-78bfd76b.webp,2,1.632940,2026-04-09T01:28:19+07:00,2026-04-14T12:27:01+07:00,0.00
xnot.ch110249@example.com,drizzle/0013_help_videos.sql,1,0.819726,2026-04-12T20:06:35+07:00,2026-04-12T20:06:35+07:00,0.90
xnot.ch110249@example.com,lib/validations/content.ts,6,4.726444,2026-03-13T07:16:25+07:00,2026-04-12T20:06:35+07:00,0.00
xnot.ch110249@example.com,app/api/admin/audit-logs/route.ts,6,4.660830,2026-03-10T00:02:29+07:00,2026-04-12T16:25:57+07:00,6.00
xnot.ch110249@example.com,lib/permissions.ts,5,3.804965,2026-03-10T00:02:29+07:00,2026-04-12T16:25:57+07:00,5.00
xnot.ch110249@example.com,public/uploads/gacha/1775839467209-f6c2ae30.webp,1,0.816786,2026-04-11T21:42:54+07:00,2026-04-11T21:42:54+07:00,0.00
xnot.ch110249@example.com,public/uploads/products/1775836037369-a7598596.webp,1,0.816786,2026-04-11T21:42:54+07:00,2026-04-11T21:42:54+07:00,0.00
xnot.ch110249@example.com,public/uploads/products/1775842146375-229df8fd.webp,1,0.816786,2026-04-11T21:42:54+07:00,2026-04-11T21:42:54+07:00,0.00
xnot.ch110249@example.com,public/uploads/products/1775842185132-1d235ef5.webp,1,0.816786,2026-04-11T21:42:54+07:00,2026-04-11T21:42:54+07:00,0.00
xnot.ch110249@example.com,public/uploads/products/1775842430109-14f13150.webp,1,0.816786,2026-04-11T21:42:54+07:00,2026-04-11T21:42:54+07:00,0.00
xnot.ch110249@example.com,public/uploads/products/1775842438572-c7aebbf2.webp,1,0.816786,2026-04-11T21:42:54+07:00,2026-04-11T21:42:54+07:00,0.00
xnot.ch110249@example.com,public/uploads/products/1775842489551-7ce4ab4f.webp,1,0.816786,2026-04-11T21:42:54+07:00,2026-04-11T21:42:54+07:00,0.00
xnot.ch110249@example.com,public/uploads/products/1775881246446-4a992984.webp,1,0.816786,2026-04-11T21:42:54+07:00,2026-04-11T21:42:54+07:00,0.00
xnot.ch110249@example.com,public/uploads/products/1775881323431-50f77ef8.webp,1,0.816786,2026-04-11T21:42:54+07:00,2026-04-11T21:42:54+07:00,0.00
xnot.ch110249@example.com,public/uploads/products/1775881543136-bf3ebeb8.webp,1,0.816786,2026-04-11T21:42:54+07:00,2026-04-11T21:42:54+07:00,0.00
xnot.ch110249@example.com,public/uploads/products/1775881794052-9f4320ef.webp,1,0.816786,2026-04-11T21:42:54+07:00,2026-04-11T21:42:54+07:00,0.00
xnot.ch110249@example.com,public/uploads/profiles/1775484662035-edb37df1.webp,2,1.618237,2026-04-06T23:35:28+07:00,2026-04-11T21:42:54+07:00,0.00
xnot.ch110249@example.com,tests/lib/newsValidation.test.ts,1,0.816786,2026-04-11T21:42:54+07:00,2026-04-11T21:42:54+07:00,0.00
xnot.ch110249@example.com,tests/lib/serverImageUpload.test.ts,4,3.219611,2026-04-03T23:20:46+07:00,2026-04-11T21:42:54+07:00,0.00
xnot.ch110249@example.com,app/api/admin/gacha-machines/upload-image/route.ts,6,4.597261,2026-03-11T09:07:26+07:00,2026-04-11T11:51:02+07:00,6.00
xnot.ch110249@example.com,app/api/admin/gacha-rewards/upload-image/route.ts,6,4.597261,2026-03-11T09:07:26+07:00,2026-04-11T11:51:02+07:00,6.00
xnot.ch110249@example.com,app/api/profile/upload-image/route.ts,2,1.610611,2026-04-04T22:08:26+07:00,2026-04-11T11:51:02+07:00,0.00
xnot.ch110249@example.com,lib/runtimeUploads.ts,1,0.815494,2026-04-11T11:51:02+07:00,2026-04-11T11:51:02+07:00,0.00
xnot.ch110249@example.com,tests/lib/gachaProbability.test.ts,2,1.619052,2026-04-07T15:57:08+07:00,2026-04-11T11:51:02+07:00,0.00
xnot.ch110249@example.com,app/api/admin/auto-delete/run/route.ts,5,3.948904,2026-03-19T21:24:04+07:00,2026-04-10T23:14:05+07:00,5.00
xnot.ch110249@example.com,app/api/admin/chat/conversations/[id]/images/route.ts,2,1.603383,2026-04-03T02:15:25+07:00,2026-04-10T23:14:05+07:00,3.60
xnot.ch110249@example.com,app/api/admin/chat/conversations/[id]/messages/route.ts,3,2.395033,2026-04-03T02:15:25+07:00,2026-04-10T23:14:05+07:00,5.40
xnot.ch110249@example.com,app/api/admin/chat/conversations/[id]/read/route.ts,2,1.603383,2026-04-03T02:15:25+07:00,2026-04-10T23:14:05+07:00,3.60
xnot.ch110249@example.com,app/api/admin/chat/conversations/[id]/route.ts,3,2.395033,2026-04-03T02:15:25+07:00,2026-04-10T23:14:05+07:00,5.40
xnot.ch110249@example.com,app/api/admin/chat/conversations/route.ts,2,1.603383,2026-04-03T02:15:25+07:00,2026-04-10T23:14:05+07:00,3.60
xnot.ch110249@example.com,app/api/admin/chat/templates/[id]/route.ts,2,1.605495,2026-04-03T18:54:16+07:00,2026-04-10T23:14:05+07:00,3.60
xnot.ch110249@example.com,app/api/admin/chat/templates/route.ts,2,1.605495,2026-04-03T18:54:16+07:00,2026-04-10T23:14:05+07:00,3.60
xnot.ch110249@example.com,app/api/admin/easyslip-info/route.ts,2,1.621736,2026-04-09T01:28:19+07:00,2026-04-10T23:14:05+07:00,2.00
xnot.ch110249@example.com,app/api/admin/gacha-categories/[id]/route.ts,2,1.542635,2026-03-13T07:16:25+07:00,2026-04-10T23:14:05+07:00,2.00
xnot.ch110249@example.com,app/api/admin/gacha-categories/route.ts,2,1.537259,2026-03-11T09:07:26+07:00,2026-04-10T23:14:05+07:00,2.00
xnot.ch110249@example.com,app/api/admin/promo-codes/[id]/route.ts,5,3.875701,2026-03-11T11:47:17+07:00,2026-04-10T23:14:05+07:00,5.00
xnot.ch110249@example.com,app/api/admin/promo-codes/route.ts,5,3.787084,2026-03-10T00:02:29+07:00,2026-04-10T23:14:05+07:00,5.00
xnot.ch110249@example.com,components/admin/AdminPermissionsProvider.tsx,1,0.813845,2026-04-10T23:14:05+07:00,2026-04-10T23:14:05+07:00,0.00
xnot.ch110249@example.com,components/admin/AutoDeleteRunButton.tsx,2,1.561363,2026-03-19T21:24:04+07:00,2026-04-10T23:14:05+07:00,0.00
xnot.ch110249@example.com,components/admin/SlipTable.tsx,5,3.846841,2026-03-11T16:50:14+07:00,2026-04-10T23:14:05+07:00,4.00
xnot.ch110249@example.com,components/admin/TopupTable.tsx,3,2.322934,2026-03-11T16:50:14+07:00,2026-04-10T23:14:05+07:00,2.40
xnot.ch110249@example.com,components/admin/TrashRunButton.tsx,2,1.561363,2026-03-19T21:24:04+07:00,2026-04-10T23:14:05+07:00,0.00
xnot.ch110249@example.com,lib/roleCode.ts,1,0.813845,2026-04-10T23:14:05+07:00,2026-04-10T23:14:05+07:00,0.00
xnot.ch110249@example.com,next-auth.d.ts,2,1.623394,2026-04-09T14:14:50+07:00,2026-04-10T23:14:05+07:00,0.00
xnot.ch110249@example.com,tests/lib/permissions-validate.test.ts,2,1.547475,2026-03-15T00:31:31+07:00,2026-04-10T23:14:05+07:00,0.00
xnot.ch110249@example.com,tests/lib/permissions.test.ts,3,2.276682,2026-03-13T10:49:53+07:00,2026-04-10T23:14:05+07:00,0.00
xnot.ch110249@example.com,tests/lib/roleCode.test.ts,1,0.813845,2026-04-10T23:14:05+07:00,2026-04-10T23:14:05+07:00,0.00
xnot.ch110249@example.com,lib/session.ts,4,3.063603,2026-03-11T09:07:26+07:00,2026-04-09T17:19:07+07:00,0.00
xnot.ch110249@example.com,tests/lib/session.test.ts,2,1.543578,2026-03-15T00:31:31+07:00,2026-04-09T17:19:07+07:00,0.00
xnot.ch110249@example.com,.dockerignore,1,0.809483,2026-04-09T13:44:30+07:00,2026-04-09T13:44:30+07:00,0.00
xnot.ch110249@example.com,app/api/health/route.ts,1,0.809483,2026-04-09T13:44:30+07:00,2026-04-09T13:44:30+07:00,0.00
xnot.ch110249@example.com,drizzle.config.ts,2,1.529067,2026-03-10T00:02:29+07:00,2026-04-09T13:44:30+07:00,0.00
xnot.ch110249@example.com,public/uploads/season-pass/1775716480745-1645b557.webp,1,0.809483,2026-04-09T13:44:30+07:00,2026-04-09T13:44:30+07:00,0.00
xnot.ch110249@example.com,.editorconfig,1,0.807891,2026-04-09T01:28:19+07:00,2026-04-09T01:28:19+07:00,0.00
xnot.ch110249@example.com,app/api/orders/[id]/route.ts,3,2.362495,2026-03-21T20:12:45+07:00,2026-04-09T01:28:19+07:00,3.00
xnot.ch110249@example.com,app/api/promo-codes/validate/route.ts,4,3.057716,2026-03-10T00:02:29+07:00,2026-04-09T01:28:19+07:00,3.60
xnot.ch110249@example.com,components/DashboardTabs.tsx,4,3.045770,2026-03-11T16:50:14+07:00,2026-04-09T01:28:19+07:00,0.00
xnot.ch110249@example.com,drizzle/0012_promo_code_types.sql,1,0.807891,2026-04-09T01:28:19+07:00,2026-04-09T01:28:19+07:00,0.90
xnot.ch110249@example.com,lib/chat.ts,3,2.389079,2026-04-03T02:15:25+07:00,2026-04-09T01:28:19+07:00,0.00
xnot.ch110249@example.com,lib/promo.ts,2,1.609342,2026-04-06T23:35:28+07:00,2026-04-09T01:28:19+07:00,0.00
xnot.ch110249@example.com,lib/validations/promoCode.ts,3,2.338132,2026-03-13T07:16:25+07:00,2026-04-09T01:28:19+07:00,0.00
xnot.ch110249@example.com,public/TU1.png,1,0.807891,2026-04-09T01:28:19+07:00,2026-04-09T01:28:19+07:00,0.00
xnot.ch110249@example.com,public/payment.png,1,0.807891,2026-04-09T01:28:19+07:00,2026-04-09T01:28:19+07:00,0.00
xnot.ch110249@example.com,public/type-img-04.png,1,0.807891,2026-04-09T01:28:19+07:00,2026-04-09T01:28:19+07:00,0.00
xnot.ch110249@example.com,public/uploads/products/1775562943772-16a74b9e.webp,1,0.807891,2026-04-09T01:28:19+07:00,2026-04-09T01:28:19+07:00,0.00
xnot.ch110249@example.com,public/voucher-ticket-new.png,1,0.807891,2026-04-09T01:28:19+07:00,2026-04-09T01:28:19+07:00,0.00
xnot.ch110249@example.com,public/voucher-ticket.png,1,0.807891,2026-04-09T01:28:19+07:00,2026-04-09T01:28:19+07:00,0.00
xnot.ch110249@example.com,tests/api/promo-validate.test.ts,3,2.342972,2026-03-15T00:31:31+07:00,2026-04-09T01:28:19+07:00,0.00
xnot.ch110249@example.com,app/api/user/balance/route.ts,2,1.591982,2026-04-02T17:27:30+07:00,2026-04-07T15:57:08+07:00,0.00
xnot.ch110249@example.com,components/ui/card.tsx,1,0.803558,2026-04-07T15:57:08+07:00,2026-04-07T15:57:08+07:00,0.00
xnot.ch110249@example.com,components/ui/dialog.tsx,2,1.527867,2026-03-11T16:50:14+07:00,2026-04-07T15:57:08+07:00,0.00
xnot.ch110249@example.com,components/ui/sheet.tsx,3,2.281021,2026-03-11T16:50:14+07:00,2026-04-07T15:57:08+07:00,0.00
xnot.ch110249@example.com,components/ui/tabs.tsx,1,0.803558,2026-04-07T15:57:08+07:00,2026-04-07T15:57:08+07:00,0.00
xnot.ch110249@example.com,public/uploads/gacha-machines/1775540607456-b6b68714.webp,1,0.803558,2026-04-07T15:57:08+07:00,2026-04-07T15:57:08+07:00,0.00
xnot.ch110249@example.com,public/uploads/gacha/1775540888771-69d75f84.webp,1,0.803558,2026-04-07T15:57:08+07:00,2026-04-07T15:57:08+07:00,0.00
xnot.ch110249@example.com,public/uploads/gacha/1775540919230-a66a8a52.webp,1,0.803558,2026-04-07T15:57:08+07:00,2026-04-07T15:57:08+07:00,0.00
xnot.ch110249@example.com,public/uploads/gacha/1775540957901-f716e524.webp,1,0.803558,2026-04-07T15:57:08+07:00,2026-04-07T15:57:08+07:00,0.00
xnot.ch110249@example.com,public/uploads/gacha/1775541006065-de88e799.webp,1,0.803558,2026-04-07T15:57:08+07:00,2026-04-07T15:57:08+07:00,0.00
xnot.ch110249@example.com,public/uploads/profiles/1775544971911-b22dd5f2.webp,1,0.803558,2026-04-07T15:57:08+07:00,2026-04-07T15:57:08+07:00,0.00
xnot.ch110249@example.com,tests/lib/gachaExecution.test.ts,1,0.803558,2026-04-07T15:57:08+07:00,2026-04-07T15:57:08+07:00,0.00
xnot.ch110249@example.com,app/api/system/maintenance/route.ts,1,0.801451,2026-04-06T23:35:28+07:00,2026-04-06T23:35:28+07:00,0.00
xnot.ch110249@example.com,components/DailyTopupSummary.tsx,7,5.209734,2026-03-11T09:07:26+07:00,2026-04-06T23:35:28+07:00,0.00
xnot.ch110249@example.com,components/GachaResultModal.tsx,3,2.315299,2026-03-11T16:50:14+07:00,2026-04-06T23:35:28+07:00,0.00
xnot.ch110249@example.com,components/daily-topup-summary/constants.ts,1,0.801451,2026-04-06T23:35:28+07:00,2026-04-06T23:35:28+07:00,0.00
xnot.ch110249@example.com,components/daily-topup-summary/types.ts,1,0.801451,2026-04-06T23:35:28+07:00,2026-04-06T23:35:28+07:00,0.00
xnot.ch110249@example.com,components/daily-topup-summary/useDailyTopupSummaryData.ts,1,0.801451,2026-04-06T23:35:28+07:00,2026-04-06T23:35:28+07:00,0.00
xnot.ch110249@example.com,drizzle/0006_targeted_promo_system.sql,1,0.801451,2026-04-06T23:35:28+07:00,2026-04-06T23:35:28+07:00,0.90
xnot.ch110249@example.com,drizzle/0007_encryptable_columns_widen.sql,1,0.801451,2026-04-06T23:35:28+07:00,2026-04-06T23:35:28+07:00,0.90
xnot.ch110249@example.com,drizzle/0008_season_pass.sql,1,0.801451,2026-04-06T23:35:28+07:00,2026-04-06T23:35:28+07:00,0.90
xnot.ch110249@example.com,drizzle/0009_season_pass_rewards.sql,1,0.801451,2026-04-06T23:35:28+07:00,2026-04-06T23:35:28+07:00,0.90
xnot.ch110249@example.com,lib/dataProtection.ts,3,2.249825,2026-03-10T00:02:29+07:00,2026-04-06T23:35:28+07:00,0.00
xnot.ch110249@example.com,lib/encryption.ts,4,2.973239,2026-03-10T00:02:29+07:00,2026-04-06T23:35:28+07:00,0.00
xnot.ch110249@example.com,lib/features/orders/queries.ts,1,0.801451,2026-04-06T23:35:28+07:00,2026-04-06T23:35:28+07:00,1.00
xnot.ch110249@example.com,lib/features/promo/mutations.ts,1,0.801451,2026-04-06T23:35:28+07:00,2026-04-06T23:35:28+07:00,0.90
xnot.ch110249@example.com,lib/imageUrl.ts,2,1.596568,2026-04-04T22:08:26+07:00,2026-04-06T23:35:28+07:00,0.00
xnot.ch110249@example.com,lib/maintenanceMode.ts,1,0.801451,2026-04-06T23:35:28+07:00,2026-04-06T23:35:28+07:00,0.00
xnot.ch110249@example.com,public/season-pass-credit.png,1,0.801451,2026-04-06T23:35:28+07:00,2026-04-06T23:35:28+07:00,0.00
xnot.ch110249@example.com,public/season-pass-points.png,1,0.801451,2026-04-06T23:35:28+07:00,2026-04-06T23:35:28+07:00,0.00
xnot.ch110249@example.com,public/season-pass-ticket.png,1,0.801451,2026-04-06T23:35:28+07:00,2026-04-06T23:35:28+07:00,0.00
xnot.ch110249@example.com,public/uploads/gacha-machines/1775393766218-59f79791.webp,1,0.801451,2026-04-06T23:35:28+07:00,2026-04-06T23:35:28+07:00,0.00
xnot.ch110249@example.com,public/uploads/gacha/1775395322030-1f613530.webp,1,0.801451,2026-04-06T23:35:28+07:00,2026-04-06T23:35:28+07:00,0.00
xnot.ch110249@example.com,public/uploads/gacha/1775396298358-7f454b68.webp,1,0.801451,2026-04-06T23:35:28+07:00,2026-04-06T23:35:28+07:00,0.00
xnot.ch110249@example.com,public/uploads/gacha/1775396388008-0720d182.webp,1,0.801451,2026-04-06T23:35:28+07:00,2026-04-06T23:35:28+07:00,0.00
xnot.ch110249@example.com,public/uploads/gacha/1775396498327-af78678b.webp,1,0.801451,2026-04-06T23:35:28+07:00,2026-04-06T23:35:28+07:00,0.00
xnot.ch110249@example.com,public/uploads/gacha/1775397120167-f6b3e089.webp,1,0.801451,2026-04-06T23:35:28+07:00,2026-04-06T23:35:28+07:00,0.00
xnot.ch110249@example.com,public/uploads/gacha/1775397128022-9dce8ca0.webp,1,0.801451,2026-04-06T23:35:28+07:00,2026-04-06T23:35:28+07:00,0.00
xnot.ch110249@example.com,public/uploads/gacha/1775397158154-7283dfd2.webp,1,0.801451,2026-04-06T23:35:28+07:00,2026-04-06T23:35:28+07:00,0.00
xnot.ch110249@example.com,public/uploads/gacha/1775397516924-c9eb2330.webp,1,0.801451,2026-04-06T23:35:28+07:00,2026-04-06T23:35:28+07:00,0.00
xnot.ch110249@example.com,public/uploads/gacha/1775397524439-21abb4aa.webp,1,0.801451,2026-04-06T23:35:28+07:00,2026-04-06T23:35:28+07:00,0.00
xnot.ch110249@example.com,public/uploads/gacha/1775397939849-868d97e4.webp,1,0.801451,2026-04-06T23:35:28+07:00,2026-04-06T23:35:28+07:00,0.00
xnot.ch110249@example.com,public/uploads/gacha/1775398170432-16679cb3.webp,1,0.801451,2026-04-06T23:35:28+07:00,2026-04-06T23:35:28+07:00,0.00
xnot.ch110249@example.com,public/uploads/gacha/1775398184727-d7a54c87.webp,1,0.801451,2026-04-06T23:35:28+07:00,2026-04-06T23:35:28+07:00,0.00
xnot.ch110249@example.com,public/uploads/gacha/1775398195618-e04bdb74.webp,1,0.801451,2026-04-06T23:35:28+07:00,2026-04-06T23:35:28+07:00,0.00
xnot.ch110249@example.com,public/uploads/gacha/1775398234686-8791b7f8.webp,1,0.801451,2026-04-06T23:35:28+07:00,2026-04-06T23:35:28+07:00,0.00
xnot.ch110249@example.com,public/uploads/gacha/1775398338345-22be4e17.webp,1,0.801451,2026-04-06T23:35:28+07:00,2026-04-06T23:35:28+07:00,0.00
xnot.ch110249@example.com,public/uploads/gacha/1775398382809-cbb3056c.webp,1,0.801451,2026-04-06T23:35:28+07:00,2026-04-06T23:35:28+07:00,0.00
xnot.ch110249@example.com,public/uploads/gacha/1775398396779-27d93616.webp,1,0.801451,2026-04-06T23:35:28+07:00,2026-04-06T23:35:28+07:00,0.00
xnot.ch110249@example.com,public/uploads/gacha/1775398472797-78c38df8.webp,1,0.801451,2026-04-06T23:35:28+07:00,2026-04-06T23:35:28+07:00,0.00
xnot.ch110249@example.com,public/uploads/gacha/1775398625600-acb3d097.webp,1,0.801451,2026-04-06T23:35:28+07:00,2026-04-06T23:35:28+07:00,0.00
xnot.ch110249@example.com,public/uploads/gacha/1775398749624-34edd402.webp,1,0.801451,2026-04-06T23:35:28+07:00,2026-04-06T23:35:28+07:00,0.00
xnot.ch110249@example.com,public/uploads/gacha/1775398854176-c36776b6.webp,1,0.801451,2026-04-06T23:35:28+07:00,2026-04-06T23:35:28+07:00,0.00
xnot.ch110249@example.com,public/uploads/gacha/1775398942913-b5fd4c94.webp,1,0.801451,2026-04-06T23:35:28+07:00,2026-04-06T23:35:28+07:00,0.00
xnot.ch110249@example.com,public/uploads/gacha/1775398959188-b9ad0e10.webp,1,0.801451,2026-04-06T23:35:28+07:00,2026-04-06T23:35:28+07:00,0.00
xnot.ch110249@example.com,public/uploads/gacha/1775398979361-23994911.webp,1,0.801451,2026-04-06T23:35:28+07:00,2026-04-06T23:35:28+07:00,0.00
xnot.ch110249@example.com,public/uploads/products/1775276605112-51f3988d.webp,1,0.801451,2026-04-06T23:35:28+07:00,2026-04-06T23:35:28+07:00,0.00
xnot.ch110249@example.com,public/uploads/products/1775277068440-53d870d2.webp,1,0.801451,2026-04-06T23:35:28+07:00,2026-04-06T23:35:28+07:00,0.00
xnot.ch110249@example.com,public/uploads/products/1775306257923-84cd3738.webp,1,0.801451,2026-04-06T23:35:28+07:00,2026-04-06T23:35:28+07:00,0.00
xnot.ch110249@example.com,public/uploads/products/1775306281119-764a1123.webp,1,0.801451,2026-04-06T23:35:28+07:00,2026-04-06T23:35:28+07:00,0.00
xnot.ch110249@example.com,public/uploads/products/1775306490151-20acc7b4.webp,1,0.801451,2026-04-06T23:35:28+07:00,2026-04-06T23:35:28+07:00,0.00
xnot.ch110249@example.com,public/uploads/products/1775393588724-8116265c.webp,1,0.801451,2026-04-06T23:35:28+07:00,2026-04-06T23:35:28+07:00,0.00
xnot.ch110249@example.com,public/uploads/products/1775421302173-feccd74c.webp,1,0.801451,2026-04-06T23:35:28+07:00,2026-04-06T23:35:28+07:00,0.00
xnot.ch110249@example.com,public/uploads/profiles/1775275734506-9f5af8a3.webp,1,0.801451,2026-04-06T23:35:28+07:00,2026-04-06T23:35:28+07:00,0.00
xnot.ch110249@example.com,public/uploads/profiles/1775275959582-9b038c3a.webp,1,0.801451,2026-04-06T23:35:28+07:00,2026-04-06T23:35:28+07:00,0.00
xnot.ch110249@example.com,public/uploads/season-pass/1775477492257-c7958669.webp,1,0.801451,2026-04-06T23:35:28+07:00,2026-04-06T23:35:28+07:00,0.00
xnot.ch110249@example.com,public/uploads/season-pass/1775477557836-12030f53.webp,1,0.801451,2026-04-06T23:35:28+07:00,2026-04-06T23:35:28+07:00,0.00
xnot.ch110249@example.com,public/uploads/season-pass/1775478890877-4485be8e.webp,1,0.801451,2026-04-06T23:35:28+07:00,2026-04-06T23:35:28+07:00,0.00
xnot.ch110249@example.com,tests/api/promo-codes.test.ts,2,1.535081,2026-03-15T00:31:31+07:00,2026-04-06T23:35:28+07:00,0.00
xnot.ch110249@example.com,tests/api/topup-summary.test.ts,2,1.535081,2026-03-15T00:31:31+07:00,2026-04-06T23:35:28+07:00,0.00
xnot.ch110249@example.com,tests/lib/encryption.test.ts,3,2.264288,2026-03-13T10:49:53+07:00,2026-04-06T23:35:28+07:00,0.00
xnot.ch110249@example.com,lib/cache.ts,2,1.586767,2026-04-03T18:54:16+07:00,2026-04-04T22:08:26+07:00,0.00
xnot.ch110249@example.com,tests/lib/imageUrl.test.ts,1,0.795117,2026-04-04T22:08:26+07:00,2026-04-04T22:08:26+07:00,0.00
xnot.ch110249@example.com,.scannerwork/.sonar_lock,2,1.515064,2026-03-11T09:07:26+07:00,2026-04-03T18:54:16+07:00,0.00
xnot.ch110249@example.com,.scannerwork/report-task.txt,11,8.076534,2026-03-11T09:07:26+07:00,2026-04-03T18:54:16+07:00,0.00
xnot.ch110249@example.com,.vscode/settings.json,2,1.520440,2026-03-13T07:16:25+07:00,2026-04-03T18:54:16+07:00,0.00
xnot.ch110249@example.com,app/api/chat/messages/route.ts,2,1.581188,2026-04-03T02:15:25+07:00,2026-04-03T18:54:16+07:00,1.60
xnot.ch110249@example.com,components/chat/ChatMessageContent.tsx,2,1.581188,2026-04-03T02:15:25+07:00,2026-04-03T18:54:16+07:00,0.00
xnot.ch110249@example.com,drizzle/0005_chat_admin_tools.sql,1,0.791650,2026-04-03T18:54:16+07:00,2026-04-03T18:54:16+07:00,0.90
xnot.ch110249@example.com,lib/chatAdmin.ts,1,0.791650,2026-04-03T18:54:16+07:00,2026-04-03T18:54:16+07:00,0.00
xnot.ch110249@example.com,lib/chatConstraints.ts,1,0.791650,2026-04-03T18:54:16+07:00,2026-04-03T18:54:16+07:00,0.00
xnot.ch110249@example.com,lib/chatQuickReplies.ts,1,0.791650,2026-04-03T18:54:16+07:00,2026-04-03T18:54:16+07:00,0.00
xnot.ch110249@example.com,public/chat-snail.png,1,0.791650,2026-04-03T18:54:16+07:00,2026-04-03T18:54:16+07:00,0.00
xnot.ch110249@example.com,public/uploads/gacha-machines/1772210832120-j0pmaj.png,1,0.791650,2026-04-03T18:54:16+07:00,2026-04-03T18:54:16+07:00,0.00
xnot.ch110249@example.com,public/uploads/gacha-machines/1772247245322-smm7g6.png,1,0.791650,2026-04-03T18:54:16+07:00,2026-04-03T18:54:16+07:00,0.00
xnot.ch110249@example.com,public/uploads/gacha-machines/1772248129919-jbygu0.png,1,0.791650,2026-04-03T18:54:16+07:00,2026-04-03T18:54:16+07:00,0.00
xnot.ch110249@example.com,public/uploads/gacha-machines/1772248733290-qbue3u.png,1,0.791650,2026-04-03T18:54:16+07:00,2026-04-03T18:54:16+07:00,0.00
xnot.ch110249@example.com,public/uploads/gacha-machines/1772252377217-00mkei.png,1,0.791650,2026-04-03T18:54:16+07:00,2026-04-03T18:54:16+07:00,0.00
xnot.ch110249@example.com,public/uploads/gacha-machines/1772256381232-9yamp3.png,1,0.791650,2026-04-03T18:54:16+07:00,2026-04-03T18:54:16+07:00,0.00
xnot.ch110249@example.com,public/uploads/gacha-machines/1772272723079-4hrk8m.png,1,0.791650,2026-04-03T18:54:16+07:00,2026-04-03T18:54:16+07:00,0.00
xnot.ch110249@example.com,public/uploads/gacha-machines/1772276727338-km9ufu.jpg,1,0.791650,2026-04-03T18:54:16+07:00,2026-04-03T18:54:16+07:00,0.00
xnot.ch110249@example.com,public/uploads/gacha-machines/1772276773911-61oawe.jpg,1,0.791650,2026-04-03T18:54:16+07:00,2026-04-03T18:54:16+07:00,0.00
xnot.ch110249@example.com,public/uploads/gacha-machines/1772276828555-8ak2c6.png,1,0.791650,2026-04-03T18:54:16+07:00,2026-04-03T18:54:16+07:00,0.00
xnot.ch110249@example.com,public/uploads/gacha-machines/1772277219523-2os3o3.png,1,0.791650,2026-04-03T18:54:16+07:00,2026-04-03T18:54:16+07:00,0.00
xnot.ch110249@example.com,public/uploads/gacha-machines/1772277897530-2ky1yr.png,1,0.791650,2026-04-03T18:54:16+07:00,2026-04-03T18:54:16+07:00,0.00
xnot.ch110249@example.com,public/uploads/gacha-machines/1772278060297-x9fdbc.png,1,0.791650,2026-04-03T18:54:16+07:00,2026-04-03T18:54:16+07:00,0.00
xnot.ch110249@example.com,public/uploads/gacha-machines/1772280277980-omt12b.png,1,0.791650,2026-04-03T18:54:16+07:00,2026-04-03T18:54:16+07:00,0.00
xnot.ch110249@example.com,public/uploads/gacha-machines/1772284324647-a545na.png,1,0.791650,2026-04-03T18:54:16+07:00,2026-04-03T18:54:16+07:00,0.00
xnot.ch110249@example.com,public/uploads/gacha-machines/1772418660505-ggd4x4.png,1,0.791650,2026-04-03T18:54:16+07:00,2026-04-03T18:54:16+07:00,0.00
xnot.ch110249@example.com,public/uploads/gacha-machines/1772443446223-tqjk19.png,1,0.791650,2026-04-03T18:54:16+07:00,2026-04-03T18:54:16+07:00,0.00
xnot.ch110249@example.com,public/uploads/gacha-machines/1772443513169-pspqxm.png,1,0.791650,2026-04-03T18:54:16+07:00,2026-04-03T18:54:16+07:00,0.00
xnot.ch110249@example.com,public/uploads/gacha-machines/1772444400423-qylz55.png,1,0.791650,2026-04-03T18:54:16+07:00,2026-04-03T18:54:16+07:00,0.00
xnot.ch110249@example.com,public/uploads/gacha-machines/1772862126501-ip08x4.png,2,1.511234,2026-03-10T00:02:29+07:00,2026-04-03T18:54:16+07:00,0.00
xnot.ch110249@example.com,public/uploads/gacha-machines/1773832753325-e8aa8c9c.jpg,2,1.539168,2026-03-19T21:24:04+07:00,2026-04-03T18:54:16+07:00,0.00
xnot.ch110249@example.com,public/uploads/gacha-machines/1773850858878-26e42109.jpg,2,1.539168,2026-03-19T21:24:04+07:00,2026-04-03T18:54:16+07:00,0.00
xnot.ch110249@example.com,public/uploads/gacha-machines/1773853897227-9587744a.jpg,2,1.539168,2026-03-19T21:24:04+07:00,2026-04-03T18:54:16+07:00,0.00
xnot.ch110249@example.com,public/uploads/gacha-machines/1773854994575-fce86c81.jpg,2,1.539168,2026-03-19T21:24:04+07:00,2026-04-03T18:54:16+07:00,0.00
xnot.ch110249@example.com,public/uploads/gacha-machines/1773855463108-73928d92.jpg,2,1.539168,2026-03-19T21:24:04+07:00,2026-04-03T18:54:16+07:00,0.00
xnot.ch110249@example.com,public/uploads/gacha-machines/1773855785518-26aa2842.jpg,2,1.539168,2026-03-19T21:24:04+07:00,2026-04-03T18:54:16+07:00,0.00
xnot.ch110249@example.com,public/uploads/gacha-machines/1773938721321-e3a1ebbe.png,2,1.543830,2026-03-21T12:09:18+07:00,2026-04-03T18:54:16+07:00,0.00
xnot.ch110249@example.com,public/uploads/gacha/1771495913873-zms5ln.webp,1,0.791650,2026-04-03T18:54:16+07:00,2026-04-03T18:54:16+07:00,0.00
xnot.ch110249@example.com,public/uploads/gacha/1771495917327-v6pwny.png,1,0.791650,2026-04-03T18:54:16+07:00,2026-04-03T18:54:16+07:00,0.00
xnot.ch110249@example.com,public/uploads/gacha/1771495967343-43st3b.webp,1,0.791650,2026-04-03T18:54:16+07:00,2026-04-03T18:54:16+07:00,0.00
xnot.ch110249@example.com,public/uploads/gacha/1771495970853-by3o7h.png,1,0.791650,2026-04-03T18:54:16+07:00,2026-04-03T18:54:16+07:00,0.00
xnot.ch110249@example.com,public/uploads/gacha/1771500151490-rum7av.webp,1,0.791650,2026-04-03T18:54:16+07:00,2026-04-03T18:54:16+07:00,0.00
xnot.ch110249@example.com,public/uploads/gacha/1771500158423-ippwqj.webp,1,0.791650,2026-04-03T18:54:16+07:00,2026-04-03T18:54:16+07:00,0.00
xnot.ch110249@example.com,public/uploads/gacha/1771500161315-4b1sba.webp,1,0.791650,2026-04-03T18:54:16+07:00,2026-04-03T18:54:16+07:00,0.00
xnot.ch110249@example.com,public/uploads/gacha/1771500214949-xo9ti6.webp,1,0.791650,2026-04-03T18:54:16+07:00,2026-04-03T18:54:16+07:00,0.00
xnot.ch110249@example.com,public/uploads/gacha/1771500219384-elxdh9.webp,1,0.791650,2026-04-03T18:54:16+07:00,2026-04-03T18:54:16+07:00,0.00
xnot.ch110249@example.com,public/uploads/gacha/1771500231586-mv1d5v.webp,1,0.791650,2026-04-03T18:54:16+07:00,2026-04-03T18:54:16+07:00,0.00
xnot.ch110249@example.com,public/uploads/gacha/1771501155994-7b04yw.webp,1,0.791650,2026-04-03T18:54:16+07:00,2026-04-03T18:54:16+07:00,0.00
xnot.ch110249@example.com,public/uploads/gacha/1771501159102-ood2ax.webp,1,0.791650,2026-04-03T18:54:16+07:00,2026-04-03T18:54:16+07:00,0.00
xnot.ch110249@example.com,public/uploads/gacha/1771864103337-73jlxh.webp,1,0.791650,2026-04-03T18:54:16+07:00,2026-04-03T18:54:16+07:00,0.00
xnot.ch110249@example.com,public/uploads/gacha/1771864109562-k3i79p.webp,1,0.791650,2026-04-03T18:54:16+07:00,2026-04-03T18:54:16+07:00,0.00
xnot.ch110249@example.com,public/uploads/gacha/1771864112911-mor7wh.webp,1,0.791650,2026-04-03T18:54:16+07:00,2026-04-03T18:54:16+07:00,0.00
xnot.ch110249@example.com,public/uploads/gacha/1772249844455-ami4it.png,1,0.791650,2026-04-03T18:54:16+07:00,2026-04-03T18:54:16+07:00,0.00
xnot.ch110249@example.com,public/uploads/gacha/1772254961398-hdqqwi.png,1,0.791650,2026-04-03T18:54:16+07:00,2026-04-03T18:54:16+07:00,0.00
xnot.ch110249@example.com,public/uploads/gacha/1772254970414-opye28.png,1,0.791650,2026-04-03T18:54:16+07:00,2026-04-03T18:54:16+07:00,0.00
xnot.ch110249@example.com,public/uploads/gacha/1772256561249-ep4y0u.png,1,0.791650,2026-04-03T18:54:16+07:00,2026-04-03T18:54:16+07:00,0.00
xnot.ch110249@example.com,public/uploads/gacha/1772279851352-j2yazo.jpg,1,0.791650,2026-04-03T18:54:16+07:00,2026-04-03T18:54:16+07:00,0.00
xnot.ch110249@example.com,public/uploads/gacha/1772279875388-r8cec6.png,1,0.791650,2026-04-03T18:54:16+07:00,2026-04-03T18:54:16+07:00,0.00
xnot.ch110249@example.com,public/uploads/gacha/1772290626565-uixfo9.png,1,0.791650,2026-04-03T18:54:16+07:00,2026-04-03T18:54:16+07:00,0.00
xnot.ch110249@example.com,public/uploads/products/1770568049552-iaxo6p.png,1,0.791650,2026-04-03T18:54:16+07:00,2026-04-03T18:54:16+07:00,0.00
xnot.ch110249@example.com,public/uploads/products/1770568136999-6e6oex.png,1,0.791650,2026-04-03T18:54:16+07:00,2026-04-03T18:54:16+07:00,0.00
xnot.ch110249@example.com,public/uploads/products/1770569587171-irbt9f.png,1,0.791650,2026-04-03T18:54:16+07:00,2026-04-03T18:54:16+07:00,0.00
xnot.ch110249@example.com,public/uploads/products/1770737202714-qscgc9.webp,1,0.791650,2026-04-03T18:54:16+07:00,2026-04-03T18:54:16+07:00,0.00
xnot.ch110249@example.com,public/uploads/products/1771301373135-3lm5ke.webp,1,0.791650,2026-04-03T18:54:16+07:00,2026-04-03T18:54:16+07:00,0.00
xnot.ch110249@example.com,public/uploads/products/1771301434858-evz2v6.webp,1,0.791650,2026-04-03T18:54:16+07:00,2026-04-03T18:54:16+07:00,0.00
xnot.ch110249@example.com,public/uploads/products/1771752981537-xgw04l.png,1,0.791650,2026-04-03T18:54:16+07:00,2026-04-03T18:54:16+07:00,0.00
xnot.ch110249@example.com,public/uploads/products/1772448699282-szmzmq.webp,1,0.791650,2026-04-03T18:54:16+07:00,2026-04-03T18:54:16+07:00,0.00
xnot.ch110249@example.com,public/uploads/products/1772985918184-vdt2bb.webp,2,1.511234,2026-03-10T00:02:29+07:00,2026-04-03T18:54:16+07:00,0.00
xnot.ch110249@example.com,public/uploads/products/1772986235821-6y7g49.webp,2,1.511234,2026-03-10T00:02:29+07:00,2026-04-03T18:54:16+07:00,0.00
xnot.ch110249@example.com,public/uploads/products/1772986679761-iup0za.jpeg,2,1.511234,2026-03-10T00:02:29+07:00,2026-04-03T18:54:16+07:00,0.00
xnot.ch110249@example.com,public/uploads/products/1772987888942-v91tc6.webp,2,1.511234,2026-03-10T00:02:29+07:00,2026-04-03T18:54:16+07:00,0.00
xnot.ch110249@example.com,public/uploads/products/1772988381372-rodsyq.webp,2,1.511234,2026-03-10T00:02:29+07:00,2026-04-03T18:54:16+07:00,0.00
xnot.ch110249@example.com,public/uploads/products/1772993588697-55bwtv.webp,2,1.511234,2026-03-10T00:02:29+07:00,2026-04-03T18:54:16+07:00,0.00
xnot.ch110249@example.com,public/uploads/products/1772995548656-eqk54k.webp,2,1.511234,2026-03-10T00:02:29+07:00,2026-04-03T18:54:16+07:00,0.00
xnot.ch110249@example.com,public/uploads/products/1772995602171-vlzvbi.webp,2,1.511234,2026-03-10T00:02:29+07:00,2026-04-03T18:54:16+07:00,0.00
xnot.ch110249@example.com,public/uploads/products/1772995680687-48db1g.jpg,2,1.511234,2026-03-10T00:02:29+07:00,2026-04-03T18:54:16+07:00,0.00
xnot.ch110249@example.com,public/uploads/products/1772995721080-d1ddtj.jpg,2,1.511234,2026-03-10T00:02:29+07:00,2026-04-03T18:54:16+07:00,0.00
xnot.ch110249@example.com,public/uploads/products/1772995812017-eha0e8.jpg,2,1.511234,2026-03-10T00:02:29+07:00,2026-04-03T18:54:16+07:00,0.00
xnot.ch110249@example.com,public/uploads/products/1772996831843-r2lg6u.webp,2,1.511234,2026-03-10T00:02:29+07:00,2026-04-03T18:54:16+07:00,0.00
xnot.ch110249@example.com,public/uploads/products/1773046245863-9z1t3j.jpg,2,1.511234,2026-03-10T00:02:29+07:00,2026-04-03T18:54:16+07:00,0.00
xnot.ch110249@example.com,public/uploads/products/1773589631055-cf80b1cc.jpg,2,1.535176,2026-03-18T12:01:52+07:00,2026-04-03T18:54:16+07:00,0.00
xnot.ch110249@example.com,public/uploads/products/1773590561386-d7efc779.jpg,2,1.535176,2026-03-18T12:01:52+07:00,2026-04-03T18:54:16+07:00,0.00
xnot.ch110249@example.com,public/uploads/products/1773590563263-077e59e9.jpg,2,1.535176,2026-03-18T12:01:52+07:00,2026-04-03T18:54:16+07:00,0.00
xnot.ch110249@example.com,public/uploads/products/1773834318732-52e8cd1c.webp,2,1.539168,2026-03-19T21:24:04+07:00,2026-04-03T18:54:16+07:00,0.00
xnot.ch110249@example.com,public/uploads/products/1773841845307-4468f845.webp,2,1.539168,2026-03-19T21:24:04+07:00,2026-04-03T18:54:16+07:00,0.00
xnot.ch110249@example.com,public/uploads/products/1773847586849-ea0a371b.webp,2,1.539168,2026-03-19T21:24:04+07:00,2026-04-03T18:54:16+07:00,0.00
xnot.ch110249@example.com,public/uploads/products/1774037568681-fb9f80d9.webp,2,1.543830,2026-03-21T12:09:18+07:00,2026-04-03T18:54:16+07:00,0.00
xnot.ch110249@example.com,public/uploads/products/1774038176791-ad087c26.webp,2,1.543830,2026-03-21T12:09:18+07:00,2026-04-03T18:54:16+07:00,0.00
xnot.ch110249@example.com,public/uploads/products/1774039341125-aab94393.webp,2,1.543830,2026-03-21T12:09:18+07:00,2026-04-03T18:54:16+07:00,0.00
xnot.ch110249@example.com,public/uploads/products/1774039378310-e616cef3.webp,2,1.543830,2026-03-21T12:09:18+07:00,2026-04-03T18:54:16+07:00,0.00
xnot.ch110249@example.com,public/uploads/products/1774039445453-6e7c2114.webp,2,1.543830,2026-03-21T12:09:18+07:00,2026-04-03T18:54:16+07:00,0.00
xnot.ch110249@example.com,public/uploads/products/1774066372781-ad7ff88a.webp,2,1.543830,2026-03-21T12:09:18+07:00,2026-04-03T18:54:16+07:00,0.00
xnot.ch110249@example.com,public/uploads/products/1774066733357-5d946d64.webp,2,1.543830,2026-03-21T12:09:18+07:00,2026-04-03T18:54:16+07:00,0.00
xnot.ch110249@example.com,public/uploads/products/1774066754982-cc9cfb49.webp,2,1.543830,2026-03-21T12:09:18+07:00,2026-04-03T18:54:16+07:00,0.00
xnot.ch110249@example.com,public/uploads/products/1774066854363-27dd6e2e.webp,2,1.543830,2026-03-21T12:09:18+07:00,2026-04-03T18:54:16+07:00,0.00
xnot.ch110249@example.com,tests/lib/chat-security.test.ts,1,0.791650,2026-04-03T18:54:16+07:00,2026-04-03T18:54:16+07:00,0.00
xnot.ch110249@example.com,tests/lib/csrf-client.test.ts,1,0.791650,2026-04-03T18:54:16+07:00,2026-04-03T18:54:16+07:00,0.00
xnot.ch110249@example.com,tests/lib/utils-coverage.test.ts,2,1.525280,2026-03-15T00:31:31+07:00,2026-04-03T18:54:16+07:00,0.00
xnot.ch110249@example.com,app/api/admin/chat/cleanup-expired-images/run/route.ts,1,0.789538,2026-04-03T02:15:25+07:00,2026-04-03T02:15:25+07:00,1.80
xnot.ch110249@example.com,app/api/chat/conversation/route.ts,1,0.789538,2026-04-03T02:15:25+07:00,2026-04-03T02:15:25+07:00,0.80
xnot.ch110249@example.com,app/api/chat/images/route.ts,1,0.789538,2026-04-03T02:15:25+07:00,2026-04-03T02:15:25+07:00,0.80
xnot.ch110249@example.com,app/api/chat/media/[messageId]/route.ts,1,0.789538,2026-04-03T02:15:25+07:00,2026-04-03T02:15:25+07:00,0.80
xnot.ch110249@example.com,app/api/chat/read/route.ts,1,0.789538,2026-04-03T02:15:25+07:00,2026-04-03T02:15:25+07:00,0.80
xnot.ch110249@example.com,components/chat/ChatTimestamp.tsx,1,0.789538,2026-04-03T02:15:25+07:00,2026-04-03T02:15:25+07:00,0.00
xnot.ch110249@example.com,drizzle/0002_redundant_proteus.sql,1,0.789538,2026-04-03T02:15:25+07:00,2026-04-03T02:15:25+07:00,0.90
xnot.ch110249@example.com,drizzle/0003_ambitious_bushwacker.sql,1,0.789538,2026-04-03T02:15:25+07:00,2026-04-03T02:15:25+07:00,0.90
xnot.ch110249@example.com,drizzle/0004_quick_chatbox.sql,1,0.789538,2026-04-03T02:15:25+07:00,2026-04-03T02:15:25+07:00,0.90
xnot.ch110249@example.com,drizzle/README.md,1,0.789538,2026-04-03T02:15:25+07:00,2026-04-03T02:15:25+07:00,0.90
xnot.ch110249@example.com,lib/apiKey.ts,3,2.241742,2026-03-11T09:07:26+07:00,2026-04-03T02:15:25+07:00,0.00
xnot.ch110249@example.com,lib/autoDelete.ts,2,1.537056,2026-03-19T21:24:04+07:00,2026-04-03T02:15:25+07:00,0.00
xnot.ch110249@example.com,lib/chatMessageContent.ts,1,0.789538,2026-04-03T02:15:25+07:00,2026-04-03T02:15:25+07:00,0.00
xnot.ch110249@example.com,lib/db/singletons.ts,1,0.789538,2026-04-03T02:15:25+07:00,2026-04-03T02:15:25+07:00,0.00
xnot.ch110249@example.com,lib/getSiteSettings.ts,2,1.512952,2026-03-11T09:07:26+07:00,2026-04-03T02:15:25+07:00,0.00
xnot.ch110249@example.com,tests/lib/auditLog.test.ts,2,1.523168,2026-03-15T00:31:31+07:00,2026-04-03T02:15:25+07:00,0.00
xnot.ch110249@example.com,tests/lib/chat-message-content.test.ts,1,0.789538,2026-04-03T02:15:25+07:00,2026-04-03T02:15:25+07:00,0.00
xnot.ch110249@example.com,app/api/user/settings/route.ts,1,0.788564,2026-04-02T18:33:27+07:00,2026-04-02T18:33:27+07:00,0.00
xnot.ch110249@example.com,lint-report.json,2,1.576930,2026-04-02T17:27:30+07:00,2026-04-02T18:06:05+07:00,0.00
xnot.ch110249@example.com,app/robots.ts,1,0.788424,2026-04-02T17:27:30+07:00,2026-04-02T17:27:30+07:00,0.00
xnot.ch110249@example.com,app/sitemap.ts,1,0.788424,2026-04-02T17:27:30+07:00,2026-04-02T17:27:30+07:00,0.00
xnot.ch110249@example.com,components/StructuredData.tsx,1,0.788424,2026-04-02T17:27:30+07:00,2026-04-02T17:27:30+07:00,0.00
xnot.ch110249@example.com,components/ThaiAddressSelector.tsx,3,2.241524,2026-03-11T16:50:14+07:00,2026-04-02T17:27:30+07:00,0.00
xnot.ch110249@example.com,components/LogoutButton.tsx,2,1.504222,2026-03-10T00:02:29+07:00,2026-04-01T11:27:28+07:00,0.00
xnot.ch110249@example.com,components/LogoutMenuItem.tsx,1,0.784638,2026-04-01T11:27:28+07:00,2026-04-01T11:27:28+07:00,0.00
xnot.ch110249@example.com,components/MembersSummary.tsx,2,1.513429,2026-03-13T07:16:25+07:00,2026-04-01T11:27:28+07:00,0.00
xnot.ch110249@example.com,public/uploads/products/1774032802534-4a261e5d.webp,1,0.752180,2026-03-21T12:09:18+07:00,2026-03-21T12:09:18+07:00,0.00
xnot.ch110249@example.com,public/uploads/products/1774035009849-d0d37524.webp,1,0.752180,2026-03-21T12:09:18+07:00,2026-03-21T12:09:18+07:00,0.00
xnot.ch110249@example.com,public/uploads/products/1774035441442-fbed8172.webp,1,0.752180,2026-03-21T12:09:18+07:00,2026-03-21T12:09:18+07:00,0.00
xnot.ch110249@example.com,public/uploads/products/1774035593735-d7a13f04.jpg,1,0.752180,2026-03-21T12:09:18+07:00,2026-03-21T12:09:18+07:00,0.00
xnot.ch110249@example.com,public/uploads/products/1774035790250-16a1c1ba.webp,1,0.752180,2026-03-21T12:09:18+07:00,2026-03-21T12:09:18+07:00,0.00
xnot.ch110249@example.com,public/uploads/products/1774038006903-fbe948e0.webp,1,0.752180,2026-03-21T12:09:18+07:00,2026-03-21T12:09:18+07:00,0.00
xnot.ch110249@example.com,public/uploads/products/1774038218964-4d677863.webp,1,0.752180,2026-03-21T12:09:18+07:00,2026-03-21T12:09:18+07:00,0.00
xnot.ch110249@example.com,public/uploads/products/1774038345880-f5d55178.webp,1,0.752180,2026-03-21T12:09:18+07:00,2026-03-21T12:09:18+07:00,0.00
xnot.ch110249@example.com,public/uploads/products/1774038457234-0104d257.webp,1,0.752180,2026-03-21T12:09:18+07:00,2026-03-21T12:09:18+07:00,0.00
xnot.ch110249@example.com,public/uploads/products/1774038526402-8646e921.webp,1,0.752180,2026-03-21T12:09:18+07:00,2026-03-21T12:09:18+07:00,0.00
xnot.ch110249@example.com,public/uploads/products/1774038974285-a94ccc38.webp,1,0.752180,2026-03-21T12:09:18+07:00,2026-03-21T12:09:18+07:00,0.00
xnot.ch110249@example.com,public/uploads/products/1774067749576-e054a2fc.webp,1,0.752180,2026-03-21T12:09:18+07:00,2026-03-21T12:09:18+07:00,0.00
xnot.ch110249@example.com,public/uploads/products/1774067969317-02419648.webp,1,0.752180,2026-03-21T12:09:18+07:00,2026-03-21T12:09:18+07:00,0.00
xnot.ch110249@example.com,public/uploads/products/1774068305176-a2a65d20.webp,1,0.752180,2026-03-21T12:09:18+07:00,2026-03-21T12:09:18+07:00,0.00
xnot.ch110249@example.com,public/uploads/products/1774068685240-1c0b4509.webp,1,0.752180,2026-03-21T12:09:18+07:00,2026-03-21T12:09:18+07:00,0.00
xnot.ch110249@example.com,public/uploads/products/1773834551898-6d79a8e4.webp,1,0.747518,2026-03-19T21:24:04+07:00,2026-03-19T21:24:04+07:00,0.00
xnot.ch110249@example.com,public/uploads/products/1773835207821-75e9484f.webp,1,0.747518,2026-03-19T21:24:04+07:00,2026-03-19T21:24:04+07:00,0.00
xnot.ch110249@example.com,public/uploads/products/1773835544666-c7e1e9e3.webp,1,0.747518,2026-03-19T21:24:04+07:00,2026-03-19T21:24:04+07:00,0.00
xnot.ch110249@example.com,public/uploads/products/1773837556877-a33dc6d8.webp,1,0.747518,2026-03-19T21:24:04+07:00,2026-03-19T21:24:04+07:00,0.00
xnot.ch110249@example.com,public/uploads/products/1773839403374-d3f447b4.webp,1,0.747518,2026-03-19T21:24:04+07:00,2026-03-19T21:24:04+07:00,0.00
xnot.ch110249@example.com,public/uploads/products/1773841541247-77996d25.webp,1,0.747518,2026-03-19T21:24:04+07:00,2026-03-19T21:24:04+07:00,0.00
xnot.ch110249@example.com,public/uploads/products/1773841973971-024f791d.webp,1,0.747518,2026-03-19T21:24:04+07:00,2026-03-19T21:24:04+07:00,0.00
xnot.ch110249@example.com,public/uploads/products/1773842213044-d69082f5.webp,1,0.747518,2026-03-19T21:24:04+07:00,2026-03-19T21:24:04+07:00,0.00
xnot.ch110249@example.com,public/uploads/products/1773846831247-b1dc3071.webp,1,0.747518,2026-03-19T21:24:04+07:00,2026-03-19T21:24:04+07:00,0.00
xnot.ch110249@example.com,public/uploads/products/1773847243943-590552ff.webp,1,0.747518,2026-03-19T21:24:04+07:00,2026-03-19T21:24:04+07:00,0.00
xnot.ch110249@example.com,public/uploads/products/1773847636665-eb94b24b.webp,1,0.747518,2026-03-19T21:24:04+07:00,2026-03-19T21:24:04+07:00,0.00
xnot.ch110249@example.com,public/uploads/products/1773848151137-d355e8cc.webp,1,0.747518,2026-03-19T21:24:04+07:00,2026-03-19T21:24:04+07:00,0.00
xnot.ch110249@example.com,public/uploads/products/1773848235967-2455bfdd.webp,1,0.747518,2026-03-19T21:24:04+07:00,2026-03-19T21:24:04+07:00,0.00
xnot.ch110249@example.com,.agents/skills-lock.json,1,0.743526,2026-03-18T12:01:52+07:00,2026-03-18T12:01:52+07:00,0.00
xnot.ch110249@example.com,components/GameLoadingScreen.tsx,2,1.463110,2026-03-10T00:02:29+07:00,2026-03-18T12:01:52+07:00,0.00
xnot.ch110249@example.com,current_sonar_issues.json,2,1.472316,2026-03-13T07:16:25+07:00,2026-03-18T12:01:52+07:00,0.00
xnot.ch110249@example.com,eslint_report.txt,2,1.472316,2026-03-13T07:16:25+07:00,2026-03-18T12:01:52+07:00,0.00
xnot.ch110249@example.com,export-all.bat,2,1.463110,2026-03-10T00:02:29+07:00,2026-03-18T12:01:52+07:00,0.00
xnot.ch110249@example.com,fetch-sonar.js,2,1.472316,2026-03-13T07:16:25+07:00,2026-03-18T12:01:52+07:00,0.00
xnot.ch110249@example.com,remaining_issues.json,2,1.472316,2026-03-13T07:16:25+07:00,2026-03-18T12:01:52+07:00,0.00
xnot.ch110249@example.com,replacements.txt,1,0.743526,2026-03-18T12:01:52+07:00,2026-03-18T12:01:52+07:00,0.00
xnot.ch110249@example.com,run-sonar.js,3,2.201659,2026-03-13T07:16:25+07:00,2026-03-18T12:01:52+07:00,0.00
xnot.ch110249@example.com,skills-lock.json,2,1.463110,2026-03-10T00:02:29+07:00,2026-03-18T12:01:52+07:00,0.00
xnot.ch110249@example.com,snailshop_backup_final.sql,2,1.463110,2026-03-10T00:02:29+07:00,2026-03-18T12:01:52+07:00,0.00
xnot.ch110249@example.com,sonar-bugs-utf8.json,2,1.466940,2026-03-11T09:07:26+07:00,2026-03-18T12:01:52+07:00,0.00
xnot.ch110249@example.com,sonar-bugs.json,3,2.195730,2026-03-11T09:07:26+07:00,2026-03-18T12:01:52+07:00,0.00
xnot.ch110249@example.com,sonar-codesmells-open.json,2,1.466940,2026-03-11T09:07:26+07:00,2026-03-18T12:01:52+07:00,0.00
xnot.ch110249@example.com,sonar-codesmells-utf8.json,2,1.466940,2026-03-11T09:07:26+07:00,2026-03-18T12:01:52+07:00,0.00
xnot.ch110249@example.com,sonar-current-issues.json,2,1.472316,2026-03-13T07:16:25+07:00,2026-03-18T12:01:52+07:00,0.00
xnot.ch110249@example.com,sonar-hotspots.json,2,1.466940,2026-03-11T09:07:26+07:00,2026-03-18T12:01:52+07:00,0.00
xnot.ch110249@example.com,sonar-issues-final.json,2,1.472316,2026-03-13T07:16:25+07:00,2026-03-18T12:01:52+07:00,0.00
xnot.ch110249@example.com,sonar-issues.json,3,2.195730,2026-03-11T09:07:26+07:00,2026-03-18T12:01:52+07:00,0.00
xnot.ch110249@example.com,sonar-vulnerabilities-utf8.json,2,1.466940,2026-03-11T09:07:26+07:00,2026-03-18T12:01:52+07:00,0.00
xnot.ch110249@example.com,sonar-vulnerabilities.json,2,1.466940,2026-03-11T09:07:26+07:00,2026-03-18T12:01:52+07:00,0.00
xnot.ch110249@example.com,sonar_batch2.txt,2,1.472316,2026-03-13T07:16:25+07:00,2026-03-18T12:01:52+07:00,0.00
xnot.ch110249@example.com,sonar_batch_2.json,2,1.472316,2026-03-13T07:16:25+07:00,2026-03-18T12:01:52+07:00,0.00
xnot.ch110249@example.com,sonar_batch_2.txt,2,1.472316,2026-03-13T07:16:25+07:00,2026-03-18T12:01:52+07:00,0.00
xnot.ch110249@example.com,summarize-sonar.js,2,1.472316,2026-03-13T07:16:25+07:00,2026-03-18T12:01:52+07:00,0.00
xnot.ch110249@example.com,tests/api/csrf.test.ts,1,0.733630,2026-03-15T00:31:31+07:00,2026-03-15T00:31:31+07:00,0.00
xnot.ch110249@example.com,tests/api/dashboard-purchases.test.ts,1,0.733630,2026-03-15T00:31:31+07:00,2026-03-15T00:31:31+07:00,0.00
xnot.ch110249@example.com,tests/api/dashboard-routes.test.ts,1,0.733630,2026-03-15T00:31:31+07:00,2026-03-15T00:31:31+07:00,0.00
xnot.ch110249@example.com,tests/api/dashboard-trend-overview.test.ts,1,0.733630,2026-03-15T00:31:31+07:00,2026-03-15T00:31:31+07:00,0.00
xnot.ch110249@example.com,tests/api/featured-products.test.ts,1,0.733630,2026-03-15T00:31:31+07:00,2026-03-15T00:31:31+07:00,0.00
xnot.ch110249@example.com,tests/api/profile.test.ts,1,0.733630,2026-03-15T00:31:31+07:00,2026-03-15T00:31:31+07:00,0.00
xnot.ch110249@example.com,tests/lib/apiKey.test.ts,1,0.733630,2026-03-15T00:31:31+07:00,2026-03-15T00:31:31+07:00,0.00
xnot.ch110249@example.com,tests/lib/compressImage.test.ts,1,0.733630,2026-03-15T00:31:31+07:00,2026-03-15T00:31:31+07:00,0.00
xnot.ch110249@example.com,tests/lib/csrf.test.ts,1,0.733630,2026-03-15T00:31:31+07:00,2026-03-15T00:31:31+07:00,0.00
xnot.ch110249@example.com,tests/lib/date.test.ts,1,0.733630,2026-03-15T00:31:31+07:00,2026-03-15T00:31:31+07:00,0.00
xnot.ch110249@example.com,tests/lib/gachaGrid.test.ts,2,1.462837,2026-03-13T10:49:53+07:00,2026-03-15T00:31:31+07:00,0.00
xnot.ch110249@example.com,tests/lib/dataProtection.test.ts,1,0.729279,2026-03-13T11:26:54+07:00,2026-03-13T11:26:54+07:00,0.00
xnot.ch110249@example.com,tests/lib/gachaGrid-extended.test.ts,1,0.729279,2026-03-13T11:26:54+07:00,2026-03-13T11:26:54+07:00,0.00
xnot.ch110249@example.com,tests/lib/sanitize.test.ts,1,0.729206,2026-03-13T10:49:53+07:00,2026-03-13T10:49:53+07:00,0.00
xnot.ch110249@example.com,tests/setup.ts,1,0.729206,2026-03-13T10:49:53+07:00,2026-03-13T10:49:53+07:00,0.00
xnot.ch110249@example.com,app/api/dashboard/members-summary/route.ts,3,2.172109,2026-03-10T00:02:29+07:00,2026-03-13T07:16:25+07:00,0.00
xnot.ch110249@example.com,app/api/gacha/recent/route.ts,2,1.452204,2026-03-11T09:07:26+07:00,2026-03-13T07:16:25+07:00,2.00
xnot.ch110249@example.com,components/DateRangePicker.tsx,2,1.453100,2026-03-11T16:50:14+07:00,2026-03-13T07:16:25+07:00,0.00
xnot.ch110249@example.com,components/DropRateModal.tsx,2,1.453100,2026-03-11T16:50:14+07:00,2026-03-13T07:16:25+07:00,0.00
xnot.ch110249@example.com,components/GlobalLoading.tsx,2,1.448374,2026-03-10T00:02:29+07:00,2026-03-13T07:16:25+07:00,0.00
xnot.ch110249@example.com,components/TopupSummaryWithDateRange.tsx,1,0.728790,2026-03-13T07:16:25+07:00,2026-03-13T07:16:25+07:00,0.00
xnot.ch110249@example.com,components/admin/RecentTransactions.tsx,2,1.452204,2026-03-11T09:07:26+07:00,2026-03-13T07:16:25+07:00,0.00
xnot.ch110249@example.com,components/admin/SalesDistribution.tsx,1,0.728790,2026-03-13T07:16:25+07:00,2026-03-13T07:16:25+07:00,0.00
xnot.ch110249@example.com,components/ui/breadcrumb.tsx,1,0.728790,2026-03-13T07:16:25+07:00,2026-03-13T07:16:25+07:00,0.00
xnot.ch110249@example.com,components/ui/button-group.tsx,1,0.728790,2026-03-13T07:16:25+07:00,2026-03-13T07:16:25+07:00,0.00
xnot.ch110249@example.com,components/ui/calendar.tsx,1,0.728790,2026-03-13T07:16:25+07:00,2026-03-13T07:16:25+07:00,0.00
xnot.ch110249@example.com,components/ui/carousel.tsx,1,0.728790,2026-03-13T07:16:25+07:00,2026-03-13T07:16:25+07:00,0.00
xnot.ch110249@example.com,components/ui/chart.tsx,3,2.177150,2026-03-11T15:28:47+07:00,2026-03-13T07:16:25+07:00,0.00
xnot.ch110249@example.com,components/ui/field.tsx,1,0.728790,2026-03-13T07:16:25+07:00,2026-03-13T07:16:25+07:00,0.00
xnot.ch110249@example.com,components/ui/form.tsx,2,1.453100,2026-03-11T16:50:14+07:00,2026-03-13T07:16:25+07:00,0.00
xnot.ch110249@example.com,components/ui/input-group.tsx,3,2.175731,2026-03-11T09:07:26+07:00,2026-03-13T07:16:25+07:00,0.00
xnot.ch110249@example.com,components/ui/input-otp.tsx,1,0.728790,2026-03-13T07:16:25+07:00,2026-03-13T07:16:25+07:00,0.00
xnot.ch110249@example.com,components/ui/item.tsx,1,0.728790,2026-03-13T07:16:25+07:00,2026-03-13T07:16:25+07:00,0.00
xnot.ch110249@example.com,components/ui/sidebar.tsx,1,0.728790,2026-03-13T07:16:25+07:00,2026-03-13T07:16:25+07:00,0.00
xnot.ch110249@example.com,components/ui/slider.tsx,1,0.728790,2026-03-13T07:16:25+07:00,2026-03-13T07:16:25+07:00,0.00
xnot.ch110249@example.com,components/ui/toggle-group.tsx,1,0.728790,2026-03-13T07:16:25+07:00,2026-03-13T07:16:25+07:00,0.00
xnot.ch110249@example.com,lib/validations/product.ts,1,0.728790,2026-03-13T07:16:25+07:00,2026-03-13T07:16:25+07:00,0.00
xnot.ch110249@example.com,lib/validations/topup.ts,1,0.728790,2026-03-13T07:16:25+07:00,2026-03-13T07:16:25+07:00,0.00
xnot.ch110249@example.com,app/error.tsx,2,1.447723,2026-03-11T09:07:26+07:00,2026-03-11T16:50:14+07:00,0.00
xnot.ch110249@example.com,components/DatePicker.tsx,1,0.724310,2026-03-11T16:50:14+07:00,2026-03-11T16:50:14+07:00,0.00
xnot.ch110249@example.com,components/admin/AdminDashboardHeader.tsx,1,0.724310,2026-03-11T16:50:14+07:00,2026-03-11T16:50:14+07:00,0.00
xnot.ch110249@example.com,components/cart/CartIcon.tsx,1,0.724310,2026-03-11T16:50:14+07:00,2026-03-11T16:50:14+07:00,0.00
xnot.ch110249@example.com,components/ui/alert-dialog.tsx,1,0.724310,2026-03-11T16:50:14+07:00,2026-03-11T16:50:14+07:00,0.00
xnot.ch110249@example.com,components/ui/context-menu.tsx,1,0.724310,2026-03-11T16:50:14+07:00,2026-03-11T16:50:14+07:00,0.00
xnot.ch110249@example.com,components/ui/drawer.tsx,1,0.724310,2026-03-11T16:50:14+07:00,2026-03-11T16:50:14+07:00,0.00
xnot.ch110249@example.com,components/ui/dropdown-menu.tsx,1,0.724310,2026-03-11T16:50:14+07:00,2026-03-11T16:50:14+07:00,0.00
xnot.ch110249@example.com,components/ui/hover-card.tsx,1,0.724310,2026-03-11T16:50:14+07:00,2026-03-11T16:50:14+07:00,0.00
xnot.ch110249@example.com,components/ui/menubar.tsx,1,0.724310,2026-03-11T16:50:14+07:00,2026-03-11T16:50:14+07:00,0.00
xnot.ch110249@example.com,components/ui/pagination.tsx,2,1.448461,2026-03-11T15:28:47+07:00,2026-03-11T16:50:14+07:00,0.00
xnot.ch110249@example.com,components/ui/popover.tsx,1,0.724310,2026-03-11T16:50:14+07:00,2026-03-11T16:50:14+07:00,0.00
xnot.ch110249@example.com,components/ui/spinner.tsx,1,0.724310,2026-03-11T16:50:14+07:00,2026-03-11T16:50:14+07:00,0.00
xnot.ch110249@example.com,components/ui/tooltip.tsx,1,0.724310,2026-03-11T16:50:14+07:00,2026-03-11T16:50:14+07:00,0.00
xnot.ch110249@example.com,components/ui/table.tsx,5,3.619795,2026-03-11T09:07:26+07:00,2026-03-11T16:09:25+07:00,0.00
xnot.ch110249@example.com,lib/sanitize.ts,1,0.724152,2026-03-11T15:28:47+07:00,2026-03-11T15:28:47+07:00,0.00
xnot.ch110249@example.com,app/global-error.tsx,2,1.443033,2026-03-10T00:02:29+07:00,2026-03-11T09:25:49+07:00,0.00
xnot.ch110249@example.com,app/api/gacha/machines/route.ts,1,0.723414,2026-03-11T09:07:26+07:00,2026-03-11T09:07:26+07:00,1.00
xnot.ch110249@example.com,app/not-found.tsx,1,0.723414,2026-03-11T09:07:26+07:00,2026-03-11T09:07:26+07:00,0.00
xnot.ch110249@example.com,.agents/skills/sql-code-review/SKILL.md,1,0.719584,2026-03-10T00:02:29+07:00,2026-03-10T00:02:29+07:00,0.00
xnot.ch110249@example.com,.agents/skills/sql-optimization/SKILL.md,1,0.719584,2026-03-10T00:02:29+07:00,2026-03-10T00:02:29+07:00,0.00
xnot.ch110249@example.com,.infisical.json,1,0.719584,2026-03-10T00:02:29+07:00,2026-03-10T00:02:29+07:00,0.00
xnot.ch110249@example.com,app/api/dashboard/topup-trend/route.ts,1,0.719584,2026-03-10T00:02:29+07:00,2026-03-10T00:02:29+07:00,0.00
xnot.ch110249@example.com,app/loading.tsx,1,0.719584,2026-03-10T00:02:29+07:00,2026-03-10T00:02:29+07:00,0.00
xnot.ch110249@example.com,drizzle/0000_nebulous_paladin.sql,1,0.719584,2026-03-10T00:02:29+07:00,2026-03-10T00:02:29+07:00,0.90
xnot.ch110249@example.com,drizzle/0001_workable_morlocks.sql,1,0.719584,2026-03-10T00:02:29+07:00,2026-03-10T00:02:29+07:00,0.90
xnot.ch110249@example.com,public/uploads/products/1772995366239-zrun4v.webp,1,0.719584,2026-03-10T00:02:29+07:00,2026-03-10T00:02:29+07:00,0.00
xnot.ch110249@example.com,scripts/test-thai-encoding.ts,1,0.719584,2026-03-10T00:02:29+07:00,2026-03-10T00:02:29+07:00,0.00
xnot.ch110249@example.com,tatus,1,0.719584,2026-03-10T00:02:29+07:00,2026-03-10T00:02:29+07:00,0.00
XNOT001@xnotPortfolio,lib/db/index.ts,5,3.541012,2026-03-04T14:15:16+07:00,2026-03-06T21:32:11+07:00,0.00
XNOT001@xnotPortfolio,app/admin/layout.tsx,11,7.302165,2026-01-22T13:45:34+07:00,2026-03-06T20:26:28+07:00,0.00
XNOT001@xnotPortfolio,app/api/admin/products/[id]/duplicate/route.ts,6,4.081012,2026-02-01T14:59:03+07:00,2026-03-06T20:26:28+07:00,6.00
XNOT001@xnotPortfolio,app/api/cart/checkout/route.ts,5,3.373520,2026-02-02T01:12:39+07:00,2026-03-06T20:26:28+07:00,5.00
XNOT001@xnotPortfolio,app/api/dashboard/members-summary/route.ts,5,3.450004,2026-02-17T10:27:27+07:00,2026-03-06T20:26:28+07:00,0.00
XNOT001@xnotPortfolio,app/api/dashboard/overview/route.ts,5,3.427715,2026-02-13T01:05:32+07:00,2026-03-06T20:26:28+07:00,0.00
XNOT001@xnotPortfolio,app/api/dashboard/purchases/route.ts,5,3.427715,2026-02-13T01:05:32+07:00,2026-03-06T20:26:28+07:00,0.00
XNOT001@xnotPortfolio,app/api/dashboard/topup-summary/route.ts,7,4.757303,2026-02-13T01:05:32+07:00,2026-03-06T20:26:28+07:00,0.00
XNOT001@xnotPortfolio,app/api/dashboard/topup-trend/route.ts,7,4.757303,2026-02-13T01:05:32+07:00,2026-03-06T20:26:28+07:00,0.00
XNOT001@xnotPortfolio,app/api/profile/route.ts,5,3.406821,2026-02-08T20:40:36+07:00,2026-03-06T20:26:28+07:00,0.00
XNOT001@xnotPortfolio,app/api/purchase/route.ts,11,7.227091,2026-01-22T13:45:34+07:00,2026-03-06T20:26:28+07:00,11.00
XNOT001@xnotPortfolio,app/api/topup/route.ts,8,5.320645,2026-01-22T13:45:34+07:00,2026-03-06T20:26:28+07:00,8.00
XNOT001@xnotPortfolio,app/api/admin/currency-settings/route.ts,6,4.080408,2026-02-02T01:12:39+07:00,2026-03-06T08:29:55+07:00,6.00
XNOT001@xnotPortfolio,app/api/admin/footer-links/route.ts,6,4.080408,2026-02-02T01:12:39+07:00,2026-03-06T08:29:55+07:00,6.00
XNOT001@xnotPortfolio,app/api/admin/footer-links/settings/route.ts,5,3.372159,2026-02-02T01:12:39+07:00,2026-03-06T08:29:55+07:00,5.00
XNOT001@xnotPortfolio,app/api/admin/gacha-categories/route.ts,7,4.870050,2026-02-23T22:14:30+07:00,2026-03-06T08:29:55+07:00,7.00
XNOT001@xnotPortfolio,app/api/admin/gacha-machines/[id]/duplicate/route.ts,5,3.527408,2026-03-04T09:08:36+07:00,2026-03-06T08:29:55+07:00,5.00
XNOT001@xnotPortfolio,app/api/admin/gacha-machines/route.ts,8,5.578300,2026-02-23T22:14:30+07:00,2026-03-06T08:29:55+07:00,8.00
XNOT001@xnotPortfolio,app/api/admin/gacha-rewards/route.ts,8,5.556368,2026-02-19T17:09:35+07:00,2026-03-06T08:29:55+07:00,8.00
XNOT001@xnotPortfolio,app/api/admin/gacha-settings/route.ts,6,4.168614,2026-02-19T17:09:35+07:00,2026-03-06T08:29:55+07:00,6.00
XNOT001@xnotPortfolio,app/api/admin/help/route.ts,8,5.365482,2026-02-01T14:59:03+07:00,2026-03-06T08:29:55+07:00,8.00
XNOT001@xnotPortfolio,app/api/admin/nav-items/route.ts,6,4.080408,2026-02-02T01:12:39+07:00,2026-03-06T08:29:55+07:00,6.00
XNOT001@xnotPortfolio,app/api/admin/news/route.ts,8,5.329569,2026-02-01T14:59:03+07:00,2026-03-06T08:29:55+07:00,8.00
XNOT001@xnotPortfolio,app/api/admin/popups/route.ts,6,4.113709,2026-02-08T20:40:36+07:00,2026-03-06T08:29:55+07:00,6.00
XNOT001@xnotPortfolio,app/api/admin/promo-codes/route.ts,6,4.080408,2026-02-02T01:12:39+07:00,2026-03-06T08:29:55+07:00,6.00
XNOT001@xnotPortfolio,app/api/admin/roles/route.ts,6,4.113709,2026-02-08T20:40:36+07:00,2026-03-06T08:29:55+07:00,6.00
XNOT001@xnotPortfolio,app/api/admin/settings/route.ts,8,5.317262,2026-01-22T13:45:34+07:00,2026-03-06T08:29:55+07:00,8.00
XNOT001@xnotPortfolio,app/api/auth/[...nextauth]/route.ts,1,0.709547,2026-03-06T08:29:55+07:00,2026-03-06T08:29:55+07:00,1.00
XNOT001@xnotPortfolio,app/api/logout/route.ts,3,1.913100,2026-01-22T13:45:34+07:00,2026-03-06T08:29:55+07:00,2.40
XNOT001@xnotPortfolio,app/api/products/route.ts,11,7.149245,2026-01-22T13:45:34+07:00,2026-03-06T08:29:55+07:00,0.00
XNOT001@xnotPortfolio,app/api/register/route.ts,8,5.314548,2026-01-22T13:45:34+07:00,2026-03-06T08:29:55+07:00,7.20
XNOT001@xnotPortfolio,app/login/LoginForm.tsx,3,2.117900,2026-03-04T09:08:36+07:00,2026-03-06T08:29:55+07:00,0.00
XNOT001@xnotPortfolio,app/register/RegisterForm.tsx,3,2.117900,2026-03-04T09:08:36+07:00,2026-03-06T08:29:55+07:00,0.00
XNOT001@xnotPortfolio,auth.config.ts,1,0.709547,2026-03-06T08:29:55+07:00,2026-03-06T08:29:55+07:00,1.00
XNOT001@xnotPortfolio,auth.ts,1,0.709547,2026-03-06T08:29:55+07:00,2026-03-06T08:29:55+07:00,1.00
XNOT001@xnotPortfolio,lib/apiKey.ts,5,3.322608,2026-01-22T13:45:34+07:00,2026-03-06T08:29:55+07:00,0.00
XNOT001@xnotPortfolio,lib/auditLog.ts,11,7.111966,2026-01-22T13:45:34+07:00,2026-03-06T08:29:55+07:00,0.00
XNOT001@xnotPortfolio,lib/auth.ts,5,3.322608,2026-01-22T13:45:34+07:00,2026-03-06T08:29:55+07:00,5.00
XNOT001@xnotPortfolio,lib/session.ts,5,3.322608,2026-01-22T13:45:34+07:00,2026-03-06T08:29:55+07:00,0.00
XNOT001@xnotPortfolio,lib/utils/date.ts,1,0.709547,2026-03-06T08:29:55+07:00,2026-03-06T08:29:55+07:00,0.00
XNOT001@xnotPortfolio,package-lock.json,18,11.704166,2026-01-17T11:43:30+07:00,2026-03-06T08:29:55+07:00,0.00
XNOT001@xnotPortfolio,package.json,20,13.067406,2026-01-17T11:43:30+07:00,2026-03-06T08:29:55+07:00,0.00
XNOT001@xnotPortfolio,proxy.ts,3,1.961285,2026-02-01T18:25:00+07:00,2026-03-06T08:29:55+07:00,0.00
XNOT001@xnotPortfolio,scripts/backup-db.ts,2,1.417796,2026-03-05T21:05:18+07:00,2026-03-06T08:29:55+07:00,0.00
XNOT001@xnotPortfolio,tsconfig.json,4,2.708008,2026-01-17T11:43:30+07:00,2026-03-06T08:29:55+07:00,0.00
XNOT001@xnotPortfolio,lib/encryption.ts,7,4.528379,2026-01-22T13:45:34+07:00,2026-03-05T23:07:59+07:00,0.00
XNOT001@xnotPortfolio,.infisical.json,1,0.708249,2026-03-05T21:05:18+07:00,2026-03-05T21:05:18+07:00,0.00
XNOT001@xnotPortfolio,app/api/admin/audit-logs/route.ts,5,3.368973,2026-02-01T15:48:46+07:00,2026-03-05T21:05:18+07:00,5.00
XNOT001@xnotPortfolio,app/api/admin/footer-links/[id]/route.ts,5,3.370861,2026-02-02T01:12:39+07:00,2026-03-05T21:05:18+07:00,5.00
XNOT001@xnotPortfolio,app/api/admin/gacha-machines/[id]/route.ts,7,4.868753,2026-02-23T22:14:30+07:00,2026-03-05T21:05:18+07:00,7.00
XNOT001@xnotPortfolio,app/api/admin/gacha-rewards/[id]/route.ts,7,4.846821,2026-02-19T17:09:35+07:00,2026-03-05T21:05:18+07:00,7.00
XNOT001@xnotPortfolio,app/api/admin/help/[id]/route.ts,7,4.655935,2026-02-01T14:59:03+07:00,2026-03-05T21:05:18+07:00,7.00
XNOT001@xnotPortfolio,app/api/admin/nav-items/[id]/route.ts,5,3.370861,2026-02-02T01:12:39+07:00,2026-03-05T21:05:18+07:00,5.00
XNOT001@xnotPortfolio,app/api/admin/news/[id]/route.ts,7,4.620022,2026-02-01T14:59:03+07:00,2026-03-05T21:05:18+07:00,7.00
XNOT001@xnotPortfolio,app/api/admin/popups/[id]/route.ts,7,4.691291,2026-02-08T20:40:36+07:00,2026-03-05T21:05:18+07:00,7.00
XNOT001@xnotPortfolio,app/api/admin/products/[id]/featured/route.ts,5,3.368806,2026-02-01T14:59:03+07:00,2026-03-05T21:05:18+07:00,5.00
XNOT001@xnotPortfolio,app/api/admin/users/[id]/route.ts,9,5.944395,2026-02-02T01:12:39+07:00,2026-03-05T21:05:18+07:00,9.00
XNOT001@xnotPortfolio,lib/validations/content.ts,1,0.708249,2026-03-05T21:05:18+07:00,2026-03-05T21:05:18+07:00,0.00
XNOT001@xnotPortfolio,lib/validations/gacha.ts,2,1.413061,2026-03-04T14:45:55+07:00,2026-03-05T21:05:18+07:00,0.00
XNOT001@xnotPortfolio,lib/validations/index.ts,2,1.413061,2026-03-04T14:45:55+07:00,2026-03-05T21:05:18+07:00,0.00
XNOT001@xnotPortfolio,lib/validations/validate.ts,1,0.708249,2026-03-05T21:05:18+07:00,2026-03-05T21:05:18+07:00,0.00
XNOT001@xnotPortfolio,replacements.txt,1,0.708249,2026-03-05T21:05:18+07:00,2026-03-05T21:05:18+07:00,0.00
XNOT001@xnotPortfolio,scripts/test-thai-encoding.ts,1,0.708249,2026-03-05T21:05:18+07:00,2026-03-05T21:05:18+07:00,0.00
XNOT001@xnotPortfolio,.gitignore,4,2.501826,2026-01-17T11:43:30+07:00,2026-03-05T20:21:00+07:00,0.00
XNOT001@xnotPortfolio,next.config.ts,8,5.039969,2026-01-17T11:43:30+07:00,2026-03-05T20:21:00+07:00,0.00
XNOT001@xnotPortfolio,scripts/fix-admin-password.ts,5,3.321226,2026-01-22T13:45:34+07:00,2026-03-05T20:21:00+07:00,0.00
XNOT001@xnotPortfolio,app/api/login/route.ts,7,4.605001,2026-01-22T13:45:34+07:00,2026-03-04T14:45:55+07:00,7.00
XNOT001@xnotPortfolio,lib/api.ts,1,0.704812,2026-03-04T14:45:55+07:00,2026-03-04T14:45:55+07:00,0.00
XNOT001@xnotPortfolio,lib/validations/auth.ts,1,0.704812,2026-03-04T14:45:55+07:00,2026-03-04T14:45:55+07:00,0.00
XNOT001@xnotPortfolio,lib/validations/product.ts,1,0.704812,2026-03-04T14:45:55+07:00,2026-03-04T14:45:55+07:00,0.00
XNOT001@xnotPortfolio,lib/validations/promoCode.ts,1,0.704812,2026-03-04T14:45:55+07:00,2026-03-04T14:45:55+07:00,0.00
XNOT001@xnotPortfolio,lib/validations/settings.ts,1,0.704812,2026-03-04T14:45:55+07:00,2026-03-04T14:45:55+07:00,0.00
XNOT001@xnotPortfolio,lib/validations/topup.ts,1,0.704812,2026-03-04T14:45:55+07:00,2026-03-04T14:45:55+07:00,0.00
XNOT001@xnotPortfolio,lib/validations/user.ts,1,0.704812,2026-03-04T14:45:55+07:00,2026-03-04T14:45:55+07:00,0.00
XNOT001@xnotPortfolio,app/admin/page.tsx,12,7.999610,2026-01-22T13:45:34+07:00,2026-03-04T14:15:16+07:00,0.00
XNOT001@xnotPortfolio,app/admin/products/page.tsx,10,6.457814,2026-01-22T13:45:34+07:00,2026-03-04T14:15:16+07:00,0.00
XNOT001@xnotPortfolio,app/admin/slips/page.tsx,8,5.328712,2026-01-22T13:45:34+07:00,2026-03-04T14:15:16+07:00,0.00
XNOT001@xnotPortfolio,app/admin/users/page.tsx,6,3.866164,2026-01-22T13:45:34+07:00,2026-03-04T14:15:16+07:00,0.00
XNOT001@xnotPortfolio,app/api/admin/gacha-categories/[id]/route.ts,6,4.160503,2026-02-23T22:14:30+07:00,2026-03-04T14:15:16+07:00,6.00
XNOT001@xnotPortfolio,app/api/admin/gacha-machines/reorder/route.ts,4,2.817861,2026-03-04T09:08:36+07:00,2026-03-04T14:15:16+07:00,4.00
XNOT001@xnotPortfolio,app/api/admin/gacha-products/route.ts,6,4.159170,2026-02-19T17:09:35+07:00,2026-03-04T14:15:16+07:00,6.00
XNOT001@xnotPortfolio,app/api/admin/promo-codes/[id]/route.ts,4,2.662612,2026-02-02T01:12:39+07:00,2026-03-04T14:15:16+07:00,4.00
XNOT001@xnotPortfolio,app/api/admin/roles/[id]/route.ts,6,3.983042,2026-02-08T20:40:36+07:00,2026-03-04T14:15:16+07:00,6.00
XNOT001@xnotPortfolio,app/api/admin/slips/route.ts,4,2.613061,2026-01-22T13:45:34+07:00,2026-03-04T14:15:16+07:00,8.00
XNOT001@xnotPortfolio,app/api/featured-products/route.ts,6,3.911772,2026-02-01T14:59:03+07:00,2026-03-04T14:15:16+07:00,0.00
XNOT001@xnotPortfolio,app/api/footer-widget/route.ts,4,2.662612,2026-02-02T01:12:39+07:00,2026-03-04T14:15:16+07:00,0.00
XNOT001@xnotPortfolio,app/api/gacha/drop-rates/route.ts,4,2.797262,2026-02-28T13:18:58+07:00,2026-03-04T14:15:16+07:00,4.00
XNOT001@xnotPortfolio,app/api/gacha/grid/rewards/route.ts,6,4.160503,2026-02-23T22:14:30+07:00,2026-03-04T14:15:16+07:00,6.00
XNOT001@xnotPortfolio,app/api/gacha/grid/roll/route.ts,6,4.160503,2026-02-23T22:14:30+07:00,2026-03-04T14:15:16+07:00,6.00
XNOT001@xnotPortfolio,app/api/gacha/history/route.ts,6,4.160503,2026-02-23T22:14:30+07:00,2026-03-04T14:15:16+07:00,6.00
XNOT001@xnotPortfolio,app/api/gacha/machines/route.ts,6,4.160503,2026-02-23T22:14:30+07:00,2026-03-04T14:15:16+07:00,6.00
XNOT001@xnotPortfolio,app/api/gacha/recent/route.ts,6,4.160503,2026-02-23T22:14:30+07:00,2026-03-04T14:15:16+07:00,6.00
XNOT001@xnotPortfolio,app/api/gacha/roll/route.ts,8,5.501813,2026-02-19T17:09:35+07:00,2026-03-04T14:15:16+07:00,8.00
XNOT001@xnotPortfolio,app/api/nav-items/route.ts,4,2.662612,2026-02-02T01:12:39+07:00,2026-03-04T14:15:16+07:00,0.00
XNOT001@xnotPortfolio,app/api/news/route.ts,6,3.911772,2026-02-01T14:59:03+07:00,2026-03-04T14:15:16+07:00,0.00
XNOT001@xnotPortfolio,app/api/popups/route.ts,4,2.695913,2026-02-08T20:40:36+07:00,2026-03-04T14:15:16+07:00,0.00
XNOT001@xnotPortfolio,app/api/products/[id]/route.ts,12,7.746997,2026-01-22T13:45:34+07:00,2026-03-04T14:15:16+07:00,0.00
XNOT001@xnotPortfolio,app/api/products/[id]/stock/route.ts,4,2.695913,2026-02-08T20:40:36+07:00,2026-03-04T14:15:16+07:00,0.00
XNOT001@xnotPortfolio,app/api/sale-products/route.ts,6,3.911772,2026-02-01T14:59:03+07:00,2026-03-04T14:15:16+07:00,0.00
XNOT001@xnotPortfolio,app/api/user/settings/route.ts,4,2.613061,2026-01-22T13:45:34+07:00,2026-03-04T14:15:16+07:00,0.00
XNOT001@xnotPortfolio,app/dashboard/inventory/page.tsx,8,5.206765,2026-01-22T13:45:34+07:00,2026-03-04T14:15:16+07:00,0.00
XNOT001@xnotPortfolio,app/dashboard/layout.tsx,10,6.536353,2026-01-22T13:45:34+07:00,2026-03-04T14:15:16+07:00,0.00
XNOT001@xnotPortfolio,app/dashboard/page.tsx,8,5.206765,2026-01-22T13:45:34+07:00,2026-03-04T14:15:16+07:00,0.00
XNOT001@xnotPortfolio,app/gacha-grid/[machineId]/page.tsx,6,4.160503,2026-02-23T22:14:30+07:00,2026-03-04T14:15:16+07:00,0.00
XNOT001@xnotPortfolio,app/gacha-grid/page.tsx,6,4.160503,2026-02-23T22:14:30+07:00,2026-03-04T14:15:16+07:00,0.00
XNOT001@xnotPortfolio,app/gacha/[id]/page.tsx,6,4.160503,2026-02-23T22:14:30+07:00,2026-03-04T14:15:16+07:00,0.00
XNOT001@xnotPortfolio,app/gacha/page.tsx,8,5.501813,2026-02-19T17:09:35+07:00,2026-03-04T14:15:16+07:00,0.00
XNOT001@xnotPortfolio,app/gacha/play/page.tsx,6,4.160503,2026-02-23T22:14:30+07:00,2026-03-04T14:15:16+07:00,0.00
XNOT001@xnotPortfolio,app/help/page.tsx,6,3.967856,2026-02-01T14:59:03+07:00,2026-03-04T14:15:16+07:00,0.00
XNOT001@xnotPortfolio,app/login/page.tsx,10,6.615117,2026-01-22T13:45:34+07:00,2026-03-04T14:15:16+07:00,0.00
XNOT001@xnotPortfolio,app/page.tsx,15,9.707490,2026-01-17T11:43:30+07:00,2026-03-04T14:15:16+07:00,0.00
XNOT001@xnotPortfolio,app/product/[id]/page.tsx,10,6.581816,2026-01-22T13:45:34+07:00,2026-03-04T14:15:16+07:00,0.00
XNOT001@xnotPortfolio,app/register/page.tsx,10,6.615117,2026-01-22T13:45:34+07:00,2026-03-04T14:15:16+07:00,0.00
XNOT001@xnotPortfolio,app/shop/page.tsx,8,5.249948,2026-01-22T13:45:34+07:00,2026-03-04T14:15:16+07:00,0.00
XNOT001@xnotPortfolio,components/DynamicBackground.tsx,8,5.384654,2026-01-22T13:45:34+07:00,2026-03-04T14:15:16+07:00,0.00
XNOT001@xnotPortfolio,components/Footer.tsx,8,5.152569,2026-01-22T13:45:34+07:00,2026-03-04T14:15:16+07:00,0.00
XNOT001@xnotPortfolio,components/HeroBanner.tsx,8,5.362723,2026-01-22T13:45:34+07:00,2026-03-04T14:15:16+07:00,0.00
XNOT001@xnotPortfolio,components/Navbar.tsx,20,13.096387,2026-01-22T13:45:34+07:00,2026-03-04T14:15:16+07:00,0.00
XNOT001@xnotPortfolio,components/admin/RecentSales.tsx,4,2.613061,2026-01-22T13:45:34+07:00,2026-03-04T14:15:16+07:00,0.00
XNOT001@xnotPortfolio,components/admin/RecentTransactions.tsx,4,2.716807,2026-02-13T01:05:32+07:00,2026-03-04T14:15:16+07:00,0.00
XNOT001@xnotPortfolio,drizzle.config.ts,2,1.409508,2026-03-04T14:15:16+07:00,2026-03-04T14:15:16+07:00,0.00
XNOT001@xnotPortfolio,lib/actions/user.ts,6,3.947651,2026-02-01T18:25:00+07:00,2026-03-04T14:15:16+07:00,0.00
XNOT001@xnotPortfolio,lib/db.ts,4,2.613061,2026-01-22T13:45:34+07:00,2026-03-04T14:15:16+07:00,0.00
XNOT001@xnotPortfolio,lib/db/schema.ts,2,1.409508,2026-03-04T14:15:16+07:00,2026-03-04T14:15:16+07:00,2.00
XNOT001@xnotPortfolio,lib/getSiteSettings.ts,4,2.613061,2026-01-22T13:45:34+07:00,2026-03-04T14:15:16+07:00,0.00
XNOT001@xnotPortfolio,lib/prisma.ts,4,2.613061,2026-01-22T13:45:34+07:00,2026-03-04T14:15:16+07:00,0.00
XNOT001@xnotPortfolio,prisma/migrate-gacha.ts,4,2.772749,2026-02-23T22:14:30+07:00,2026-03-04T14:15:16+07:00,0.00
XNOT001@xnotPortfolio,prisma/schema.prisma,20,13.077249,2026-01-22T13:45:34+07:00,2026-03-04T14:15:16+07:00,0.00
XNOT001@xnotPortfolio,prisma/seed-massive.ts,6,4.080405,2026-02-17T10:27:27+07:00,2026-03-04T14:15:16+07:00,0.00
XNOT001@xnotPortfolio,prisma/seed-test-data.ts,6,4.080405,2026-02-17T10:27:27+07:00,2026-03-04T14:15:16+07:00,0.00
XNOT001@xnotPortfolio,prisma/seed-topups.ts,4,2.716807,2026-02-13T01:05:32+07:00,2026-03-04T14:15:16+07:00,0.00
XNOT001@xnotPortfolio,scripts/seed-faq.ts,4,2.660557,2026-02-01T14:59:03+07:00,2026-03-04T14:15:16+07:00,0.00
XNOT001@xnotPortfolio,scripts/seed-gacha-grid.ts,4,2.772749,2026-02-23T22:14:30+07:00,2026-03-04T14:15:16+07:00,0.00
XNOT001@xnotPortfolio,app/admin/audit-logs/page.tsx,8,5.276285,2026-02-01T15:48:46+07:00,2026-03-04T09:08:36+07:00,0.00
XNOT001@xnotPortfolio,app/admin/currency-settings/page.tsx,6,3.947861,2026-02-02T01:12:39+07:00,2026-03-04T09:08:36+07:00,0.00
XNOT001@xnotPortfolio,app/admin/footer-links/page.tsx,6,3.947861,2026-02-02T01:12:39+07:00,2026-03-04T09:08:36+07:00,0.00
XNOT001@xnotPortfolio,app/admin/gacha-machines/[id]/edit/page.tsx,4,2.796107,2026-02-28T13:18:58+07:00,2026-03-04T09:08:36+07:00,0.00
XNOT001@xnotPortfolio,app/admin/gacha-machines/page.tsx,8,5.522590,2026-02-23T22:14:30+07:00,2026-03-04T09:08:36+07:00,0.00
XNOT001@xnotPortfolio,app/admin/news/page.tsx,14,9.122926,2026-02-01T14:59:03+07:00,2026-03-04T09:08:36+07:00,0.00
XNOT001@xnotPortfolio,app/admin/popups/page.tsx,10,6.618774,2026-02-08T20:40:36+07:00,2026-03-04T09:08:36+07:00,0.00
XNOT001@xnotPortfolio,app/admin/products/new/page.tsx,12,7.745842,2026-01-22T13:45:34+07:00,2026-03-04T09:08:36+07:00,0.00
XNOT001@xnotPortfolio,app/admin/roles/page.tsx,8,5.311474,2026-02-08T20:40:36+07:00,2026-03-04T09:08:36+07:00,0.00
XNOT001@xnotPortfolio,app/admin/settings/page.tsx,12,7.834047,2026-01-22T13:45:34+07:00,2026-03-04T09:08:36+07:00,0.00
XNOT001@xnotPortfolio,app/admin/users/AdminUsersClient.tsx,10,6.584748,2026-02-02T01:12:39+07:00,2026-03-04T09:08:36+07:00,0.00
XNOT001@xnotPortfolio,app/gachapons/page.tsx,6,4.159348,2026-02-23T22:14:30+07:00,2026-03-04T09:08:36+07:00,0.00
XNOT001@xnotPortfolio,app/globals.css,17,11.026875,2026-01-17T11:43:30+07:00,2026-03-04T09:08:36+07:00,0.00
XNOT001@xnotPortfolio,app/layout.tsx,13,8.412419,2026-01-17T11:43:30+07:00,2026-03-04T09:08:36+07:00,0.00
XNOT001@xnotPortfolio,components/GachaRecentFeed.tsx,6,4.134836,2026-02-23T22:14:30+07:00,2026-03-04T09:08:36+07:00,0.00
XNOT001@xnotPortfolio,components/HeroBannerClient.tsx,10,6.423357,2026-01-22T13:45:34+07:00,2026-03-04T09:08:36+07:00,0.00
XNOT001@xnotPortfolio,components/ProductActions.tsx,6,4.045240,2026-02-13T01:05:32+07:00,2026-03-04T09:08:36+07:00,0.00
XNOT001@xnotPortfolio,lib/swal.ts,8,5.275395,2026-02-01T14:59:03+07:00,2026-03-04T09:08:36+07:00,0.00
XNOT001@xnotPortfolio,public/uploads/gacha-machines/1772272723079-4hrk8m.png,2,1.408353,2026-03-04T09:08:36+07:00,2026-03-04T09:08:36+07:00,0.00
XNOT001@xnotPortfolio,public/uploads/gacha-machines/1772276727338-km9ufu.jpg,2,1.408353,2026-03-04T09:08:36+07:00,2026-03-04T09:08:36+07:00,0.00
XNOT001@xnotPortfolio,public/uploads/gacha-machines/1772276773911-61oawe.jpg,2,1.408353,2026-03-04T09:08:36+07:00,2026-03-04T09:08:36+07:00,0.00
XNOT001@xnotPortfolio,public/uploads/gacha-machines/1772276828555-8ak2c6.png,2,1.408353,2026-03-04T09:08:36+07:00,2026-03-04T09:08:36+07:00,0.00
XNOT001@xnotPortfolio,public/uploads/gacha-machines/1772277219523-2os3o3.png,2,1.408353,2026-03-04T09:08:36+07:00,2026-03-04T09:08:36+07:00,0.00
XNOT001@xnotPortfolio,public/uploads/gacha-machines/1772277897530-2ky1yr.png,2,1.408353,2026-03-04T09:08:36+07:00,2026-03-04T09:08:36+07:00,0.00
XNOT001@xnotPortfolio,public/uploads/gacha-machines/1772278060297-x9fdbc.png,2,1.408353,2026-03-04T09:08:36+07:00,2026-03-04T09:08:36+07:00,0.00
XNOT001@xnotPortfolio,public/uploads/gacha-machines/1772280277980-omt12b.png,2,1.408353,2026-03-04T09:08:36+07:00,2026-03-04T09:08:36+07:00,0.00
XNOT001@xnotPortfolio,public/uploads/gacha-machines/1772284324647-a545na.png,2,1.408353,2026-03-04T09:08:36+07:00,2026-03-04T09:08:36+07:00,0.00
XNOT001@xnotPortfolio,public/uploads/gacha-machines/1772418660505-ggd4x4.png,2,1.408353,2026-03-04T09:08:36+07:00,2026-03-04T09:08:36+07:00,0.00
XNOT001@xnotPortfolio,public/uploads/gacha-machines/1772443446223-tqjk19.png,2,1.408353,2026-03-04T09:08:36+07:00,2026-03-04T09:08:36+07:00,0.00
XNOT001@xnotPortfolio,public/uploads/gacha-machines/1772443513169-pspqxm.png,2,1.408353,2026-03-04T09:08:36+07:00,2026-03-04T09:08:36+07:00,0.00
XNOT001@xnotPortfolio,public/uploads/gacha-machines/1772444400423-qylz55.png,2,1.408353,2026-03-04T09:08:36+07:00,2026-03-04T09:08:36+07:00,0.00
XNOT001@xnotPortfolio,public/uploads/gacha/1772279851352-j2yazo.jpg,2,1.408353,2026-03-04T09:08:36+07:00,2026-03-04T09:08:36+07:00,0.00
XNOT001@xnotPortfolio,public/uploads/gacha/1772279875388-r8cec6.png,2,1.408353,2026-03-04T09:08:36+07:00,2026-03-04T09:08:36+07:00,0.00
XNOT001@xnotPortfolio,public/uploads/gacha/1772280540129-6ycbc6.png,2,1.408353,2026-03-04T09:08:36+07:00,2026-03-04T09:08:36+07:00,0.00
XNOT001@xnotPortfolio,public/uploads/gacha/1772290366554-2plddz.png,2,1.408353,2026-03-04T09:08:36+07:00,2026-03-04T09:08:36+07:00,0.00
XNOT001@xnotPortfolio,public/uploads/gacha/1772290606227-heksem.png,2,1.408353,2026-03-04T09:08:36+07:00,2026-03-04T09:08:36+07:00,0.00
XNOT001@xnotPortfolio,public/uploads/gacha/1772290626565-uixfo9.png,2,1.408353,2026-03-04T09:08:36+07:00,2026-03-04T09:08:36+07:00,0.00
XNOT001@xnotPortfolio,public/uploads/products/1772448379634-bq59d2.webp,2,1.408353,2026-03-04T09:08:36+07:00,2026-03-04T09:08:36+07:00,0.00
XNOT001@xnotPortfolio,public/uploads/products/1772448699282-szmzmq.webp,2,1.408353,2026-03-04T09:08:36+07:00,2026-03-04T09:08:36+07:00,0.00
XNOT001@xnotPortfolio,app/admin/gacha-grid/page.tsx,2,1.387754,2026-02-28T13:18:58+07:00,2026-02-28T13:18:58+07:00,0.00
XNOT001@xnotPortfolio,app/api/admin/gacha-machines/upload-image/route.ts,2,1.387754,2026-02-28T13:18:58+07:00,2026-02-28T13:18:58+07:00,2.00
XNOT001@xnotPortfolio,components/DropRateModal.tsx,4,2.750995,2026-02-23T22:14:30+07:00,2026-02-28T13:18:58+07:00,0.00
XNOT001@xnotPortfolio,components/GachaGridMachine.tsx,4,2.750995,2026-02-23T22:14:30+07:00,2026-02-28T13:18:58+07:00,0.00
XNOT001@xnotPortfolio,components/GachaResultModal.tsx,4,2.729064,2026-02-19T17:09:35+07:00,2026-02-28T13:18:58+07:00,0.00
XNOT001@xnotPortfolio,components/GachaRhombus.tsx,6,4.092305,2026-02-19T17:09:35+07:00,2026-02-28T13:18:58+07:00,0.00
XNOT001@xnotPortfolio,components/admin/AdminSidebar.tsx,18,11.644929,2026-01-22T13:45:34+07:00,2026-02-28T13:18:58+07:00,14.40
XNOT001@xnotPortfolio,lib/gachaGrid.ts,6,4.092305,2026-02-19T17:09:35+07:00,2026-02-28T13:18:58+07:00,0.00
XNOT001@xnotPortfolio,public/uploads/gacha-machines/1772210832120-j0pmaj.png,2,1.387754,2026-02-28T13:18:58+07:00,2026-02-28T13:18:58+07:00,0.00
XNOT001@xnotPortfolio,public/uploads/gacha-machines/1772247245322-smm7g6.png,2,1.387754,2026-02-28T13:18:58+07:00,2026-02-28T13:18:58+07:00,0.00
XNOT001@xnotPortfolio,public/uploads/gacha-machines/1772248129919-jbygu0.png,2,1.387754,2026-02-28T13:18:58+07:00,2026-02-28T13:18:58+07:00,0.00
XNOT001@xnotPortfolio,public/uploads/gacha-machines/1772248733290-qbue3u.png,2,1.387754,2026-02-28T13:18:58+07:00,2026-02-28T13:18:58+07:00,0.00
XNOT001@xnotPortfolio,public/uploads/gacha-machines/1772252377217-00mkei.png,2,1.387754,2026-02-28T13:18:58+07:00,2026-02-28T13:18:58+07:00,0.00
XNOT001@xnotPortfolio,public/uploads/gacha-machines/1772256381232-9yamp3.png,2,1.387754,2026-02-28T13:18:58+07:00,2026-02-28T13:18:58+07:00,0.00
XNOT001@xnotPortfolio,public/uploads/gacha/1771864103337-73jlxh.webp,2,1.387754,2026-02-28T13:18:58+07:00,2026-02-28T13:18:58+07:00,0.00
XNOT001@xnotPortfolio,public/uploads/gacha/1771864109562-k3i79p.webp,2,1.387754,2026-02-28T13:18:58+07:00,2026-02-28T13:18:58+07:00,0.00
XNOT001@xnotPortfolio,public/uploads/gacha/1771864112911-mor7wh.webp,2,1.387754,2026-02-28T13:18:58+07:00,2026-02-28T13:18:58+07:00,0.00
XNOT001@xnotPortfolio,public/uploads/gacha/1771864121898-23lb3c.webp,2,1.387754,2026-02-28T13:18:58+07:00,2026-02-28T13:18:58+07:00,0.00
XNOT001@xnotPortfolio,public/uploads/gacha/1771864127383-03lqrq.webp,2,1.387754,2026-02-28T13:18:58+07:00,2026-02-28T13:18:58+07:00,0.00
XNOT001@xnotPortfolio,public/uploads/gacha/1771864130623-3s9lpb.webp,2,1.387754,2026-02-28T13:18:58+07:00,2026-02-28T13:18:58+07:00,0.00
XNOT001@xnotPortfolio,public/uploads/gacha/1771864134085-z6ocb8.webp,2,1.387754,2026-02-28T13:18:58+07:00,2026-02-28T13:18:58+07:00,0.00
XNOT001@xnotPortfolio,public/uploads/gacha/1771864137211-3pnird.webp,2,1.387754,2026-02-28T13:18:58+07:00,2026-02-28T13:18:58+07:00,0.00
XNOT001@xnotPortfolio,public/uploads/gacha/1771864140137-fek14d.webp,2,1.387754,2026-02-28T13:18:58+07:00,2026-02-28T13:18:58+07:00,0.00
XNOT001@xnotPortfolio,public/uploads/gacha/1771864143637-oxc0ta.webp,2,1.387754,2026-02-28T13:18:58+07:00,2026-02-28T13:18:58+07:00,0.00
XNOT001@xnotPortfolio,public/uploads/gacha/1771864146512-7h8ciy.webp,2,1.387754,2026-02-28T13:18:58+07:00,2026-02-28T13:18:58+07:00,0.00
XNOT001@xnotPortfolio,public/uploads/gacha/1771864149448-7n8hux.webp,2,1.387754,2026-02-28T13:18:58+07:00,2026-02-28T13:18:58+07:00,0.00
XNOT001@xnotPortfolio,public/uploads/gacha/1772249844455-ami4it.png,2,1.387754,2026-02-28T13:18:58+07:00,2026-02-28T13:18:58+07:00,0.00
XNOT001@xnotPortfolio,public/uploads/gacha/1772252391887-asunrs.png,2,1.387754,2026-02-28T13:18:58+07:00,2026-02-28T13:18:58+07:00,0.00
XNOT001@xnotPortfolio,public/uploads/gacha/1772252567028-blsvyv.png,2,1.387754,2026-02-28T13:18:58+07:00,2026-02-28T13:18:58+07:00,0.00
XNOT001@xnotPortfolio,public/uploads/gacha/1772254961398-hdqqwi.png,2,1.387754,2026-02-28T13:18:58+07:00,2026-02-28T13:18:58+07:00,0.00
XNOT001@xnotPortfolio,public/uploads/gacha/1772254970414-opye28.png,2,1.387754,2026-02-28T13:18:58+07:00,2026-02-28T13:18:58+07:00,0.00
XNOT001@xnotPortfolio,public/uploads/gacha/1772256561249-ep4y0u.png,2,1.387754,2026-02-28T13:18:58+07:00,2026-02-28T13:18:58+07:00,0.00
XNOT001@xnotPortfolio,.agent/skills/next-best-practices/SKILL.md,2,1.363241,2026-02-23T22:14:30+07:00,2026-02-23T22:14:30+07:00,0.00
XNOT001@xnotPortfolio,.agent/skills/next-best-practices/async-patterns.md,2,1.363241,2026-02-23T22:14:30+07:00,2026-02-23T22:14:30+07:00,0.00
XNOT001@xnotPortfolio,.agent/skills/next-best-practices/bundling.md,2,1.363241,2026-02-23T22:14:30+07:00,2026-02-23T22:14:30+07:00,0.00
XNOT001@xnotPortfolio,.agent/skills/next-best-practices/data-patterns.md,2,1.363241,2026-02-23T22:14:30+07:00,2026-02-23T22:14:30+07:00,0.00
XNOT001@xnotPortfolio,.agent/skills/next-best-practices/debug-tricks.md,2,1.363241,2026-02-23T22:14:30+07:00,2026-02-23T22:14:30+07:00,0.00
XNOT001@xnotPortfolio,.agent/skills/next-best-practices/directives.md,2,1.363241,2026-02-23T22:14:30+07:00,2026-02-23T22:14:30+07:00,0.00
XNOT001@xnotPortfolio,.agent/skills/next-best-practices/error-handling.md,2,1.363241,2026-02-23T22:14:30+07:00,2026-02-23T22:14:30+07:00,0.00
XNOT001@xnotPortfolio,.agent/skills/next-best-practices/file-conventions.md,2,1.363241,2026-02-23T22:14:30+07:00,2026-02-23T22:14:30+07:00,0.00
XNOT001@xnotPortfolio,.agent/skills/next-best-practices/font.md,2,1.363241,2026-02-23T22:14:30+07:00,2026-02-23T22:14:30+07:00,0.00
XNOT001@xnotPortfolio,.agent/skills/next-best-practices/functions.md,2,1.363241,2026-02-23T22:14:30+07:00,2026-02-23T22:14:30+07:00,0.00
XNOT001@xnotPortfolio,.agent/skills/next-best-practices/hydration-error.md,2,1.363241,2026-02-23T22:14:30+07:00,2026-02-23T22:14:30+07:00,0.00
XNOT001@xnotPortfolio,.agent/skills/next-best-practices/image.md,2,1.363241,2026-02-23T22:14:30+07:00,2026-02-23T22:14:30+07:00,0.00
XNOT001@xnotPortfolio,.agent/skills/next-best-practices/metadata.md,2,1.363241,2026-02-23T22:14:30+07:00,2026-02-23T22:14:30+07:00,0.00
XNOT001@xnotPortfolio,.agent/skills/next-best-practices/parallel-routes.md,2,1.363241,2026-02-23T22:14:30+07:00,2026-02-23T22:14:30+07:00,0.00
XNOT001@xnotPortfolio,.agent/skills/next-best-practices/route-handlers.md,2,1.363241,2026-02-23T22:14:30+07:00,2026-02-23T22:14:30+07:00,0.00
XNOT001@xnotPortfolio,.agent/skills/next-best-practices/rsc-boundaries.md,2,1.363241,2026-02-23T22:14:30+07:00,2026-02-23T22:14:30+07:00,0.00
XNOT001@xnotPortfolio,.agent/skills/next-best-practices/runtime-selection.md,2,1.363241,2026-02-23T22:14:30+07:00,2026-02-23T22:14:30+07:00,0.00
XNOT001@xnotPortfolio,.agent/skills/next-best-practices/scripts.md,2,1.363241,2026-02-23T22:14:30+07:00,2026-02-23T22:14:30+07:00,0.00
XNOT001@xnotPortfolio,.agent/skills/next-best-practices/self-hosting.md,2,1.363241,2026-02-23T22:14:30+07:00,2026-02-23T22:14:30+07:00,0.00
XNOT001@xnotPortfolio,.agent/skills/next-best-practices/suspense-boundaries.md,2,1.363241,2026-02-23T22:14:30+07:00,2026-02-23T22:14:30+07:00,0.00
XNOT001@xnotPortfolio,.agents/skills/next-best-practices/SKILL.md,2,1.363241,2026-02-23T22:14:30+07:00,2026-02-23T22:14:30+07:00,0.00
XNOT001@xnotPortfolio,.agents/skills/next-best-practices/async-patterns.md,2,1.363241,2026-02-23T22:14:30+07:00,2026-02-23T22:14:30+07:00,0.00
XNOT001@xnotPortfolio,.agents/skills/next-best-practices/bundling.md,2,1.363241,2026-02-23T22:14:30+07:00,2026-02-23T22:14:30+07:00,0.00
XNOT001@xnotPortfolio,.agents/skills/next-best-practices/data-patterns.md,2,1.363241,2026-02-23T22:14:30+07:00,2026-02-23T22:14:30+07:00,0.00
XNOT001@xnotPortfolio,.agents/skills/next-best-practices/debug-tricks.md,2,1.363241,2026-02-23T22:14:30+07:00,2026-02-23T22:14:30+07:00,0.00
XNOT001@xnotPortfolio,.agents/skills/next-best-practices/directives.md,2,1.363241,2026-02-23T22:14:30+07:00,2026-02-23T22:14:30+07:00,0.00
XNOT001@xnotPortfolio,.agents/skills/next-best-practices/error-handling.md,2,1.363241,2026-02-23T22:14:30+07:00,2026-02-23T22:14:30+07:00,0.00
XNOT001@xnotPortfolio,.agents/skills/next-best-practices/file-conventions.md,2,1.363241,2026-02-23T22:14:30+07:00,2026-02-23T22:14:30+07:00,0.00
XNOT001@xnotPortfolio,.agents/skills/next-best-practices/font.md,2,1.363241,2026-02-23T22:14:30+07:00,2026-02-23T22:14:30+07:00,0.00
XNOT001@xnotPortfolio,.agents/skills/next-best-practices/functions.md,2,1.363241,2026-02-23T22:14:30+07:00,2026-02-23T22:14:30+07:00,0.00
XNOT001@xnotPortfolio,.agents/skills/next-best-practices/hydration-error.md,2,1.363241,2026-02-23T22:14:30+07:00,2026-02-23T22:14:30+07:00,0.00
XNOT001@xnotPortfolio,.agents/skills/next-best-practices/image.md,2,1.363241,2026-02-23T22:14:30+07:00,2026-02-23T22:14:30+07:00,0.00
XNOT001@xnotPortfolio,.agents/skills/next-best-practices/metadata.md,2,1.363241,2026-02-23T22:14:30+07:00,2026-02-23T22:14:30+07:00,0.00
XNOT001@xnotPortfolio,.agents/skills/next-best-practices/parallel-routes.md,2,1.363241,2026-02-23T22:14:30+07:00,2026-02-23T22:14:30+07:00,0.00
XNOT001@xnotPortfolio,.agents/skills/next-best-practices/route-handlers.md,2,1.363241,2026-02-23T22:14:30+07:00,2026-02-23T22:14:30+07:00,0.00
XNOT001@xnotPortfolio,.agents/skills/next-best-practices/rsc-boundaries.md,2,1.363241,2026-02-23T22:14:30+07:00,2026-02-23T22:14:30+07:00,0.00
XNOT001@xnotPortfolio,.agents/skills/next-best-practices/runtime-selection.md,2,1.363241,2026-02-23T22:14:30+07:00,2026-02-23T22:14:30+07:00,0.00
XNOT001@xnotPortfolio,.agents/skills/next-best-practices/scripts.md,2,1.363241,2026-02-23T22:14:30+07:00,2026-02-23T22:14:30+07:00,0.00
XNOT001@xnotPortfolio,.agents/skills/next-best-practices/self-hosting.md,2,1.363241,2026-02-23T22:14:30+07:00,2026-02-23T22:14:30+07:00,0.00
XNOT001@xnotPortfolio,.agents/skills/next-best-practices/suspense-boundaries.md,2,1.363241,2026-02-23T22:14:30+07:00,2026-02-23T22:14:30+07:00,0.00
XNOT001@xnotPortfolio,app/admin/gacha-settings/page.tsx,4,2.704550,2026-02-19T17:09:35+07:00,2026-02-23T22:14:30+07:00,0.00
XNOT001@xnotPortfolio,app/error.tsx,2,1.363241,2026-02-23T22:14:30+07:00,2026-02-23T22:14:30+07:00,0.00
XNOT001@xnotPortfolio,app/not-found.tsx,2,1.363241,2026-02-23T22:14:30+07:00,2026-02-23T22:14:30+07:00,0.00
XNOT001@xnotPortfolio,components/GachaHistory.tsx,2,1.363241,2026-02-23T22:14:30+07:00,2026-02-23T22:14:30+07:00,0.00
XNOT001@xnotPortfolio,components/LiveDateTime.tsx,6,4.034138,2026-02-17T10:27:27+07:00,2026-02-23T22:14:30+07:00,0.00
XNOT001@xnotPortfolio,lib/imageResize.ts,2,1.363241,2026-02-23T22:14:30+07:00,2026-02-23T22:14:30+07:00,0.00
XNOT001@xnotPortfolio,public/uploads/gacha/1771495913873-zms5ln.webp,2,1.363241,2026-02-23T22:14:30+07:00,2026-02-23T22:14:30+07:00,0.00
XNOT001@xnotPortfolio,public/uploads/gacha/1771495917327-v6pwny.png,2,1.363241,2026-02-23T22:14:30+07:00,2026-02-23T22:14:30+07:00,0.00
XNOT001@xnotPortfolio,public/uploads/gacha/1771495967343-43st3b.webp,2,1.363241,2026-02-23T22:14:30+07:00,2026-02-23T22:14:30+07:00,0.00
XNOT001@xnotPortfolio,public/uploads/gacha/1771495970853-by3o7h.png,2,1.363241,2026-02-23T22:14:30+07:00,2026-02-23T22:14:30+07:00,0.00
XNOT001@xnotPortfolio,public/uploads/gacha/1771497460043-ortaig.webp,2,1.363241,2026-02-23T22:14:30+07:00,2026-02-23T22:14:30+07:00,0.00
XNOT001@xnotPortfolio,public/uploads/gacha/1771497466092-2d0m0a.webp,2,1.363241,2026-02-23T22:14:30+07:00,2026-02-23T22:14:30+07:00,0.00
XNOT001@xnotPortfolio,public/uploads/gacha/1771500151490-rum7av.webp,2,1.363241,2026-02-23T22:14:30+07:00,2026-02-23T22:14:30+07:00,0.00
XNOT001@xnotPortfolio,public/uploads/gacha/1771500158423-ippwqj.webp,2,1.363241,2026-02-23T22:14:30+07:00,2026-02-23T22:14:30+07:00,0.00
XNOT001@xnotPortfolio,public/uploads/gacha/1771500161315-4b1sba.webp,2,1.363241,2026-02-23T22:14:30+07:00,2026-02-23T22:14:30+07:00,0.00
XNOT001@xnotPortfolio,public/uploads/gacha/1771500214949-xo9ti6.webp,2,1.363241,2026-02-23T22:14:30+07:00,2026-02-23T22:14:30+07:00,0.00
XNOT001@xnotPortfolio,public/uploads/gacha/1771500219384-elxdh9.webp,2,1.363241,2026-02-23T22:14:30+07:00,2026-02-23T22:14:30+07:00,0.00
XNOT001@xnotPortfolio,public/uploads/gacha/1771500228311-9jnshx.webp,2,1.363241,2026-02-23T22:14:30+07:00,2026-02-23T22:14:30+07:00,0.00
XNOT001@xnotPortfolio,public/uploads/gacha/1771500231586-mv1d5v.webp,2,1.363241,2026-02-23T22:14:30+07:00,2026-02-23T22:14:30+07:00,0.00
XNOT001@xnotPortfolio,public/uploads/gacha/1771500955955-8d8kd3.webp,2,1.363241,2026-02-23T22:14:30+07:00,2026-02-23T22:14:30+07:00,0.00
XNOT001@xnotPortfolio,public/uploads/gacha/1771500963568-1xjyu3.webp,2,1.363241,2026-02-23T22:14:30+07:00,2026-02-23T22:14:30+07:00,0.00
XNOT001@xnotPortfolio,public/uploads/gacha/1771500966845-f7mtle.webp,2,1.363241,2026-02-23T22:14:30+07:00,2026-02-23T22:14:30+07:00,0.00
XNOT001@xnotPortfolio,public/uploads/gacha/1771500970231-rd4sxa.webp,2,1.363241,2026-02-23T22:14:30+07:00,2026-02-23T22:14:30+07:00,0.00
XNOT001@xnotPortfolio,public/uploads/gacha/1771500973551-mcfght.webp,2,1.363241,2026-02-23T22:14:30+07:00,2026-02-23T22:14:30+07:00,0.00
XNOT001@xnotPortfolio,public/uploads/gacha/1771500976872-uhkj94.webp,2,1.363241,2026-02-23T22:14:30+07:00,2026-02-23T22:14:30+07:00,0.00
XNOT001@xnotPortfolio,public/uploads/gacha/1771501104335-s7tacr.webp,2,1.363241,2026-02-23T22:14:30+07:00,2026-02-23T22:14:30+07:00,0.00
XNOT001@xnotPortfolio,public/uploads/gacha/1771501107371-7uj4m5.webp,2,1.363241,2026-02-23T22:14:30+07:00,2026-02-23T22:14:30+07:00,0.00
XNOT001@xnotPortfolio,public/uploads/gacha/1771501111398-6u58k6.webp,2,1.363241,2026-02-23T22:14:30+07:00,2026-02-23T22:14:30+07:00,0.00
XNOT001@xnotPortfolio,public/uploads/gacha/1771501114595-r14nem.webp,2,1.363241,2026-02-23T22:14:30+07:00,2026-02-23T22:14:30+07:00,0.00
XNOT001@xnotPortfolio,public/uploads/gacha/1771501117849-c81urk.webp,2,1.363241,2026-02-23T22:14:30+07:00,2026-02-23T22:14:30+07:00,0.00
XNOT001@xnotPortfolio,public/uploads/gacha/1771501155994-7b04yw.webp,2,1.363241,2026-02-23T22:14:30+07:00,2026-02-23T22:14:30+07:00,0.00
XNOT001@xnotPortfolio,public/uploads/gacha/1771501159102-ood2ax.webp,2,1.363241,2026-02-23T22:14:30+07:00,2026-02-23T22:14:30+07:00,0.00
XNOT001@xnotPortfolio,public/uploads/gacha/1771501162111-bqb6gr.webp,2,1.363241,2026-02-23T22:14:30+07:00,2026-02-23T22:14:30+07:00,0.00
XNOT001@xnotPortfolio,public/uploads/gacha/1771501165321-p8ma0k.webp,2,1.363241,2026-02-23T22:14:30+07:00,2026-02-23T22:14:30+07:00,0.00
XNOT001@xnotPortfolio,public/uploads/gacha/1771501168468-69j10r.webp,2,1.363241,2026-02-23T22:14:30+07:00,2026-02-23T22:14:30+07:00,0.00
XNOT001@xnotPortfolio,public/uploads/gacha/1771501178551-443bz1.webp,2,1.363241,2026-02-23T22:14:30+07:00,2026-02-23T22:14:30+07:00,0.00
XNOT001@xnotPortfolio,public/uploads/products/1771752981537-xgw04l.png,2,1.363241,2026-02-23T22:14:30+07:00,2026-02-23T22:14:30+07:00,0.00
XNOT001@xnotPortfolio,skills-lock.json,2,1.363241,2026-02-23T22:14:30+07:00,2026-02-23T22:14:30+07:00,0.00
XNOT001@xnotPortfolio,tatus,2,1.363241,2026-02-23T22:14:30+07:00,2026-02-23T22:14:30+07:00,0.00
XNOT001@xnotPortfolio,app/api/admin/gacha-rewards/upload-image/route.ts,2,1.341309,2026-02-19T17:09:35+07:00,2026-02-19T17:09:35+07:00,2.00
XNOT001@xnotPortfolio,components/DailyTopupSummary.tsx,6,3.978197,2026-02-13T01:05:32+07:00,2026-02-19T17:09:35+07:00,0.00
XNOT001@xnotPortfolio,components/MembersSummary.tsx,4,2.670897,2026-02-17T10:27:27+07:00,2026-02-19T17:09:35+07:00,0.00
XNOT001@xnotPortfolio,components/admin/RevenueAreaChart.tsx,4,2.648608,2026-02-13T01:05:32+07:00,2026-02-19T17:09:35+07:00,0.00
XNOT001@xnotPortfolio,components/admin/SalesDistribution.tsx,4,2.648608,2026-02-13T01:05:32+07:00,2026-02-19T17:09:35+07:00,0.00
XNOT001@xnotPortfolio,components/ui/sidebar.tsx,4,2.544862,2026-01-22T13:45:34+07:00,2026-02-19T17:09:35+07:00,0.00
XNOT001@xnotPortfolio,public/uploads/products/1771301373135-3lm5ke.webp,2,1.341309,2026-02-19T17:09:35+07:00,2026-02-19T17:09:35+07:00,0.00
XNOT001@xnotPortfolio,public/uploads/products/1771301434858-evz2v6.webp,2,1.341309,2026-02-19T17:09:35+07:00,2026-02-19T17:09:35+07:00,0.00
XNOT001@xnotPortfolio,app/admin/promo-codes/page.tsx,8,5.176396,2026-02-02T01:12:39+07:00,2026-02-17T10:27:27+07:00,0.00
XNOT001@xnotPortfolio,app/dashboard/topup/page.tsx,8,5.126845,2026-01-22T13:45:34+07:00,2026-02-17T10:27:27+07:00,0.00
XNOT001@xnotPortfolio,components/BuyButton.tsx,8,5.070595,2026-01-22T13:45:34+07:00,2026-02-17T10:27:27+07:00,0.00
XNOT001@xnotPortfolio,components/DashboardClient.tsx,4,2.636887,2026-02-13T01:05:32+07:00,2026-02-17T10:27:27+07:00,0.00
XNOT001@xnotPortfolio,components/DashboardTabs.tsx,4,2.636887,2026-02-13T01:05:32+07:00,2026-02-17T10:27:27+07:00,0.00
XNOT001@xnotPortfolio,components/DateRangePicker.tsx,2,1.329588,2026-02-17T10:27:27+07:00,2026-02-17T10:27:27+07:00,0.00
XNOT001@xnotPortfolio,components/FeaturedProducts.tsx,16,10.217602,2026-02-01T14:59:03+07:00,2026-02-17T10:27:27+07:00,0.00
XNOT001@xnotPortfolio,components/HideMainLayout.tsx,2,1.329588,2026-02-17T10:27:27+07:00,2026-02-17T10:27:27+07:00,0.00
XNOT001@xnotPortfolio,components/ProductCard.tsx,14,8.918816,2026-01-22T13:45:34+07:00,2026-02-17T10:27:27+07:00,0.00
XNOT001@xnotPortfolio,components/SaleProducts.tsx,16,10.217602,2026-02-01T14:59:03+07:00,2026-02-17T10:27:27+07:00,0.00
XNOT001@xnotPortfolio,components/TopupSummaryWithDateRange.tsx,2,1.329588,2026-02-17T10:27:27+07:00,2026-02-17T10:27:27+07:00,0.00
XNOT001@xnotPortfolio,components/admin/AdminDashboardHeader.tsx,2,1.329588,2026-02-17T10:27:27+07:00,2026-02-17T10:27:27+07:00,0.00
XNOT001@xnotPortfolio,app/admin/products/[id]/edit/page.tsx,10,6.337489,2026-01-22T13:45:34+07:00,2026-02-13T01:05:32+07:00,0.00
XNOT001@xnotPortfolio,app/admin/products/[id]/stock/page.tsx,4,2.593704,2026-02-08T20:40:36+07:00,2026-02-13T01:05:32+07:00,0.00
XNOT001@xnotPortfolio,app/profile/settings/page.tsx,6,3.845442,2026-02-01T18:25:00+07:00,2026-02-13T01:05:32+07:00,0.00
XNOT001@xnotPortfolio,components/DashboardSidebar.tsx,6,3.797257,2026-01-22T13:45:34+07:00,2026-02-13T01:05:32+07:00,0.00
XNOT001@xnotPortfolio,components/DatePicker.tsx,2,1.307299,2026-02-13T01:05:32+07:00,2026-02-13T01:05:32+07:00,0.00
XNOT001@xnotPortfolio,components/NewsSection.tsx,8,5.062667,2026-02-01T14:59:03+07:00,2026-02-13T01:05:32+07:00,0.00
XNOT001@xnotPortfolio,components/PageBreadcrumb.tsx,2,1.307299,2026-02-13T01:05:32+07:00,2026-02-13T01:05:32+07:00,0.00
XNOT001@xnotPortfolio,components/QuantitySelector.tsx,2,1.307299,2026-02-13T01:05:32+07:00,2026-02-13T01:05:32+07:00,0.00
XNOT001@xnotPortfolio,components/ShareButtons.tsx,2,1.307299,2026-02-13T01:05:32+07:00,2026-02-13T01:05:32+07:00,0.00
XNOT001@xnotPortfolio,components/admin/ProductTable.tsx,10,6.301409,2026-01-22T13:45:34+07:00,2026-02-13T01:05:32+07:00,0.00
XNOT001@xnotPortfolio,components/admin/RevenueChart.tsx,2,1.307299,2026-02-13T01:05:32+07:00,2026-02-13T01:05:32+07:00,0.00
XNOT001@xnotPortfolio,components/admin/SlipTable.tsx,6,3.797257,2026-01-22T13:45:34+07:00,2026-02-13T01:05:32+07:00,4.80
XNOT001@xnotPortfolio,components/admin/TopupTable.tsx,2,1.307299,2026-02-13T01:05:32+07:00,2026-02-13T01:05:32+07:00,1.60
XNOT001@xnotPortfolio,components/cart/AddToCartButtonDetail.tsx,4,2.560403,2026-02-02T01:12:39+07:00,2026-02-13T01:05:32+07:00,0.00
XNOT001@xnotPortfolio,components/cart/CartIcon.tsx,6,3.846808,2026-02-02T01:12:39+07:00,2026-02-13T01:05:32+07:00,0.00
XNOT001@xnotPortfolio,components/cart/CartItem.tsx,4,2.560403,2026-02-02T01:12:39+07:00,2026-02-13T01:05:32+07:00,0.00
XNOT001@xnotPortfolio,components/cart/CartSheet.tsx,6,3.846808,2026-02-02T01:12:39+07:00,2026-02-13T01:05:32+07:00,0.00
XNOT001@xnotPortfolio,components/providers/CartContext.tsx,6,3.846808,2026-02-02T01:12:39+07:00,2026-02-13T01:05:32+07:00,0.00
XNOT001@xnotPortfolio,hooks/useDashboardData.ts,2,1.307299,2026-02-13T01:05:32+07:00,2026-02-13T01:05:32+07:00,0.00
XNOT001@xnotPortfolio,lib/compressImage.ts,2,1.307299,2026-02-13T01:05:32+07:00,2026-02-13T01:05:32+07:00,0.00
XNOT001@xnotPortfolio,lib/cubejs.ts,2,1.307299,2026-02-13T01:05:32+07:00,2026-02-13T01:05:32+07:00,0.00
XNOT001@xnotPortfolio,public/uploads/products/1770651840661-depv8j.png,2,1.307299,2026-02-13T01:05:32+07:00,2026-02-13T01:05:32+07:00,0.00
XNOT001@xnotPortfolio,public/uploads/products/1770737202714-qscgc9.webp,2,1.307299,2026-02-13T01:05:32+07:00,2026-02-13T01:05:32+07:00,0.00
XNOT001@xnotPortfolio,app/api/upload/route.ts,2,1.287129,2026-02-09T00:10:56+07:00,2026-02-09T00:10:56+07:00,0.00
XNOT001@xnotPortfolio,components/AnnouncementPopup.tsx,4,2.573534,2026-02-08T20:40:36+07:00,2026-02-09T00:10:56+07:00,0.00
XNOT001@xnotPortfolio,components/PurchasedItem.tsx,10,6.281928,2026-01-22T13:45:34+07:00,2026-02-09T00:10:56+07:00,0.00
XNOT001@xnotPortfolio,public/uploads/products/1770568049552-iaxo6p.png,2,1.287129,2026-02-09T00:10:56+07:00,2026-02-09T00:10:56+07:00,0.00
XNOT001@xnotPortfolio,public/uploads/products/1770568136999-6e6oex.png,2,1.287129,2026-02-09T00:10:56+07:00,2026-02-09T00:10:56+07:00,0.00
XNOT001@xnotPortfolio,public/uploads/products/1770569587171-irbt9f.png,2,1.287129,2026-02-09T00:10:56+07:00,2026-02-09T00:10:56+07:00,0.00
XNOT001@xnotPortfolio,public/uploads/products/1770569599752-tgua06.png,2,1.287129,2026-02-09T00:10:56+07:00,2026-02-09T00:10:56+07:00,0.00
XNOT001@xnotPortfolio,PROJECT_CONTEXT.md,2,1.286405,2026-02-08T20:40:36+07:00,2026-02-08T20:40:36+07:00,0.00
XNOT001@xnotPortfolio,app/admin/nav-items/page.tsx,4,2.539509,2026-02-02T01:12:39+07:00,2026-02-08T20:40:36+07:00,0.00
XNOT001@xnotPortfolio,app/dashboard/loading.tsx,2,1.286405,2026-02-08T20:40:36+07:00,2026-02-08T20:40:36+07:00,0.00
XNOT001@xnotPortfolio,app/shop/loading.tsx,2,1.286405,2026-02-08T20:40:36+07:00,2026-02-08T20:40:36+07:00,0.00
XNOT001@xnotPortfolio,components/AnnouncementPopupWrapper.tsx,2,1.286405,2026-02-08T20:40:36+07:00,2026-02-08T20:40:36+07:00,0.00
XNOT001@xnotPortfolio,components/CategoryBannerCard.tsx,2,1.286405,2026-02-08T20:40:36+07:00,2026-02-08T20:40:36+07:00,0.00
XNOT001@xnotPortfolio,components/SweetAlertProvider.tsx,2,1.286405,2026-02-08T20:40:36+07:00,2026-02-08T20:40:36+07:00,0.00
XNOT001@xnotPortfolio,components/ThaiAddressSelector.tsx,2,1.286405,2026-02-08T20:40:36+07:00,2026-02-08T20:40:36+07:00,0.00
XNOT001@xnotPortfolio,components/ui/AlertModal.tsx,4,2.489958,2026-01-22T13:45:34+07:00,2026-02-08T20:40:36+07:00,0.00
XNOT001@xnotPortfolio,components/ui/button.tsx,4,2.489958,2026-01-22T13:45:34+07:00,2026-02-08T20:40:36+07:00,0.00
XNOT001@xnotPortfolio,components/ui/sonner.tsx,4,2.489958,2026-01-22T13:45:34+07:00,2026-02-08T20:40:36+07:00,0.00
XNOT001@xnotPortfolio,lib/cache.ts,4,2.537620,2026-02-01T15:48:46+07:00,2026-02-08T20:40:36+07:00,0.00
XNOT001@xnotPortfolio,lib/stock.ts,2,1.286405,2026-02-08T20:40:36+07:00,2026-02-08T20:40:36+07:00,0.00
XNOT001@xnotPortfolio,lib/validations/profile.ts,6,3.789956,2026-02-01T18:25:00+07:00,2026-02-08T20:40:36+07:00,0.00
XNOT001@xnotPortfolio,components/FloatingChatButton.tsx,2,1.253104,2026-02-02T01:12:39+07:00,2026-02-02T01:12:39+07:00,0.00
XNOT001@xnotPortfolio,components/NavbarCartButton.tsx,2,1.253104,2026-02-02T01:12:39+07:00,2026-02-02T01:12:39+07:00,0.00
XNOT001@xnotPortfolio,components/ProductGallery.tsx,4,2.456656,2026-01-22T13:45:34+07:00,2026-02-02T01:12:39+07:00,0.00
XNOT001@xnotPortfolio,components/cart/AddToCartButton.tsx,2,1.253104,2026-02-02T01:12:39+07:00,2026-02-02T01:12:39+07:00,0.00
XNOT001@xnotPortfolio,app/dashboard/settings/page.tsx,4,2.455366,2026-01-22T13:45:34+07:00,2026-02-01T18:47:17+07:00,0.00
XNOT001@xnotPortfolio,.agents/skills/agent-browser/SKILL.md,2,1.251738,2026-02-01T18:25:00+07:00,2026-02-01T18:25:00+07:00,0.00
XNOT001@xnotPortfolio,.agents/skills/agent-browser/references/authentication.md,2,1.251738,2026-02-01T18:25:00+07:00,2026-02-01T18:25:00+07:00,0.00
XNOT001@xnotPortfolio,.agents/skills/agent-browser/references/proxy-support.md,2,1.251738,2026-02-01T18:25:00+07:00,2026-02-01T18:25:00+07:00,0.00
XNOT001@xnotPortfolio,.agents/skills/agent-browser/references/session-management.md,2,1.251738,2026-02-01T18:25:00+07:00,2026-02-01T18:25:00+07:00,0.00
XNOT001@xnotPortfolio,.agents/skills/agent-browser/references/snapshot-refs.md,2,1.251738,2026-02-01T18:25:00+07:00,2026-02-01T18:25:00+07:00,0.00
XNOT001@xnotPortfolio,.agents/skills/agent-browser/references/video-recording.md,2,1.251738,2026-02-01T18:25:00+07:00,2026-02-01T18:25:00+07:00,0.00
XNOT001@xnotPortfolio,.agents/skills/agent-browser/templates/authenticated-session.sh,2,1.251738,2026-02-01T18:25:00+07:00,2026-02-01T18:25:00+07:00,0.00
XNOT001@xnotPortfolio,.agents/skills/agent-browser/templates/capture-workflow.sh,2,1.251738,2026-02-01T18:25:00+07:00,2026-02-01T18:25:00+07:00,0.00
XNOT001@xnotPortfolio,.agents/skills/agent-browser/templates/form-automation.sh,2,1.251738,2026-02-01T18:25:00+07:00,2026-02-01T18:25:00+07:00,0.00
XNOT001@xnotPortfolio,.agents/skills/frontend-design/LICENSE.txt,2,1.251738,2026-02-01T18:25:00+07:00,2026-02-01T18:25:00+07:00,0.00
XNOT001@xnotPortfolio,.agents/skills/frontend-design/SKILL.md,2,1.251738,2026-02-01T18:25:00+07:00,2026-02-01T18:25:00+07:00,0.00
XNOT001@xnotPortfolio,.agents/skills/vercel-react-best-practices/AGENTS.md,2,1.251738,2026-02-01T18:25:00+07:00,2026-02-01T18:25:00+07:00,0.00
XNOT001@xnotPortfolio,.agents/skills/vercel-react-best-practices/SKILL.md,2,1.251738,2026-02-01T18:25:00+07:00,2026-02-01T18:25:00+07:00,0.00
XNOT001@xnotPortfolio,.agents/skills/vercel-react-best-practices/rules/advanced-event-handler-refs.md,2,1.251738,2026-02-01T18:25:00+07:00,2026-02-01T18:25:00+07:00,0.00
XNOT001@xnotPortfolio,.agents/skills/vercel-react-best-practices/rules/advanced-init-once.md,2,1.251738,2026-02-01T18:25:00+07:00,2026-02-01T18:25:00+07:00,0.00
XNOT001@xnotPortfolio,.agents/skills/vercel-react-best-practices/rules/advanced-use-latest.md,2,1.251738,2026-02-01T18:25:00+07:00,2026-02-01T18:25:00+07:00,0.00
XNOT001@xnotPortfolio,.agents/skills/vercel-react-best-practices/rules/async-api-routes.md,2,1.251738,2026-02-01T18:25:00+07:00,2026-02-01T18:25:00+07:00,0.00
XNOT001@xnotPortfolio,.agents/skills/vercel-react-best-practices/rules/async-defer-await.md,2,1.251738,2026-02-01T18:25:00+07:00,2026-02-01T18:25:00+07:00,0.00
XNOT001@xnotPortfolio,.agents/skills/vercel-react-best-practices/rules/async-dependencies.md,2,1.251738,2026-02-01T18:25:00+07:00,2026-02-01T18:25:00+07:00,0.00
XNOT001@xnotPortfolio,.agents/skills/vercel-react-best-practices/rules/async-parallel.md,2,1.251738,2026-02-01T18:25:00+07:00,2026-02-01T18:25:00+07:00,0.00
XNOT001@xnotPortfolio,.agents/skills/vercel-react-best-practices/rules/async-suspense-boundaries.md,2,1.251738,2026-02-01T18:25:00+07:00,2026-02-01T18:25:00+07:00,0.00
XNOT001@xnotPortfolio,.agents/skills/vercel-react-best-practices/rules/bundle-barrel-imports.md,2,1.251738,2026-02-01T18:25:00+07:00,2026-02-01T18:25:00+07:00,0.00
XNOT001@xnotPortfolio,.agents/skills/vercel-react-best-practices/rules/bundle-conditional.md,2,1.251738,2026-02-01T18:25:00+07:00,2026-02-01T18:25:00+07:00,0.00
XNOT001@xnotPortfolio,.agents/skills/vercel-react-best-practices/rules/bundle-defer-third-party.md,2,1.251738,2026-02-01T18:25:00+07:00,2026-02-01T18:25:00+07:00,0.00
XNOT001@xnotPortfolio,.agents/skills/vercel-react-best-practices/rules/bundle-dynamic-imports.md,2,1.251738,2026-02-01T18:25:00+07:00,2026-02-01T18:25:00+07:00,0.00
XNOT001@xnotPortfolio,.agents/skills/vercel-react-best-practices/rules/bundle-preload.md,2,1.251738,2026-02-01T18:25:00+07:00,2026-02-01T18:25:00+07:00,0.00
XNOT001@xnotPortfolio,.agents/skills/vercel-react-best-practices/rules/client-event-listeners.md,2,1.251738,2026-02-01T18:25:00+07:00,2026-02-01T18:25:00+07:00,0.00
XNOT001@xnotPortfolio,.agents/skills/vercel-react-best-practices/rules/client-localstorage-schema.md,2,1.251738,2026-02-01T18:25:00+07:00,2026-02-01T18:25:00+07:00,0.00
XNOT001@xnotPortfolio,.agents/skills/vercel-react-best-practices/rules/client-passive-event-listeners.md,2,1.251738,2026-02-01T18:25:00+07:00,2026-02-01T18:25:00+07:00,0.00
XNOT001@xnotPortfolio,.agents/skills/vercel-react-best-practices/rules/client-swr-dedup.md,2,1.251738,2026-02-01T18:25:00+07:00,2026-02-01T18:25:00+07:00,0.00
XNOT001@xnotPortfolio,.agents/skills/vercel-react-best-practices/rules/js-batch-dom-css.md,2,1.251738,2026-02-01T18:25:00+07:00,2026-02-01T18:25:00+07:00,0.00
XNOT001@xnotPortfolio,.agents/skills/vercel-react-best-practices/rules/js-cache-function-results.md,2,1.251738,2026-02-01T18:25:00+07:00,2026-02-01T18:25:00+07:00,0.00
XNOT001@xnotPortfolio,.agents/skills/vercel-react-best-practices/rules/js-cache-property-access.md,2,1.251738,2026-02-01T18:25:00+07:00,2026-02-01T18:25:00+07:00,0.00
XNOT001@xnotPortfolio,.agents/skills/vercel-react-best-practices/rules/js-cache-storage.md,2,1.251738,2026-02-01T18:25:00+07:00,2026-02-01T18:25:00+07:00,0.00
XNOT001@xnotPortfolio,.agents/skills/vercel-react-best-practices/rules/js-combine-iterations.md,2,1.251738,2026-02-01T18:25:00+07:00,2026-02-01T18:25:00+07:00,0.00
XNOT001@xnotPortfolio,.agents/skills/vercel-react-best-practices/rules/js-early-exit.md,2,1.251738,2026-02-01T18:25:00+07:00,2026-02-01T18:25:00+07:00,0.00
XNOT001@xnotPortfolio,.agents/skills/vercel-react-best-practices/rules/js-hoist-regexp.md,2,1.251738,2026-02-01T18:25:00+07:00,2026-02-01T18:25:00+07:00,0.00
XNOT001@xnotPortfolio,.agents/skills/vercel-react-best-practices/rules/js-index-maps.md,2,1.251738,2026-02-01T18:25:00+07:00,2026-02-01T18:25:00+07:00,0.00
XNOT001@xnotPortfolio,.agents/skills/vercel-react-best-practices/rules/js-length-check-first.md,2,1.251738,2026-02-01T18:25:00+07:00,2026-02-01T18:25:00+07:00,0.00
XNOT001@xnotPortfolio,.agents/skills/vercel-react-best-practices/rules/js-min-max-loop.md,2,1.251738,2026-02-01T18:25:00+07:00,2026-02-01T18:25:00+07:00,0.00
XNOT001@xnotPortfolio,.agents/skills/vercel-react-best-practices/rules/js-set-map-lookups.md,2,1.251738,2026-02-01T18:25:00+07:00,2026-02-01T18:25:00+07:00,0.00
XNOT001@xnotPortfolio,.agents/skills/vercel-react-best-practices/rules/js-tosorted-immutable.md,2,1.251738,2026-02-01T18:25:00+07:00,2026-02-01T18:25:00+07:00,0.00
XNOT001@xnotPortfolio,.agents/skills/vercel-react-best-practices/rules/rendering-activity.md,2,1.251738,2026-02-01T18:25:00+07:00,2026-02-01T18:25:00+07:00,0.00
XNOT001@xnotPortfolio,.agents/skills/vercel-react-best-practices/rules/rendering-animate-svg-wrapper.md,2,1.251738,2026-02-01T18:25:00+07:00,2026-02-01T18:25:00+07:00,0.00
XNOT001@xnotPortfolio,.agents/skills/vercel-react-best-practices/rules/rendering-conditional-render.md,2,1.251738,2026-02-01T18:25:00+07:00,2026-02-01T18:25:00+07:00,0.00
XNOT001@xnotPortfolio,.agents/skills/vercel-react-best-practices/rules/rendering-content-visibility.md,2,1.251738,2026-02-01T18:25:00+07:00,2026-02-01T18:25:00+07:00,0.00
XNOT001@xnotPortfolio,.agents/skills/vercel-react-best-practices/rules/rendering-hoist-jsx.md,2,1.251738,2026-02-01T18:25:00+07:00,2026-02-01T18:25:00+07:00,0.00
XNOT001@xnotPortfolio,.agents/skills/vercel-react-best-practices/rules/rendering-hydration-no-flicker.md,2,1.251738,2026-02-01T18:25:00+07:00,2026-02-01T18:25:00+07:00,0.00
XNOT001@xnotPortfolio,.agents/skills/vercel-react-best-practices/rules/rendering-hydration-suppress-warning.md,2,1.251738,2026-02-01T18:25:00+07:00,2026-02-01T18:25:00+07:00,0.00
XNOT001@xnotPortfolio,.agents/skills/vercel-react-best-practices/rules/rendering-svg-precision.md,2,1.251738,2026-02-01T18:25:00+07:00,2026-02-01T18:25:00+07:00,0.00
XNOT001@xnotPortfolio,.agents/skills/vercel-react-best-practices/rules/rendering-usetransition-loading.md,2,1.251738,2026-02-01T18:25:00+07:00,2026-02-01T18:25:00+07:00,0.00
XNOT001@xnotPortfolio,.agents/skills/vercel-react-best-practices/rules/rerender-defer-reads.md,2,1.251738,2026-02-01T18:25:00+07:00,2026-02-01T18:25:00+07:00,0.00
XNOT001@xnotPortfolio,.agents/skills/vercel-react-best-practices/rules/rerender-dependencies.md,2,1.251738,2026-02-01T18:25:00+07:00,2026-02-01T18:25:00+07:00,0.00
XNOT001@xnotPortfolio,.agents/skills/vercel-react-best-practices/rules/rerender-derived-state-no-effect.md,2,1.251738,2026-02-01T18:25:00+07:00,2026-02-01T18:25:00+07:00,0.00
XNOT001@xnotPortfolio,.agents/skills/vercel-react-best-practices/rules/rerender-derived-state.md,2,1.251738,2026-02-01T18:25:00+07:00,2026-02-01T18:25:00+07:00,0.00
XNOT001@xnotPortfolio,.agents/skills/vercel-react-best-practices/rules/rerender-functional-setstate.md,2,1.251738,2026-02-01T18:25:00+07:00,2026-02-01T18:25:00+07:00,0.00
XNOT001@xnotPortfolio,.agents/skills/vercel-react-best-practices/rules/rerender-lazy-state-init.md,2,1.251738,2026-02-01T18:25:00+07:00,2026-02-01T18:25:00+07:00,0.00
XNOT001@xnotPortfolio,.agents/skills/vercel-react-best-practices/rules/rerender-memo-with-default-value.md,2,1.251738,2026-02-01T18:25:00+07:00,2026-02-01T18:25:00+07:00,0.00
XNOT001@xnotPortfolio,.agents/skills/vercel-react-best-practices/rules/rerender-memo.md,2,1.251738,2026-02-01T18:25:00+07:00,2026-02-01T18:25:00+07:00,0.00
XNOT001@xnotPortfolio,.agents/skills/vercel-react-best-practices/rules/rerender-move-effect-to-event.md,2,1.251738,2026-02-01T18:25:00+07:00,2026-02-01T18:25:00+07:00,0.00
XNOT001@xnotPortfolio,.agents/skills/vercel-react-best-practices/rules/rerender-simple-expression-in-memo.md,2,1.251738,2026-02-01T18:25:00+07:00,2026-02-01T18:25:00+07:00,0.00
XNOT001@xnotPortfolio,.agents/skills/vercel-react-best-practices/rules/rerender-transitions.md,2,1.251738,2026-02-01T18:25:00+07:00,2026-02-01T18:25:00+07:00,0.00
XNOT001@xnotPortfolio,.agents/skills/vercel-react-best-practices/rules/rerender-use-ref-transient-values.md,2,1.251738,2026-02-01T18:25:00+07:00,2026-02-01T18:25:00+07:00,0.00
XNOT001@xnotPortfolio,.agents/skills/vercel-react-best-practices/rules/server-after-nonblocking.md,2,1.251738,2026-02-01T18:25:00+07:00,2026-02-01T18:25:00+07:00,0.00
XNOT001@xnotPortfolio,.agents/skills/vercel-react-best-practices/rules/server-auth-actions.md,2,1.251738,2026-02-01T18:25:00+07:00,2026-02-01T18:25:00+07:00,0.00
XNOT001@xnotPortfolio,.agents/skills/vercel-react-best-practices/rules/server-cache-lru.md,2,1.251738,2026-02-01T18:25:00+07:00,2026-02-01T18:25:00+07:00,0.00
XNOT001@xnotPortfolio,.agents/skills/vercel-react-best-practices/rules/server-cache-react.md,2,1.251738,2026-02-01T18:25:00+07:00,2026-02-01T18:25:00+07:00,0.00
XNOT001@xnotPortfolio,.agents/skills/vercel-react-best-practices/rules/server-dedup-props.md,2,1.251738,2026-02-01T18:25:00+07:00,2026-02-01T18:25:00+07:00,0.00
XNOT001@xnotPortfolio,.agents/skills/vercel-react-best-practices/rules/server-parallel-fetching.md,2,1.251738,2026-02-01T18:25:00+07:00,2026-02-01T18:25:00+07:00,0.00
XNOT001@xnotPortfolio,.agents/skills/vercel-react-best-practices/rules/server-serialization.md,2,1.251738,2026-02-01T18:25:00+07:00,2026-02-01T18:25:00+07:00,0.00
XNOT001@xnotPortfolio,.agents/skills/web-design-guidelines/SKILL.md,2,1.251738,2026-02-01T18:25:00+07:00,2026-02-01T18:25:00+07:00,0.00
XNOT001@xnotPortfolio,.cline/skills/agent-browser/SKILL.md,2,1.251738,2026-02-01T18:25:00+07:00,2026-02-01T18:25:00+07:00,0.00
XNOT001@xnotPortfolio,.cline/skills/agent-browser/references/authentication.md,2,1.251738,2026-02-01T18:25:00+07:00,2026-02-01T18:25:00+07:00,0.00
XNOT001@xnotPortfolio,.cline/skills/agent-browser/references/proxy-support.md,2,1.251738,2026-02-01T18:25:00+07:00,2026-02-01T18:25:00+07:00,0.00
XNOT001@xnotPortfolio,.cline/skills/agent-browser/references/session-management.md,2,1.251738,2026-02-01T18:25:00+07:00,2026-02-01T18:25:00+07:00,0.00
XNOT001@xnotPortfolio,.cline/skills/agent-browser/references/snapshot-refs.md,2,1.251738,2026-02-01T18:25:00+07:00,2026-02-01T18:25:00+07:00,0.00
XNOT001@xnotPortfolio,.cline/skills/agent-browser/references/video-recording.md,2,1.251738,2026-02-01T18:25:00+07:00,2026-02-01T18:25:00+07:00,0.00
XNOT001@xnotPortfolio,.cline/skills/agent-browser/templates/authenticated-session.sh,2,1.251738,2026-02-01T18:25:00+07:00,2026-02-01T18:25:00+07:00,0.00
XNOT001@xnotPortfolio,.cline/skills/agent-browser/templates/capture-workflow.sh,2,1.251738,2026-02-01T18:25:00+07:00,2026-02-01T18:25:00+07:00,0.00
XNOT001@xnotPortfolio,.cline/skills/agent-browser/templates/form-automation.sh,2,1.251738,2026-02-01T18:25:00+07:00,2026-02-01T18:25:00+07:00,0.00
XNOT001@xnotPortfolio,.cline/skills/frontend-design/LICENSE.txt,2,1.251738,2026-02-01T18:25:00+07:00,2026-02-01T18:25:00+07:00,0.00
XNOT001@xnotPortfolio,.cline/skills/frontend-design/SKILL.md,2,1.251738,2026-02-01T18:25:00+07:00,2026-02-01T18:25:00+07:00,0.00
XNOT001@xnotPortfolio,.cline/skills/vercel-react-best-practices/AGENTS.md,2,1.251738,2026-02-01T18:25:00+07:00,2026-02-01T18:25:00+07:00,0.00
XNOT001@xnotPortfolio,.cline/skills/vercel-react-best-practices/SKILL.md,2,1.251738,2026-02-01T18:25:00+07:00,2026-02-01T18:25:00+07:00,0.00
XNOT001@xnotPortfolio,.cline/skills/vercel-react-best-practices/rules/advanced-event-handler-refs.md,2,1.251738,2026-02-01T18:25:00+07:00,2026-02-01T18:25:00+07:00,0.00
XNOT001@xnotPortfolio,.cline/skills/vercel-react-best-practices/rules/advanced-init-once.md,2,1.251738,2026-02-01T18:25:00+07:00,2026-02-01T18:25:00+07:00,0.00
XNOT001@xnotPortfolio,.cline/skills/vercel-react-best-practices/rules/advanced-use-latest.md,2,1.251738,2026-02-01T18:25:00+07:00,2026-02-01T18:25:00+07:00,0.00
XNOT001@xnotPortfolio,.cline/skills/vercel-react-best-practices/rules/async-api-routes.md,2,1.251738,2026-02-01T18:25:00+07:00,2026-02-01T18:25:00+07:00,0.00
XNOT001@xnotPortfolio,.cline/skills/vercel-react-best-practices/rules/async-defer-await.md,2,1.251738,2026-02-01T18:25:00+07:00,2026-02-01T18:25:00+07:00,0.00
XNOT001@xnotPortfolio,.cline/skills/vercel-react-best-practices/rules/async-dependencies.md,2,1.251738,2026-02-01T18:25:00+07:00,2026-02-01T18:25:00+07:00,0.00
XNOT001@xnotPortfolio,.cline/skills/vercel-react-best-practices/rules/async-parallel.md,2,1.251738,2026-02-01T18:25:00+07:00,2026-02-01T18:25:00+07:00,0.00
XNOT001@xnotPortfolio,.cline/skills/vercel-react-best-practices/rules/async-suspense-boundaries.md,2,1.251738,2026-02-01T18:25:00+07:00,2026-02-01T18:25:00+07:00,0.00
XNOT001@xnotPortfolio,.cline/skills/vercel-react-best-practices/rules/bundle-barrel-imports.md,2,1.251738,2026-02-01T18:25:00+07:00,2026-02-01T18:25:00+07:00,0.00
XNOT001@xnotPortfolio,.cline/skills/vercel-react-best-practices/rules/bundle-conditional.md,2,1.251738,2026-02-01T18:25:00+07:00,2026-02-01T18:25:00+07:00,0.00
XNOT001@xnotPortfolio,.cline/skills/vercel-react-best-practices/rules/bundle-defer-third-party.md,2,1.251738,2026-02-01T18:25:00+07:00,2026-02-01T18:25:00+07:00,0.00
XNOT001@xnotPortfolio,.cline/skills/vercel-react-best-practices/rules/bundle-dynamic-imports.md,2,1.251738,2026-02-01T18:25:00+07:00,2026-02-01T18:25:00+07:00,0.00
XNOT001@xnotPortfolio,.cline/skills/vercel-react-best-practices/rules/bundle-preload.md,2,1.251738,2026-02-01T18:25:00+07:00,2026-02-01T18:25:00+07:00,0.00
XNOT001@xnotPortfolio,.cline/skills/vercel-react-best-practices/rules/client-event-listeners.md,2,1.251738,2026-02-01T18:25:00+07:00,2026-02-01T18:25:00+07:00,0.00
XNOT001@xnotPortfolio,.cline/skills/vercel-react-best-practices/rules/client-localstorage-schema.md,2,1.251738,2026-02-01T18:25:00+07:00,2026-02-01T18:25:00+07:00,0.00
XNOT001@xnotPortfolio,.cline/skills/vercel-react-best-practices/rules/client-passive-event-listeners.md,2,1.251738,2026-02-01T18:25:00+07:00,2026-02-01T18:25:00+07:00,0.00
XNOT001@xnotPortfolio,.cline/skills/vercel-react-best-practices/rules/client-swr-dedup.md,2,1.251738,2026-02-01T18:25:00+07:00,2026-02-01T18:25:00+07:00,0.00
XNOT001@xnotPortfolio,.cline/skills/vercel-react-best-practices/rules/js-batch-dom-css.md,2,1.251738,2026-02-01T18:25:00+07:00,2026-02-01T18:25:00+07:00,0.00
XNOT001@xnotPortfolio,.cline/skills/vercel-react-best-practices/rules/js-cache-function-results.md,2,1.251738,2026-02-01T18:25:00+07:00,2026-02-01T18:25:00+07:00,0.00
XNOT001@xnotPortfolio,.cline/skills/vercel-react-best-practices/rules/js-cache-property-access.md,2,1.251738,2026-02-01T18:25:00+07:00,2026-02-01T18:25:00+07:00,0.00
XNOT001@xnotPortfolio,.cline/skills/vercel-react-best-practices/rules/js-cache-storage.md,2,1.251738,2026-02-01T18:25:00+07:00,2026-02-01T18:25:00+07:00,0.00
XNOT001@xnotPortfolio,.cline/skills/vercel-react-best-practices/rules/js-combine-iterations.md,2,1.251738,2026-02-01T18:25:00+07:00,2026-02-01T18:25:00+07:00,0.00
XNOT001@xnotPortfolio,.cline/skills/vercel-react-best-practices/rules/js-early-exit.md,2,1.251738,2026-02-01T18:25:00+07:00,2026-02-01T18:25:00+07:00,0.00
XNOT001@xnotPortfolio,.cline/skills/vercel-react-best-practices/rules/js-hoist-regexp.md,2,1.251738,2026-02-01T18:25:00+07:00,2026-02-01T18:25:00+07:00,0.00
XNOT001@xnotPortfolio,.cline/skills/vercel-react-best-practices/rules/js-index-maps.md,2,1.251738,2026-02-01T18:25:00+07:00,2026-02-01T18:25:00+07:00,0.00
XNOT001@xnotPortfolio,.cline/skills/vercel-react-best-practices/rules/js-length-check-first.md,2,1.251738,2026-02-01T18:25:00+07:00,2026-02-01T18:25:00+07:00,0.00
XNOT001@xnotPortfolio,.cline/skills/vercel-react-best-practices/rules/js-min-max-loop.md,2,1.251738,2026-02-01T18:25:00+07:00,2026-02-01T18:25:00+07:00,0.00
XNOT001@xnotPortfolio,.cline/skills/vercel-react-best-practices/rules/js-set-map-lookups.md,2,1.251738,2026-02-01T18:25:00+07:00,2026-02-01T18:25:00+07:00,0.00
XNOT001@xnotPortfolio,.cline/skills/vercel-react-best-practices/rules/js-tosorted-immutable.md,2,1.251738,2026-02-01T18:25:00+07:00,2026-02-01T18:25:00+07:00,0.00
XNOT001@xnotPortfolio,.cline/skills/vercel-react-best-practices/rules/rendering-activity.md,2,1.251738,2026-02-01T18:25:00+07:00,2026-02-01T18:25:00+07:00,0.00
XNOT001@xnotPortfolio,.cline/skills/vercel-react-best-practices/rules/rendering-animate-svg-wrapper.md,2,1.251738,2026-02-01T18:25:00+07:00,2026-02-01T18:25:00+07:00,0.00
XNOT001@xnotPortfolio,.cline/skills/vercel-react-best-practices/rules/rendering-conditional-render.md,2,1.251738,2026-02-01T18:25:00+07:00,2026-02-01T18:25:00+07:00,0.00
XNOT001@xnotPortfolio,.cline/skills/vercel-react-best-practices/rules/rendering-content-visibility.md,2,1.251738,2026-02-01T18:25:00+07:00,2026-02-01T18:25:00+07:00,0.00
XNOT001@xnotPortfolio,.cline/skills/vercel-react-best-practices/rules/rendering-hoist-jsx.md,2,1.251738,2026-02-01T18:25:00+07:00,2026-02-01T18:25:00+07:00,0.00
XNOT001@xnotPortfolio,.cline/skills/vercel-react-best-practices/rules/rendering-hydration-no-flicker.md,2,1.251738,2026-02-01T18:25:00+07:00,2026-02-01T18:25:00+07:00,0.00
XNOT001@xnotPortfolio,.cline/skills/vercel-react-best-practices/rules/rendering-hydration-suppress-warning.md,2,1.251738,2026-02-01T18:25:00+07:00,2026-02-01T18:25:00+07:00,0.00
XNOT001@xnotPortfolio,.cline/skills/vercel-react-best-practices/rules/rendering-svg-precision.md,2,1.251738,2026-02-01T18:25:00+07:00,2026-02-01T18:25:00+07:00,0.00
XNOT001@xnotPortfolio,.cline/skills/vercel-react-best-practices/rules/rendering-usetransition-loading.md,2,1.251738,2026-02-01T18:25:00+07:00,2026-02-01T18:25:00+07:00,0.00
XNOT001@xnotPortfolio,.cline/skills/vercel-react-best-practices/rules/rerender-defer-reads.md,2,1.251738,2026-02-01T18:25:00+07:00,2026-02-01T18:25:00+07:00,0.00
XNOT001@xnotPortfolio,.cline/skills/vercel-react-best-practices/rules/rerender-dependencies.md,2,1.251738,2026-02-01T18:25:00+07:00,2026-02-01T18:25:00+07:00,0.00
XNOT001@xnotPortfolio,.cline/skills/vercel-react-best-practices/rules/rerender-derived-state-no-effect.md,2,1.251738,2026-02-01T18:25:00+07:00,2026-02-01T18:25:00+07:00,0.00
XNOT001@xnotPortfolio,.cline/skills/vercel-react-best-practices/rules/rerender-derived-state.md,2,1.251738,2026-02-01T18:25:00+07:00,2026-02-01T18:25:00+07:00,0.00
XNOT001@xnotPortfolio,.cline/skills/vercel-react-best-practices/rules/rerender-functional-setstate.md,2,1.251738,2026-02-01T18:25:00+07:00,2026-02-01T18:25:00+07:00,0.00
XNOT001@xnotPortfolio,.cline/skills/vercel-react-best-practices/rules/rerender-lazy-state-init.md,2,1.251738,2026-02-01T18:25:00+07:00,2026-02-01T18:25:00+07:00,0.00
XNOT001@xnotPortfolio,.cline/skills/vercel-react-best-practices/rules/rerender-memo-with-default-value.md,2,1.251738,2026-02-01T18:25:00+07:00,2026-02-01T18:25:00+07:00,0.00
XNOT001@xnotPortfolio,.cline/skills/vercel-react-best-practices/rules/rerender-memo.md,2,1.251738,2026-02-01T18:25:00+07:00,2026-02-01T18:25:00+07:00,0.00
XNOT001@xnotPortfolio,.cline/skills/vercel-react-best-practices/rules/rerender-move-effect-to-event.md,2,1.251738,2026-02-01T18:25:00+07:00,2026-02-01T18:25:00+07:00,0.00
XNOT001@xnotPortfolio,.cline/skills/vercel-react-best-practices/rules/rerender-simple-expression-in-memo.md,2,1.251738,2026-02-01T18:25:00+07:00,2026-02-01T18:25:00+07:00,0.00
XNOT001@xnotPortfolio,.cline/skills/vercel-react-best-practices/rules/rerender-transitions.md,2,1.251738,2026-02-01T18:25:00+07:00,2026-02-01T18:25:00+07:00,0.00
XNOT001@xnotPortfolio,.cline/skills/vercel-react-best-practices/rules/rerender-use-ref-transient-values.md,2,1.251738,2026-02-01T18:25:00+07:00,2026-02-01T18:25:00+07:00,0.00
XNOT001@xnotPortfolio,.cline/skills/vercel-react-best-practices/rules/server-after-nonblocking.md,2,1.251738,2026-02-01T18:25:00+07:00,2026-02-01T18:25:00+07:00,0.00
XNOT001@xnotPortfolio,.cline/skills/vercel-react-best-practices/rules/server-auth-actions.md,2,1.251738,2026-02-01T18:25:00+07:00,2026-02-01T18:25:00+07:00,0.00
XNOT001@xnotPortfolio,.cline/skills/vercel-react-best-practices/rules/server-cache-lru.md,2,1.251738,2026-02-01T18:25:00+07:00,2026-02-01T18:25:00+07:00,0.00
XNOT001@xnotPortfolio,.cline/skills/vercel-react-best-practices/rules/server-cache-react.md,2,1.251738,2026-02-01T18:25:00+07:00,2026-02-01T18:25:00+07:00,0.00
XNOT001@xnotPortfolio,.cline/skills/vercel-react-best-practices/rules/server-dedup-props.md,2,1.251738,2026-02-01T18:25:00+07:00,2026-02-01T18:25:00+07:00,0.00
XNOT001@xnotPortfolio,.cline/skills/vercel-react-best-practices/rules/server-parallel-fetching.md,2,1.251738,2026-02-01T18:25:00+07:00,2026-02-01T18:25:00+07:00,0.00
XNOT001@xnotPortfolio,.cline/skills/vercel-react-best-practices/rules/server-serialization.md,2,1.251738,2026-02-01T18:25:00+07:00,2026-02-01T18:25:00+07:00,0.00
XNOT001@xnotPortfolio,.cline/skills/web-design-guidelines/SKILL.md,2,1.251738,2026-02-01T18:25:00+07:00,2026-02-01T18:25:00+07:00,0.00
XNOT001@xnotPortfolio,components/ProductCardSkeleton.tsx,4,2.455291,2026-01-22T13:45:34+07:00,2026-02-01T18:25:00+07:00,0.00
XNOT001@xnotPortfolio,components/ui/resizable.tsx,4,2.455291,2026-01-22T13:45:34+07:00,2026-02-01T18:25:00+07:00,0.00
XNOT001@xnotPortfolio,middleware.ts,4,2.455291,2026-01-22T13:45:34+07:00,2026-02-01T18:25:00+07:00,4.00
XNOT001@xnotPortfolio,.agent/workflows/git-push.md,2,1.251215,2026-02-01T15:48:46+07:00,2026-02-01T15:48:46+07:00,0.00
XNOT001@xnotPortfolio,lib/redis.ts,2,1.251215,2026-02-01T15:48:46+07:00,2026-02-01T15:48:46+07:00,0.00
XNOT001@xnotPortfolio,app/admin/help/page.tsx,2,1.251049,2026-02-01T14:59:03+07:00,2026-02-01T14:59:03+07:00,0.00
XNOT001@xnotPortfolio,app/api/csrf/route.ts,2,1.203553,2026-01-22T13:45:34+07:00,2026-01-22T13:45:34+07:00,2.00
XNOT001@xnotPortfolio,app/api/session/route.ts,2,1.203553,2026-01-22T13:45:34+07:00,2026-01-22T13:45:34+07:00,1.60
XNOT001@xnotPortfolio,app/loading.tsx,2,1.203553,2026-01-22T13:45:34+07:00,2026-01-22T13:45:34+07:00,0.00
XNOT001@xnotPortfolio,components.json,2,1.203553,2026-01-22T13:45:34+07:00,2026-01-22T13:45:34+07:00,0.00
XNOT001@xnotPortfolio,components/DynamicFavicon.tsx,2,1.203553,2026-01-22T13:45:34+07:00,2026-01-22T13:45:34+07:00,0.00
XNOT001@xnotPortfolio,components/LogoutButton.tsx,2,1.203553,2026-01-22T13:45:34+07:00,2026-01-22T13:45:34+07:00,0.00
XNOT001@xnotPortfolio,components/ThemeToggle.tsx,2,1.203553,2026-01-22T13:45:34+07:00,2026-01-22T13:45:34+07:00,0.00
XNOT001@xnotPortfolio,components/admin/Overview.tsx,2,1.203553,2026-01-22T13:45:34+07:00,2026-01-22T13:45:34+07:00,0.00
XNOT001@xnotPortfolio,components/providers/ThemeProvider.tsx,2,1.203553,2026-01-22T13:45:34+07:00,2026-01-22T13:45:34+07:00,0.00
XNOT001@xnotPortfolio,components/ui/accordion.tsx,2,1.203553,2026-01-22T13:45:34+07:00,2026-01-22T13:45:34+07:00,0.00
XNOT001@xnotPortfolio,components/ui/alert-dialog.tsx,2,1.203553,2026-01-22T13:45:34+07:00,2026-01-22T13:45:34+07:00,0.00
XNOT001@xnotPortfolio,components/ui/alert.tsx,2,1.203553,2026-01-22T13:45:34+07:00,2026-01-22T13:45:34+07:00,0.00
XNOT001@xnotPortfolio,components/ui/aspect-ratio.tsx,2,1.203553,2026-01-22T13:45:34+07:00,2026-01-22T13:45:34+07:00,0.00
XNOT001@xnotPortfolio,components/ui/avatar.tsx,2,1.203553,2026-01-22T13:45:34+07:00,2026-01-22T13:45:34+07:00,0.00
XNOT001@xnotPortfolio,components/ui/badge.tsx,2,1.203553,2026-01-22T13:45:34+07:00,2026-01-22T13:45:34+07:00,0.00
XNOT001@xnotPortfolio,components/ui/breadcrumb.tsx,2,1.203553,2026-01-22T13:45:34+07:00,2026-01-22T13:45:34+07:00,0.00
XNOT001@xnotPortfolio,components/ui/button-group.tsx,2,1.203553,2026-01-22T13:45:34+07:00,2026-01-22T13:45:34+07:00,0.00
XNOT001@xnotPortfolio,components/ui/calendar.tsx,2,1.203553,2026-01-22T13:45:34+07:00,2026-01-22T13:45:34+07:00,0.00
XNOT001@xnotPortfolio,components/ui/card.tsx,2,1.203553,2026-01-22T13:45:34+07:00,2026-01-22T13:45:34+07:00,0.00
XNOT001@xnotPortfolio,components/ui/carousel.tsx,2,1.203553,2026-01-22T13:45:34+07:00,2026-01-22T13:45:34+07:00,0.00
XNOT001@xnotPortfolio,components/ui/chart.tsx,2,1.203553,2026-01-22T13:45:34+07:00,2026-01-22T13:45:34+07:00,0.00
XNOT001@xnotPortfolio,components/ui/checkbox.tsx,2,1.203553,2026-01-22T13:45:34+07:00,2026-01-22T13:45:34+07:00,0.00
XNOT001@xnotPortfolio,components/ui/collapsible.tsx,2,1.203553,2026-01-22T13:45:34+07:00,2026-01-22T13:45:34+07:00,0.00
XNOT001@xnotPortfolio,components/ui/command.tsx,2,1.203553,2026-01-22T13:45:34+07:00,2026-01-22T13:45:34+07:00,0.00
XNOT001@xnotPortfolio,components/ui/context-menu.tsx,2,1.203553,2026-01-22T13:45:34+07:00,2026-01-22T13:45:34+07:00,0.00
XNOT001@xnotPortfolio,components/ui/dialog.tsx,2,1.203553,2026-01-22T13:45:34+07:00,2026-01-22T13:45:34+07:00,0.00
XNOT001@xnotPortfolio,components/ui/drawer.tsx,2,1.203553,2026-01-22T13:45:34+07:00,2026-01-22T13:45:34+07:00,0.00
XNOT001@xnotPortfolio,components/ui/dropdown-menu.tsx,2,1.203553,2026-01-22T13:45:34+07:00,2026-01-22T13:45:34+07:00,0.00
XNOT001@xnotPortfolio,components/ui/empty.tsx,2,1.203553,2026-01-22T13:45:34+07:00,2026-01-22T13:45:34+07:00,0.00
XNOT001@xnotPortfolio,components/ui/field.tsx,2,1.203553,2026-01-22T13:45:34+07:00,2026-01-22T13:45:34+07:00,0.00
XNOT001@xnotPortfolio,components/ui/form.tsx,2,1.203553,2026-01-22T13:45:34+07:00,2026-01-22T13:45:34+07:00,0.00
XNOT001@xnotPortfolio,components/ui/hover-card.tsx,2,1.203553,2026-01-22T13:45:34+07:00,2026-01-22T13:45:34+07:00,0.00
XNOT001@xnotPortfolio,components/ui/input-group.tsx,2,1.203553,2026-01-22T13:45:34+07:00,2026-01-22T13:45:34+07:00,0.00
XNOT001@xnotPortfolio,components/ui/input-otp.tsx,2,1.203553,2026-01-22T13:45:34+07:00,2026-01-22T13:45:34+07:00,0.00
XNOT001@xnotPortfolio,components/ui/input.tsx,2,1.203553,2026-01-22T13:45:34+07:00,2026-01-22T13:45:34+07:00,0.00
XNOT001@xnotPortfolio,components/ui/item.tsx,2,1.203553,2026-01-22T13:45:34+07:00,2026-01-22T13:45:34+07:00,0.00
XNOT001@xnotPortfolio,components/ui/kbd.tsx,2,1.203553,2026-01-22T13:45:34+07:00,2026-01-22T13:45:34+07:00,0.00
XNOT001@xnotPortfolio,components/ui/label.tsx,2,1.203553,2026-01-22T13:45:34+07:00,2026-01-22T13:45:34+07:00,0.00
XNOT001@xnotPortfolio,components/ui/menubar.tsx,2,1.203553,2026-01-22T13:45:34+07:00,2026-01-22T13:45:34+07:00,0.00
XNOT001@xnotPortfolio,components/ui/navigation-menu.tsx,2,1.203553,2026-01-22T13:45:34+07:00,2026-01-22T13:45:34+07:00,0.00
XNOT001@xnotPortfolio,components/ui/pagination.tsx,2,1.203553,2026-01-22T13:45:34+07:00,2026-01-22T13:45:34+07:00,0.00
XNOT001@xnotPortfolio,components/ui/popover.tsx,2,1.203553,2026-01-22T13:45:34+07:00,2026-01-22T13:45:34+07:00,0.00
XNOT001@xnotPortfolio,components/ui/progress.tsx,2,1.203553,2026-01-22T13:45:34+07:00,2026-01-22T13:45:34+07:00,0.00
XNOT001@xnotPortfolio,components/ui/radio-group.tsx,2,1.203553,2026-01-22T13:45:34+07:00,2026-01-22T13:45:34+07:00,0.00
XNOT001@xnotPortfolio,components/ui/scroll-area.tsx,2,1.203553,2026-01-22T13:45:34+07:00,2026-01-22T13:45:34+07:00,0.00
XNOT001@xnotPortfolio,components/ui/select.tsx,2,1.203553,2026-01-22T13:45:34+07:00,2026-01-22T13:45:34+07:00,0.00
XNOT001@xnotPortfolio,components/ui/separator.tsx,2,1.203553,2026-01-22T13:45:34+07:00,2026-01-22T13:45:34+07:00,0.00
XNOT001@xnotPortfolio,components/ui/sheet.tsx,2,1.203553,2026-01-22T13:45:34+07:00,2026-01-22T13:45:34+07:00,0.00
XNOT001@xnotPortfolio,components/ui/skeleton.tsx,2,1.203553,2026-01-22T13:45:34+07:00,2026-01-22T13:45:34+07:00,0.00
XNOT001@xnotPortfolio,components/ui/slider.tsx,2,1.203553,2026-01-22T13:45:34+07:00,2026-01-22T13:45:34+07:00,0.00
XNOT001@xnotPortfolio,components/ui/spinner.tsx,2,1.203553,2026-01-22T13:45:34+07:00,2026-01-22T13:45:34+07:00,0.00
XNOT001@xnotPortfolio,components/ui/switch.tsx,2,1.203553,2026-01-22T13:45:34+07:00,2026-01-22T13:45:34+07:00,0.00
XNOT001@xnotPortfolio,components/ui/table.tsx,2,1.203553,2026-01-22T13:45:34+07:00,2026-01-22T13:45:34+07:00,0.00
XNOT001@xnotPortfolio,components/ui/tabs.tsx,2,1.203553,2026-01-22T13:45:34+07:00,2026-01-22T13:45:34+07:00,0.00
XNOT001@xnotPortfolio,components/ui/textarea.tsx,2,1.203553,2026-01-22T13:45:34+07:00,2026-01-22T13:45:34+07:00,0.00
XNOT001@xnotPortfolio,components/ui/toggle-group.tsx,2,1.203553,2026-01-22T13:45:34+07:00,2026-01-22T13:45:34+07:00,0.00
XNOT001@xnotPortfolio,components/ui/toggle.tsx,2,1.203553,2026-01-22T13:45:34+07:00,2026-01-22T13:45:34+07:00,0.00
XNOT001@xnotPortfolio,components/ui/tooltip.tsx,2,1.203553,2026-01-22T13:45:34+07:00,2026-01-22T13:45:34+07:00,0.00
XNOT001@xnotPortfolio,hooks/use-mobile.ts,2,1.203553,2026-01-22T13:45:34+07:00,2026-01-22T13:45:34+07:00,0.00
XNOT001@xnotPortfolio,hooks/useCsrfToken.ts,2,1.203553,2026-01-22T13:45:34+07:00,2026-01-22T13:45:34+07:00,0.00
XNOT001@xnotPortfolio,lib/apiSecurity.ts,2,1.203553,2026-01-22T13:45:34+07:00,2026-01-22T13:45:34+07:00,0.00
XNOT001@xnotPortfolio,lib/csrf.ts,2,1.203553,2026-01-22T13:45:34+07:00,2026-01-22T13:45:34+07:00,2.00
XNOT001@xnotPortfolio,lib/dataProtection.ts,2,1.203553,2026-01-22T13:45:34+07:00,2026-01-22T13:45:34+07:00,0.00
XNOT001@xnotPortfolio,lib/permissions.ts,2,1.203553,2026-01-22T13:45:34+07:00,2026-01-22T13:45:34+07:00,2.00
XNOT001@xnotPortfolio,lib/rateLimit.ts,2,1.203553,2026-01-22T13:45:34+07:00,2026-01-22T13:45:34+07:00,0.00
XNOT001@xnotPortfolio,lib/sanitize.ts,2,1.203553,2026-01-22T13:45:34+07:00,2026-01-22T13:45:34+07:00,0.00
XNOT001@xnotPortfolio,lib/utils.ts,2,1.203553,2026-01-22T13:45:34+07:00,2026-01-22T13:45:34+07:00,0.00
XNOT001@xnotPortfolio,types/index.ts,2,1.203553,2026-01-22T13:45:34+07:00,2026-01-22T13:45:34+07:00,0.00
XNOT001@xnotPortfolio,README.md,1,0.590108,2026-01-17T11:43:30+07:00,2026-01-17T11:43:30+07:00,0.00
XNOT001@xnotPortfolio,app/favicon.ico,1,0.590108,2026-01-17T11:43:30+07:00,2026-01-17T11:43:30+07:00,0.00
XNOT001@xnotPortfolio,eslint.config.mjs,1,0.590108,2026-01-17T11:43:30+07:00,2026-01-17T11:43:30+07:00,0.00
XNOT001@xnotPortfolio,postcss.config.mjs,1,0.590108,2026-01-17T11:43:30+07:00,2026-01-17T11:43:30+07:00,0.00
XNOT001@xnotPortfolio,public/file.svg,1,0.590108,2026-01-17T11:43:30+07:00,2026-01-17T11:43:30+07:00,0.00
XNOT001@xnotPortfolio,public/globe.svg,1,0.590108,2026-01-17T11:43:30+07:00,2026-01-17T11:43:30+07:00,0.00
XNOT001@xnotPortfolio,public/next.svg,1,0.590108,2026-01-17T11:43:30+07:00,2026-01-17T11:43:30+07:00,0.00
XNOT001@xnotPortfolio,public/vercel.svg,1,0.590108,2026-01-17T11:43:30+07:00,2026-01-17T11:43:30+07:00,0.00
XNOT001@xnotPortfolio,public/window.svg,1,0.590108,2026-01-17T11:43:30+07:00,2026-01-17T11:43:30+07:00,0.00
