file_id,path,first_seen,last_seen,commit_count,touches,bus_factor,sensitivity_score,sensitivity_tags
.agent/skills/next-best-practices/SKILL.md,.agent/skills/next-best-practices/SKILL.md,2026-02-23T22:14:30+07:00,2026-04-26T16:31:35+07:00,3,3,2,0.00,
.agent/skills/next-best-practices/async-patterns.md,.agent/skills/next-best-practices/async-patterns.md,2026-02-23T22:14:30+07:00,2026-04-26T16:31:35+07:00,3,3,2,0.00,
.agent/skills/next-best-practices/bundling.md,.agent/skills/next-best-practices/bundling.md,2026-02-23T22:14:30+07:00,2026-04-26T16:31:35+07:00,3,3,2,0.00,
.agent/skills/next-best-practices/data-patterns.md,.agent/skills/next-best-practices/data-patterns.md,2026-02-23T22:14:30+07:00,2026-04-26T16:31:35+07:00,3,3,2,0.00,
.agent/skills/next-best-practices/debug-tricks.md,.agent/skills/next-best-practices/debug-tricks.md,2026-02-23T22:14:30+07:00,2026-04-26T16:31:35+07:00,3,3,2,0.00,
.agent/skills/next-best-practices/directives.md,.agent/skills/next-best-practices/directives.md,2026-02-23T22:14:30+07:00,2026-04-26T16:31:35+07:00,3,3,2,0.00,
.agent/skills/next-best-practices/error-handling.md,.agent/skills/next-best-practices/error-handling.md,2026-02-23T22:14:30+07:00,2026-04-26T16:31:35+07:00,3,3,2,0.00,
.agent/skills/next-best-practices/file-conventions.md,.agent/skills/next-best-practices/file-conventions.md,2026-02-23T22:14:30+07:00,2026-04-26T16:31:35+07:00,3,3,2,0.00,
.agent/skills/next-best-practices/font.md,.agent/skills/next-best-practices/font.md,2026-02-23T22:14:30+07:00,2026-04-26T16:31:35+07:00,3,3,2,0.00,
.agent/skills/next-best-practices/functions.md,.agent/skills/next-best-practices/functions.md,2026-02-23T22:14:30+07:00,2026-04-26T16:31:35+07:00,3,3,2,0.00,
.agent/skills/next-best-practices/hydration-error.md,.agent/skills/next-best-practices/hydration-error.md,2026-02-23T22:14:30+07:00,2026-04-26T16:31:35+07:00,3,3,2,0.00,
.agent/skills/next-best-practices/image.md,.agent/skills/next-best-practices/image.md,2026-02-23T22:14:30+07:00,2026-04-26T16:31:35+07:00,3,3,2,0.00,
.agent/skills/next-best-practices/metadata.md,.agent/skills/next-best-practices/metadata.md,2026-02-23T22:14:30+07:00,2026-04-26T16:31:35+07:00,3,3,2,0.00,
.agent/skills/next-best-practices/parallel-routes.md,.agent/skills/next-best-practices/parallel-routes.md,2026-02-23T22:14:30+07:00,2026-04-26T16:31:35+07:00,3,3,2,0.00,
.agent/skills/next-best-practices/route-handlers.md,.agent/skills/next-best-practices/route-handlers.md,2026-02-23T22:14:30+07:00,2026-04-26T16:31:35+07:00,3,3,2,0.00,
.agent/skills/next-best-practices/rsc-boundaries.md,.agent/skills/next-best-practices/rsc-boundaries.md,2026-02-23T22:14:30+07:00,2026-04-26T16:31:35+07:00,3,3,2,0.00,
.agent/skills/next-best-practices/runtime-selection.md,.agent/skills/next-best-practices/runtime-selection.md,2026-02-23T22:14:30+07:00,2026-04-26T16:31:35+07:00,3,3,2,0.00,
.agent/skills/next-best-practices/scripts.md,.agent/skills/next-best-practices/scripts.md,2026-02-23T22:14:30+07:00,2026-04-26T16:31:35+07:00,3,3,2,0.00,
.agent/skills/next-best-practices/self-hosting.md,.agent/skills/next-best-practices/self-hosting.md,2026-02-23T22:14:30+07:00,2026-04-26T16:31:35+07:00,3,3,2,0.00,
.agent/skills/next-best-practices/suspense-boundaries.md,.agent/skills/next-best-practices/suspense-boundaries.md,2026-02-23T22:14:30+07:00,2026-04-26T16:31:35+07:00,3,3,2,0.00,
.agent/skills/sql-code-review/SKILL.md,.agent/skills/sql-code-review/SKILL.md,2026-03-10T00:02:29+07:00,2026-04-26T16:31:35+07:00,2,2,1,0.00,
.agent/skills/sql-optimization/SKILL.md,.agent/skills/sql-optimization/SKILL.md,2026-03-10T00:02:29+07:00,2026-04-26T16:31:35+07:00,2,2,1,0.00,
.agent/workflows/git-push.md,.agent/workflows/git-push.md,2026-02-01T15:48:46+07:00,2026-04-26T16:31:35+07:00,3,3,2,0.00,
.agents/AGENTS.md,.agents/AGENTS.md,2026-04-26T16:31:35+07:00,2026-04-26T16:31:35+07:00,1,1,1,0.00,
.agents/skills-lock.json,.agents/skills-lock.json,2026-03-18T12:01:52+07:00,2026-03-18T12:01:52+07:00,1,1,1,0.00,
.agents/skills/AGENTS.md,.agents/skills/AGENTS.md,2026-04-26T16:31:35+07:00,2026-04-26T16:31:35+07:00,1,1,1,0.00,
.agents/skills/agent-browser/AGENTS.md,.agents/skills/agent-browser/AGENTS.md,2026-04-26T16:31:35+07:00,2026-04-26T16:31:35+07:00,1,1,1,0.00,
.agents/skills/agent-browser/SKILL.md,.agents/skills/agent-browser/SKILL.md,2026-02-01T18:25:00+07:00,2026-02-01T18:25:00+07:00,2,2,1,0.00,
.agents/skills/agent-browser/references/AGENTS.md,.agents/skills/agent-browser/references/AGENTS.md,2026-04-26T16:31:35+07:00,2026-04-26T16:31:35+07:00,1,1,1,0.00,
.agents/skills/agent-browser/references/authentication.md,.agents/skills/agent-browser/references/authentication.md,2026-02-01T18:25:00+07:00,2026-02-01T18:25:00+07:00,2,2,1,0.00,
.agents/skills/agent-browser/references/proxy-support.md,.agents/skills/agent-browser/references/proxy-support.md,2026-02-01T18:25:00+07:00,2026-02-01T18:25:00+07:00,2,2,1,0.00,
.agents/skills/agent-browser/references/session-management.md,.agents/skills/agent-browser/references/session-management.md,2026-02-01T18:25:00+07:00,2026-02-01T18:25:00+07:00,2,2,1,0.00,
.agents/skills/agent-browser/references/snapshot-refs.md,.agents/skills/agent-browser/references/snapshot-refs.md,2026-02-01T18:25:00+07:00,2026-02-01T18:25:00+07:00,2,2,1,0.00,
.agents/skills/agent-browser/references/video-recording.md,.agents/skills/agent-browser/references/video-recording.md,2026-02-01T18:25:00+07:00,2026-02-01T18:25:00+07:00,2,2,1,0.00,
.agents/skills/agent-browser/templates/AGENTS.md,.agents/skills/agent-browser/templates/AGENTS.md,2026-04-26T16:31:35+07:00,2026-04-26T16:31:35+07:00,1,1,1,0.00,
.agents/skills/agent-browser/templates/authenticated-session.sh,.agents/skills/agent-browser/templates/authenticated-session.sh,2026-02-01T18:25:00+07:00,2026-02-01T18:25:00+07:00,2,2,1,0.00,
.agents/skills/agent-browser/templates/capture-workflow.sh,.agents/skills/agent-browser/templates/capture-workflow.sh,2026-02-01T18:25:00+07:00,2026-02-01T18:25:00+07:00,2,2,1,0.00,
.agents/skills/agent-browser/templates/form-automation.sh,.agents/skills/agent-browser/templates/form-automation.sh,2026-02-01T18:25:00+07:00,2026-02-01T18:25:00+07:00,2,2,1,0.00,
.agents/skills/frontend-design/AGENTS.md,.agents/skills/frontend-design/AGENTS.md,2026-04-26T16:31:35+07:00,2026-04-26T16:31:35+07:00,1,1,1,0.00,
.agents/skills/frontend-design/LICENSE.txt,.agents/skills/frontend-design/LICENSE.txt,2026-02-01T18:25:00+07:00,2026-02-01T18:25:00+07:00,2,2,1,0.00,
.agents/skills/frontend-design/SKILL.md,.agents/skills/frontend-design/SKILL.md,2026-02-01T18:25:00+07:00,2026-02-01T18:25:00+07:00,2,2,1,0.00,
.agents/skills/next-best-practices/AGENTS.md,.agents/skills/next-best-practices/AGENTS.md,2026-04-26T16:31:35+07:00,2026-04-26T16:31:35+07:00,1,1,1,0.00,
.agents/skills/next-best-practices/SKILL.md,.agents/skills/next-best-practices/SKILL.md,2026-02-23T22:14:30+07:00,2026-02-23T22:14:30+07:00,2,2,1,0.00,
.agents/skills/next-best-practices/async-patterns.md,.agents/skills/next-best-practices/async-patterns.md,2026-02-23T22:14:30+07:00,2026-02-23T22:14:30+07:00,2,2,1,0.00,
.agents/skills/next-best-practices/bundling.md,.agents/skills/next-best-practices/bundling.md,2026-02-23T22:14:30+07:00,2026-02-23T22:14:30+07:00,2,2,1,0.00,
.agents/skills/next-best-practices/data-patterns.md,.agents/skills/next-best-practices/data-patterns.md,2026-02-23T22:14:30+07:00,2026-02-23T22:14:30+07:00,2,2,1,0.00,
.agents/skills/next-best-practices/debug-tricks.md,.agents/skills/next-best-practices/debug-tricks.md,2026-02-23T22:14:30+07:00,2026-02-23T22:14:30+07:00,2,2,1,0.00,
.agents/skills/next-best-practices/directives.md,.agents/skills/next-best-practices/directives.md,2026-02-23T22:14:30+07:00,2026-02-23T22:14:30+07:00,2,2,1,0.00,
.agents/skills/next-best-practices/error-handling.md,.agents/skills/next-best-practices/error-handling.md,2026-02-23T22:14:30+07:00,2026-02-23T22:14:30+07:00,2,2,1,0.00,
.agents/skills/next-best-practices/file-conventions.md,.agents/skills/next-best-practices/file-conventions.md,2026-02-23T22:14:30+07:00,2026-02-23T22:14:30+07:00,2,2,1,0.00,
.agents/skills/next-best-practices/font.md,.agents/skills/next-best-practices/font.md,2026-02-23T22:14:30+07:00,2026-02-23T22:14:30+07:00,2,2,1,0.00,
.agents/skills/next-best-practices/functions.md,.agents/skills/next-best-practices/functions.md,2026-02-23T22:14:30+07:00,2026-02-23T22:14:30+07:00,2,2,1,0.00,
.agents/skills/next-best-practices/hydration-error.md,.agents/skills/next-best-practices/hydration-error.md,2026-02-23T22:14:30+07:00,2026-02-23T22:14:30+07:00,2,2,1,0.00,
.agents/skills/next-best-practices/image.md,.agents/skills/next-best-practices/image.md,2026-02-23T22:14:30+07:00,2026-02-23T22:14:30+07:00,2,2,1,0.00,
.agents/skills/next-best-practices/metadata.md,.agents/skills/next-best-practices/metadata.md,2026-02-23T22:14:30+07:00,2026-02-23T22:14:30+07:00,2,2,1,0.00,
.agents/skills/next-best-practices/parallel-routes.md,.agents/skills/next-best-practices/parallel-routes.md,2026-02-23T22:14:30+07:00,2026-02-23T22:14:30+07:00,2,2,1,0.00,
.agents/skills/next-best-practices/route-handlers.md,.agents/skills/next-best-practices/route-handlers.md,2026-02-23T22:14:30+07:00,2026-02-23T22:14:30+07:00,2,2,1,0.00,
.agents/skills/next-best-practices/rsc-boundaries.md,.agents/skills/next-best-practices/rsc-boundaries.md,2026-02-23T22:14:30+07:00,2026-02-23T22:14:30+07:00,2,2,1,0.00,
.agents/skills/next-best-practices/runtime-selection.md,.agents/skills/next-best-practices/runtime-selection.md,2026-02-23T22:14:30+07:00,2026-02-23T22:14:30+07:00,2,2,1,0.00,
.agents/skills/next-best-practices/scripts.md,.agents/skills/next-best-practices/scripts.md,2026-02-23T22:14:30+07:00,2026-02-23T22:14:30+07:00,2,2,1,0.00,
.agents/skills/next-best-practices/self-hosting.md,.agents/skills/next-best-practices/self-hosting.md,2026-02-23T22:14:30+07:00,2026-02-23T22:14:30+07:00,2,2,1,0.00,
.agents/skills/next-best-practices/suspense-boundaries.md,.agents/skills/next-best-practices/suspense-boundaries.md,2026-02-23T22:14:30+07:00,2026-02-23T22:14:30+07:00,2,2,1,0.00,
.agents/skills/sql-code-review/AGENTS.md,.agents/skills/sql-code-review/AGENTS.md,2026-04-26T16:31:35+07:00,2026-04-26T16:31:35+07:00,1,1,1,0.00,
.agents/skills/sql-code-review/SKILL.md,.agents/skills/sql-code-review/SKILL.md,2026-03-10T00:02:29+07:00,2026-03-10T00:02:29+07:00,1,1,1,0.00,
.agents/skills/sql-optimization/AGENTS.md,.agents/skills/sql-optimization/AGENTS.md,2026-04-26T16:31:35+07:00,2026-04-26T16:31:35+07:00,1,1,1,0.00,
.agents/skills/sql-optimization/SKILL.md,.agents/skills/sql-optimization/SKILL.md,2026-03-10T00:02:29+07:00,2026-03-10T00:02:29+07:00,1,1,1,0.00,
.agents/skills/vercel-react-best-practices/AGENTS.md,.agents/skills/vercel-react-best-practices/AGENTS.md,2026-02-01T18:25:00+07:00,2026-04-26T16:31:35+07:00,3,3,2,0.00,
.agents/skills/vercel-react-best-practices/SKILL.md,.agents/skills/vercel-react-best-practices/SKILL.md,2026-02-01T18:25:00+07:00,2026-02-01T18:25:00+07:00,2,2,1,0.00,
.agents/skills/vercel-react-best-practices/rules/AGENTS.md,.agents/skills/vercel-react-best-practices/rules/AGENTS.md,2026-04-26T16:31:35+07:00,2026-04-26T16:31:35+07:00,1,1,1,0.00,
.agents/skills/vercel-react-best-practices/rules/advanced-event-handler-refs.md,.agents/skills/vercel-react-best-practices/rules/advanced-event-handler-refs.md,2026-02-01T18:25:00+07:00,2026-02-01T18:25:00+07:00,2,2,1,0.00,
.agents/skills/vercel-react-best-practices/rules/advanced-init-once.md,.agents/skills/vercel-react-best-practices/rules/advanced-init-once.md,2026-02-01T18:25:00+07:00,2026-02-01T18:25:00+07:00,2,2,1,0.00,
.agents/skills/vercel-react-best-practices/rules/advanced-use-latest.md,.agents/skills/vercel-react-best-practices/rules/advanced-use-latest.md,2026-02-01T18:25:00+07:00,2026-02-01T18:25:00+07:00,2,2,1,0.00,
.agents/skills/vercel-react-best-practices/rules/async-api-routes.md,.agents/skills/vercel-react-best-practices/rules/async-api-routes.md,2026-02-01T18:25:00+07:00,2026-02-01T18:25:00+07:00,2,2,1,0.00,
.agents/skills/vercel-react-best-practices/rules/async-defer-await.md,.agents/skills/vercel-react-best-practices/rules/async-defer-await.md,2026-02-01T18:25:00+07:00,2026-02-01T18:25:00+07:00,2,2,1,0.00,
.agents/skills/vercel-react-best-practices/rules/async-dependencies.md,.agents/skills/vercel-react-best-practices/rules/async-dependencies.md,2026-02-01T18:25:00+07:00,2026-02-01T18:25:00+07:00,2,2,1,0.00,
.agents/skills/vercel-react-best-practices/rules/async-parallel.md,.agents/skills/vercel-react-best-practices/rules/async-parallel.md,2026-02-01T18:25:00+07:00,2026-02-01T18:25:00+07:00,2,2,1,0.00,
.agents/skills/vercel-react-best-practices/rules/async-suspense-boundaries.md,.agents/skills/vercel-react-best-practices/rules/async-suspense-boundaries.md,2026-02-01T18:25:00+07:00,2026-02-01T18:25:00+07:00,2,2,1,0.00,
.agents/skills/vercel-react-best-practices/rules/bundle-barrel-imports.md,.agents/skills/vercel-react-best-practices/rules/bundle-barrel-imports.md,2026-02-01T18:25:00+07:00,2026-02-01T18:25:00+07:00,2,2,1,0.00,
.agents/skills/vercel-react-best-practices/rules/bundle-conditional.md,.agents/skills/vercel-react-best-practices/rules/bundle-conditional.md,2026-02-01T18:25:00+07:00,2026-02-01T18:25:00+07:00,2,2,1,0.00,
.agents/skills/vercel-react-best-practices/rules/bundle-defer-third-party.md,.agents/skills/vercel-react-best-practices/rules/bundle-defer-third-party.md,2026-02-01T18:25:00+07:00,2026-02-01T18:25:00+07:00,2,2,1,0.00,
.agents/skills/vercel-react-best-practices/rules/bundle-dynamic-imports.md,.agents/skills/vercel-react-best-practices/rules/bundle-dynamic-imports.md,2026-02-01T18:25:00+07:00,2026-02-01T18:25:00+07:00,2,2,1,0.00,
.agents/skills/vercel-react-best-practices/rules/bundle-preload.md,.agents/skills/vercel-react-best-practices/rules/bundle-preload.md,2026-02-01T18:25:00+07:00,2026-02-01T18:25:00+07:00,2,2,1,0.00,
.agents/skills/vercel-react-best-practices/rules/client-event-listeners.md,.agents/skills/vercel-react-best-practices/rules/client-event-listeners.md,2026-02-01T18:25:00+07:00,2026-02-01T18:25:00+07:00,2,2,1,0.00,
.agents/skills/vercel-react-best-practices/rules/client-localstorage-schema.md,.agents/skills/vercel-react-best-practices/rules/client-localstorage-schema.md,2026-02-01T18:25:00+07:00,2026-02-01T18:25:00+07:00,2,2,1,0.00,
.agents/skills/vercel-react-best-practices/rules/client-passive-event-listeners.md,.agents/skills/vercel-react-best-practices/rules/client-passive-event-listeners.md,2026-02-01T18:25:00+07:00,2026-02-01T18:25:00+07:00,2,2,1,0.00,
.agents/skills/vercel-react-best-practices/rules/client-swr-dedup.md,.agents/skills/vercel-react-best-practices/rules/client-swr-dedup.md,2026-02-01T18:25:00+07:00,2026-02-01T18:25:00+07:00,2,2,1,0.00,
.agents/skills/vercel-react-best-practices/rules/js-batch-dom-css.md,.agents/skills/vercel-react-best-practices/rules/js-batch-dom-css.md,2026-02-01T18:25:00+07:00,2026-02-01T18:25:00+07:00,2,2,1,0.00,
.agents/skills/vercel-react-best-practices/rules/js-cache-function-results.md,.agents/skills/vercel-react-best-practices/rules/js-cache-function-results.md,2026-02-01T18:25:00+07:00,2026-02-01T18:25:00+07:00,2,2,1,0.00,
.agents/skills/vercel-react-best-practices/rules/js-cache-property-access.md,.agents/skills/vercel-react-best-practices/rules/js-cache-property-access.md,2026-02-01T18:25:00+07:00,2026-02-01T18:25:00+07:00,2,2,1,0.00,
.agents/skills/vercel-react-best-practices/rules/js-cache-storage.md,.agents/skills/vercel-react-best-practices/rules/js-cache-storage.md,2026-02-01T18:25:00+07:00,2026-02-01T18:25:00+07:00,2,2,1,0.00,
.agents/skills/vercel-react-best-practices/rules/js-combine-iterations.md,.agents/skills/vercel-react-best-practices/rules/js-combine-iterations.md,2026-02-01T18:25:00+07:00,2026-02-01T18:25:00+07:00,2,2,1,0.00,
.agents/skills/vercel-react-best-practices/rules/js-early-exit.md,.agents/skills/vercel-react-best-practices/rules/js-early-exit.md,2026-02-01T18:25:00+07:00,2026-02-01T18:25:00+07:00,2,2,1,0.00,
.agents/skills/vercel-react-best-practices/rules/js-hoist-regexp.md,.agents/skills/vercel-react-best-practices/rules/js-hoist-regexp.md,2026-02-01T18:25:00+07:00,2026-02-01T18:25:00+07:00,2,2,1,0.00,
.agents/skills/vercel-react-best-practices/rules/js-index-maps.md,.agents/skills/vercel-react-best-practices/rules/js-index-maps.md,2026-02-01T18:25:00+07:00,2026-02-01T18:25:00+07:00,2,2,1,0.00,
.agents/skills/vercel-react-best-practices/rules/js-length-check-first.md,.agents/skills/vercel-react-best-practices/rules/js-length-check-first.md,2026-02-01T18:25:00+07:00,2026-02-01T18:25:00+07:00,2,2,1,0.00,
.agents/skills/vercel-react-best-practices/rules/js-min-max-loop.md,.agents/skills/vercel-react-best-practices/rules/js-min-max-loop.md,2026-02-01T18:25:00+07:00,2026-02-01T18:25:00+07:00,2,2,1,0.00,
.agents/skills/vercel-react-best-practices/rules/js-set-map-lookups.md,.agents/skills/vercel-react-best-practices/rules/js-set-map-lookups.md,2026-02-01T18:25:00+07:00,2026-02-01T18:25:00+07:00,2,2,1,0.00,
.agents/skills/vercel-react-best-practices/rules/js-tosorted-immutable.md,.agents/skills/vercel-react-best-practices/rules/js-tosorted-immutable.md,2026-02-01T18:25:00+07:00,2026-02-01T18:25:00+07:00,2,2,1,0.00,
.agents/skills/vercel-react-best-practices/rules/rendering-activity.md,.agents/skills/vercel-react-best-practices/rules/rendering-activity.md,2026-02-01T18:25:00+07:00,2026-02-01T18:25:00+07:00,2,2,1,0.00,
.agents/skills/vercel-react-best-practices/rules/rendering-animate-svg-wrapper.md,.agents/skills/vercel-react-best-practices/rules/rendering-animate-svg-wrapper.md,2026-02-01T18:25:00+07:00,2026-02-01T18:25:00+07:00,2,2,1,0.00,
.agents/skills/vercel-react-best-practices/rules/rendering-conditional-render.md,.agents/skills/vercel-react-best-practices/rules/rendering-conditional-render.md,2026-02-01T18:25:00+07:00,2026-02-01T18:25:00+07:00,2,2,1,0.00,
.agents/skills/vercel-react-best-practices/rules/rendering-content-visibility.md,.agents/skills/vercel-react-best-practices/rules/rendering-content-visibility.md,2026-02-01T18:25:00+07:00,2026-02-01T18:25:00+07:00,2,2,1,0.00,
.agents/skills/vercel-react-best-practices/rules/rendering-hoist-jsx.md,.agents/skills/vercel-react-best-practices/rules/rendering-hoist-jsx.md,2026-02-01T18:25:00+07:00,2026-02-01T18:25:00+07:00,2,2,1,0.00,
.agents/skills/vercel-react-best-practices/rules/rendering-hydration-no-flicker.md,.agents/skills/vercel-react-best-practices/rules/rendering-hydration-no-flicker.md,2026-02-01T18:25:00+07:00,2026-02-01T18:25:00+07:00,2,2,1,0.00,
.agents/skills/vercel-react-best-practices/rules/rendering-hydration-suppress-warning.md,.agents/skills/vercel-react-best-practices/rules/rendering-hydration-suppress-warning.md,2026-02-01T18:25:00+07:00,2026-02-01T18:25:00+07:00,2,2,1,0.00,
.agents/skills/vercel-react-best-practices/rules/rendering-svg-precision.md,.agents/skills/vercel-react-best-practices/rules/rendering-svg-precision.md,2026-02-01T18:25:00+07:00,2026-02-01T18:25:00+07:00,2,2,1,0.00,
.agents/skills/vercel-react-best-practices/rules/rendering-usetransition-loading.md,.agents/skills/vercel-react-best-practices/rules/rendering-usetransition-loading.md,2026-02-01T18:25:00+07:00,2026-02-01T18:25:00+07:00,2,2,1,0.00,
.agents/skills/vercel-react-best-practices/rules/rerender-defer-reads.md,.agents/skills/vercel-react-best-practices/rules/rerender-defer-reads.md,2026-02-01T18:25:00+07:00,2026-02-01T18:25:00+07:00,2,2,1,0.00,
.agents/skills/vercel-react-best-practices/rules/rerender-dependencies.md,.agents/skills/vercel-react-best-practices/rules/rerender-dependencies.md,2026-02-01T18:25:00+07:00,2026-02-01T18:25:00+07:00,2,2,1,0.00,
.agents/skills/vercel-react-best-practices/rules/rerender-derived-state-no-effect.md,.agents/skills/vercel-react-best-practices/rules/rerender-derived-state-no-effect.md,2026-02-01T18:25:00+07:00,2026-02-01T18:25:00+07:00,2,2,1,0.00,
.agents/skills/vercel-react-best-practices/rules/rerender-derived-state.md,.agents/skills/vercel-react-best-practices/rules/rerender-derived-state.md,2026-02-01T18:25:00+07:00,2026-02-01T18:25:00+07:00,2,2,1,0.00,
.agents/skills/vercel-react-best-practices/rules/rerender-functional-setstate.md,.agents/skills/vercel-react-best-practices/rules/rerender-functional-setstate.md,2026-02-01T18:25:00+07:00,2026-02-01T18:25:00+07:00,2,2,1,0.00,
.agents/skills/vercel-react-best-practices/rules/rerender-lazy-state-init.md,.agents/skills/vercel-react-best-practices/rules/rerender-lazy-state-init.md,2026-02-01T18:25:00+07:00,2026-02-01T18:25:00+07:00,2,2,1,0.00,
.agents/skills/vercel-react-best-practices/rules/rerender-memo-with-default-value.md,.agents/skills/vercel-react-best-practices/rules/rerender-memo-with-default-value.md,2026-02-01T18:25:00+07:00,2026-02-01T18:25:00+07:00,2,2,1,0.00,
.agents/skills/vercel-react-best-practices/rules/rerender-memo.md,.agents/skills/vercel-react-best-practices/rules/rerender-memo.md,2026-02-01T18:25:00+07:00,2026-02-01T18:25:00+07:00,2,2,1,0.00,
.agents/skills/vercel-react-best-practices/rules/rerender-move-effect-to-event.md,.agents/skills/vercel-react-best-practices/rules/rerender-move-effect-to-event.md,2026-02-01T18:25:00+07:00,2026-02-01T18:25:00+07:00,2,2,1,0.00,
.agents/skills/vercel-react-best-practices/rules/rerender-simple-expression-in-memo.md,.agents/skills/vercel-react-best-practices/rules/rerender-simple-expression-in-memo.md,2026-02-01T18:25:00+07:00,2026-02-01T18:25:00+07:00,2,2,1,0.00,
.agents/skills/vercel-react-best-practices/rules/rerender-transitions.md,.agents/skills/vercel-react-best-practices/rules/rerender-transitions.md,2026-02-01T18:25:00+07:00,2026-02-01T18:25:00+07:00,2,2,1,0.00,
.agents/skills/vercel-react-best-practices/rules/rerender-use-ref-transient-values.md,.agents/skills/vercel-react-best-practices/rules/rerender-use-ref-transient-values.md,2026-02-01T18:25:00+07:00,2026-02-01T18:25:00+07:00,2,2,1,0.00,
.agents/skills/vercel-react-best-practices/rules/server-after-nonblocking.md,.agents/skills/vercel-react-best-practices/rules/server-after-nonblocking.md,2026-02-01T18:25:00+07:00,2026-02-01T18:25:00+07:00,2,2,1,0.00,
.agents/skills/vercel-react-best-practices/rules/server-auth-actions.md,.agents/skills/vercel-react-best-practices/rules/server-auth-actions.md,2026-02-01T18:25:00+07:00,2026-02-01T18:25:00+07:00,2,2,1,0.00,
.agents/skills/vercel-react-best-practices/rules/server-cache-lru.md,.agents/skills/vercel-react-best-practices/rules/server-cache-lru.md,2026-02-01T18:25:00+07:00,2026-02-01T18:25:00+07:00,2,2,1,0.00,
.agents/skills/vercel-react-best-practices/rules/server-cache-react.md,.agents/skills/vercel-react-best-practices/rules/server-cache-react.md,2026-02-01T18:25:00+07:00,2026-02-01T18:25:00+07:00,2,2,1,0.00,
.agents/skills/vercel-react-best-practices/rules/server-dedup-props.md,.agents/skills/vercel-react-best-practices/rules/server-dedup-props.md,2026-02-01T18:25:00+07:00,2026-02-01T18:25:00+07:00,2,2,1,0.00,
.agents/skills/vercel-react-best-practices/rules/server-parallel-fetching.md,.agents/skills/vercel-react-best-practices/rules/server-parallel-fetching.md,2026-02-01T18:25:00+07:00,2026-02-01T18:25:00+07:00,2,2,1,0.00,
.agents/skills/vercel-react-best-practices/rules/server-serialization.md,.agents/skills/vercel-react-best-practices/rules/server-serialization.md,2026-02-01T18:25:00+07:00,2026-02-01T18:25:00+07:00,2,2,1,0.00,
.agents/skills/web-design-guidelines/AGENTS.md,.agents/skills/web-design-guidelines/AGENTS.md,2026-04-26T16:31:35+07:00,2026-04-26T16:31:35+07:00,1,1,1,0.00,
.agents/skills/web-design-guidelines/SKILL.md,.agents/skills/web-design-guidelines/SKILL.md,2026-02-01T18:25:00+07:00,2026-02-01T18:25:00+07:00,2,2,1,0.00,
.cline/skills/agent-browser/SKILL.md,.cline/skills/agent-browser/SKILL.md,2026-02-01T18:25:00+07:00,2026-04-26T16:31:35+07:00,3,3,2,0.00,
.cline/skills/agent-browser/references/authentication.md,.cline/skills/agent-browser/references/authentication.md,2026-02-01T18:25:00+07:00,2026-04-26T16:31:35+07:00,3,3,2,0.00,
.cline/skills/agent-browser/references/proxy-support.md,.cline/skills/agent-browser/references/proxy-support.md,2026-02-01T18:25:00+07:00,2026-04-26T16:31:35+07:00,3,3,2,0.00,
.cline/skills/agent-browser/references/session-management.md,.cline/skills/agent-browser/references/session-management.md,2026-02-01T18:25:00+07:00,2026-04-26T16:31:35+07:00,3,3,2,0.00,
.cline/skills/agent-browser/references/snapshot-refs.md,.cline/skills/agent-browser/references/snapshot-refs.md,2026-02-01T18:25:00+07:00,2026-04-26T16:31:35+07:00,3,3,2,0.00,
.cline/skills/agent-browser/references/video-recording.md,.cline/skills/agent-browser/references/video-recording.md,2026-02-01T18:25:00+07:00,2026-04-26T16:31:35+07:00,3,3,2,0.00,
.cline/skills/agent-browser/templates/authenticated-session.sh,.cline/skills/agent-browser/templates/authenticated-session.sh,2026-02-01T18:25:00+07:00,2026-04-26T16:31:35+07:00,3,3,2,0.00,
.cline/skills/agent-browser/templates/capture-workflow.sh,.cline/skills/agent-browser/templates/capture-workflow.sh,2026-02-01T18:25:00+07:00,2026-04-26T16:31:35+07:00,3,3,2,0.00,
.cline/skills/agent-browser/templates/form-automation.sh,.cline/skills/agent-browser/templates/form-automation.sh,2026-02-01T18:25:00+07:00,2026-04-26T16:31:35+07:00,3,3,2,0.00,
.cline/skills/frontend-design/LICENSE.txt,.cline/skills/frontend-design/LICENSE.txt,2026-02-01T18:25:00+07:00,2026-04-26T16:31:35+07:00,3,3,2,0.00,
.cline/skills/frontend-design/SKILL.md,.cline/skills/frontend-design/SKILL.md,2026-02-01T18:25:00+07:00,2026-04-26T16:31:35+07:00,3,3,2,0.00,
.cline/skills/vercel-react-best-practices/AGENTS.md,.cline/skills/vercel-react-best-practices/AGENTS.md,2026-02-01T18:25:00+07:00,2026-04-26T16:31:35+07:00,3,3,2,0.00,
.cline/skills/vercel-react-best-practices/SKILL.md,.cline/skills/vercel-react-best-practices/SKILL.md,2026-02-01T18:25:00+07:00,2026-04-26T16:31:35+07:00,3,3,2,0.00,
.cline/skills/vercel-react-best-practices/rules/advanced-event-handler-refs.md,.cline/skills/vercel-react-best-practices/rules/advanced-event-handler-refs.md,2026-02-01T18:25:00+07:00,2026-04-26T16:31:35+07:00,3,3,2,0.00,
.cline/skills/vercel-react-best-practices/rules/advanced-init-once.md,.cline/skills/vercel-react-best-practices/rules/advanced-init-once.md,2026-02-01T18:25:00+07:00,2026-04-26T16:31:35+07:00,3,3,2,0.00,
.cline/skills/vercel-react-best-practices/rules/advanced-use-latest.md,.cline/skills/vercel-react-best-practices/rules/advanced-use-latest.md,2026-02-01T18:25:00+07:00,2026-04-26T16:31:35+07:00,3,3,2,0.00,
.cline/skills/vercel-react-best-practices/rules/async-api-routes.md,.cline/skills/vercel-react-best-practices/rules/async-api-routes.md,2026-02-01T18:25:00+07:00,2026-04-26T16:31:35+07:00,3,3,2,0.00,
.cline/skills/vercel-react-best-practices/rules/async-defer-await.md,.cline/skills/vercel-react-best-practices/rules/async-defer-await.md,2026-02-01T18:25:00+07:00,2026-04-26T16:31:35+07:00,3,3,2,0.00,
.cline/skills/vercel-react-best-practices/rules/async-dependencies.md,.cline/skills/vercel-react-best-practices/rules/async-dependencies.md,2026-02-01T18:25:00+07:00,2026-04-26T16:31:35+07:00,3,3,2,0.00,
.cline/skills/vercel-react-best-practices/rules/async-parallel.md,.cline/skills/vercel-react-best-practices/rules/async-parallel.md,2026-02-01T18:25:00+07:00,2026-04-26T16:31:35+07:00,3,3,2,0.00,
.cline/skills/vercel-react-best-practices/rules/async-suspense-boundaries.md,.cline/skills/vercel-react-best-practices/rules/async-suspense-boundaries.md,2026-02-01T18:25:00+07:00,2026-04-26T16:31:35+07:00,3,3,2,0.00,
.cline/skills/vercel-react-best-practices/rules/bundle-barrel-imports.md,.cline/skills/vercel-react-best-practices/rules/bundle-barrel-imports.md,2026-02-01T18:25:00+07:00,2026-04-26T16:31:35+07:00,3,3,2,0.00,
.cline/skills/vercel-react-best-practices/rules/bundle-conditional.md,.cline/skills/vercel-react-best-practices/rules/bundle-conditional.md,2026-02-01T18:25:00+07:00,2026-04-26T16:31:35+07:00,3,3,2,0.00,
.cline/skills/vercel-react-best-practices/rules/bundle-defer-third-party.md,.cline/skills/vercel-react-best-practices/rules/bundle-defer-third-party.md,2026-02-01T18:25:00+07:00,2026-04-26T16:31:35+07:00,3,3,2,0.00,
.cline/skills/vercel-react-best-practices/rules/bundle-dynamic-imports.md,.cline/skills/vercel-react-best-practices/rules/bundle-dynamic-imports.md,2026-02-01T18:25:00+07:00,2026-04-26T16:31:35+07:00,3,3,2,0.00,
.cline/skills/vercel-react-best-practices/rules/bundle-preload.md,.cline/skills/vercel-react-best-practices/rules/bundle-preload.md,2026-02-01T18:25:00+07:00,2026-04-26T16:31:35+07:00,3,3,2,0.00,
.cline/skills/vercel-react-best-practices/rules/client-event-listeners.md,.cline/skills/vercel-react-best-practices/rules/client-event-listeners.md,2026-02-01T18:25:00+07:00,2026-04-26T16:31:35+07:00,3,3,2,0.00,
.cline/skills/vercel-react-best-practices/rules/client-localstorage-schema.md,.cline/skills/vercel-react-best-practices/rules/client-localstorage-schema.md,2026-02-01T18:25:00+07:00,2026-04-26T16:31:35+07:00,3,3,2,0.00,
.cline/skills/vercel-react-best-practices/rules/client-passive-event-listeners.md,.cline/skills/vercel-react-best-practices/rules/client-passive-event-listeners.md,2026-02-01T18:25:00+07:00,2026-04-26T16:31:35+07:00,3,3,2,0.00,
.cline/skills/vercel-react-best-practices/rules/client-swr-dedup.md,.cline/skills/vercel-react-best-practices/rules/client-swr-dedup.md,2026-02-01T18:25:00+07:00,2026-04-26T16:31:35+07:00,3,3,2,0.00,
.cline/skills/vercel-react-best-practices/rules/js-batch-dom-css.md,.cline/skills/vercel-react-best-practices/rules/js-batch-dom-css.md,2026-02-01T18:25:00+07:00,2026-04-26T16:31:35+07:00,3,3,2,0.00,
.cline/skills/vercel-react-best-practices/rules/js-cache-function-results.md,.cline/skills/vercel-react-best-practices/rules/js-cache-function-results.md,2026-02-01T18:25:00+07:00,2026-04-26T16:31:35+07:00,3,3,2,0.00,
.cline/skills/vercel-react-best-practices/rules/js-cache-property-access.md,.cline/skills/vercel-react-best-practices/rules/js-cache-property-access.md,2026-02-01T18:25:00+07:00,2026-04-26T16:31:35+07:00,3,3,2,0.00,
.cline/skills/vercel-react-best-practices/rules/js-cache-storage.md,.cline/skills/vercel-react-best-practices/rules/js-cache-storage.md,2026-02-01T18:25:00+07:00,2026-04-26T16:31:35+07:00,3,3,2,0.00,
.cline/skills/vercel-react-best-practices/rules/js-combine-iterations.md,.cline/skills/vercel-react-best-practices/rules/js-combine-iterations.md,2026-02-01T18:25:00+07:00,2026-04-26T16:31:35+07:00,3,3,2,0.00,
.cline/skills/vercel-react-best-practices/rules/js-early-exit.md,.cline/skills/vercel-react-best-practices/rules/js-early-exit.md,2026-02-01T18:25:00+07:00,2026-04-26T16:31:35+07:00,3,3,2,0.00,
.cline/skills/vercel-react-best-practices/rules/js-hoist-regexp.md,.cline/skills/vercel-react-best-practices/rules/js-hoist-regexp.md,2026-02-01T18:25:00+07:00,2026-04-26T16:31:35+07:00,3,3,2,0.00,
.cline/skills/vercel-react-best-practices/rules/js-index-maps.md,.cline/skills/vercel-react-best-practices/rules/js-index-maps.md,2026-02-01T18:25:00+07:00,2026-04-26T16:31:35+07:00,3,3,2,0.00,
.cline/skills/vercel-react-best-practices/rules/js-length-check-first.md,.cline/skills/vercel-react-best-practices/rules/js-length-check-first.md,2026-02-01T18:25:00+07:00,2026-04-26T16:31:35+07:00,3,3,2,0.00,
.cline/skills/vercel-react-best-practices/rules/js-min-max-loop.md,.cline/skills/vercel-react-best-practices/rules/js-min-max-loop.md,2026-02-01T18:25:00+07:00,2026-04-26T16:31:35+07:00,3,3,2,0.00,
.cline/skills/vercel-react-best-practices/rules/js-set-map-lookups.md,.cline/skills/vercel-react-best-practices/rules/js-set-map-lookups.md,2026-02-01T18:25:00+07:00,2026-04-26T16:31:35+07:00,3,3,2,0.00,
.cline/skills/vercel-react-best-practices/rules/js-tosorted-immutable.md,.cline/skills/vercel-react-best-practices/rules/js-tosorted-immutable.md,2026-02-01T18:25:00+07:00,2026-04-26T16:31:35+07:00,3,3,2,0.00,
.cline/skills/vercel-react-best-practices/rules/rendering-activity.md,.cline/skills/vercel-react-best-practices/rules/rendering-activity.md,2026-02-01T18:25:00+07:00,2026-04-26T16:31:35+07:00,3,3,2,0.00,
.cline/skills/vercel-react-best-practices/rules/rendering-animate-svg-wrapper.md,.cline/skills/vercel-react-best-practices/rules/rendering-animate-svg-wrapper.md,2026-02-01T18:25:00+07:00,2026-04-26T16:31:35+07:00,3,3,2,0.00,
.cline/skills/vercel-react-best-practices/rules/rendering-conditional-render.md,.cline/skills/vercel-react-best-practices/rules/rendering-conditional-render.md,2026-02-01T18:25:00+07:00,2026-04-26T16:31:35+07:00,3,3,2,0.00,
.cline/skills/vercel-react-best-practices/rules/rendering-content-visibility.md,.cline/skills/vercel-react-best-practices/rules/rendering-content-visibility.md,2026-02-01T18:25:00+07:00,2026-04-26T16:31:35+07:00,3,3,2,0.00,
.cline/skills/vercel-react-best-practices/rules/rendering-hoist-jsx.md,.cline/skills/vercel-react-best-practices/rules/rendering-hoist-jsx.md,2026-02-01T18:25:00+07:00,2026-04-26T16:31:35+07:00,3,3,2,0.00,
.cline/skills/vercel-react-best-practices/rules/rendering-hydration-no-flicker.md,.cline/skills/vercel-react-best-practices/rules/rendering-hydration-no-flicker.md,2026-02-01T18:25:00+07:00,2026-04-26T16:31:35+07:00,3,3,2,0.00,
.cline/skills/vercel-react-best-practices/rules/rendering-hydration-suppress-warning.md,.cline/skills/vercel-react-best-practices/rules/rendering-hydration-suppress-warning.md,2026-02-01T18:25:00+07:00,2026-04-26T16:31:35+07:00,3,3,2,0.00,
.cline/skills/vercel-react-best-practices/rules/rendering-svg-precision.md,.cline/skills/vercel-react-best-practices/rules/rendering-svg-precision.md,2026-02-01T18:25:00+07:00,2026-04-26T16:31:35+07:00,3,3,2,0.00,
.cline/skills/vercel-react-best-practices/rules/rendering-usetransition-loading.md,.cline/skills/vercel-react-best-practices/rules/rendering-usetransition-loading.md,2026-02-01T18:25:00+07:00,2026-04-26T16:31:35+07:00,3,3,2,0.00,
.cline/skills/vercel-react-best-practices/rules/rerender-defer-reads.md,.cline/skills/vercel-react-best-practices/rules/rerender-defer-reads.md,2026-02-01T18:25:00+07:00,2026-04-26T16:31:35+07:00,3,3,2,0.00,
.cline/skills/vercel-react-best-practices/rules/rerender-dependencies.md,.cline/skills/vercel-react-best-practices/rules/rerender-dependencies.md,2026-02-01T18:25:00+07:00,2026-04-26T16:31:35+07:00,3,3,2,0.00,
.cline/skills/vercel-react-best-practices/rules/rerender-derived-state-no-effect.md,.cline/skills/vercel-react-best-practices/rules/rerender-derived-state-no-effect.md,2026-02-01T18:25:00+07:00,2026-04-26T16:31:35+07:00,3,3,2,0.00,
.cline/skills/vercel-react-best-practices/rules/rerender-derived-state.md,.cline/skills/vercel-react-best-practices/rules/rerender-derived-state.md,2026-02-01T18:25:00+07:00,2026-04-26T16:31:35+07:00,3,3,2,0.00,
.cline/skills/vercel-react-best-practices/rules/rerender-functional-setstate.md,.cline/skills/vercel-react-best-practices/rules/rerender-functional-setstate.md,2026-02-01T18:25:00+07:00,2026-04-26T16:31:35+07:00,3,3,2,0.00,
.cline/skills/vercel-react-best-practices/rules/rerender-lazy-state-init.md,.cline/skills/vercel-react-best-practices/rules/rerender-lazy-state-init.md,2026-02-01T18:25:00+07:00,2026-04-26T16:31:35+07:00,3,3,2,0.00,
.cline/skills/vercel-react-best-practices/rules/rerender-memo-with-default-value.md,.cline/skills/vercel-react-best-practices/rules/rerender-memo-with-default-value.md,2026-02-01T18:25:00+07:00,2026-04-26T16:31:35+07:00,3,3,2,0.00,
.cline/skills/vercel-react-best-practices/rules/rerender-memo.md,.cline/skills/vercel-react-best-practices/rules/rerender-memo.md,2026-02-01T18:25:00+07:00,2026-04-26T16:31:35+07:00,3,3,2,0.00,
.cline/skills/vercel-react-best-practices/rules/rerender-move-effect-to-event.md,.cline/skills/vercel-react-best-practices/rules/rerender-move-effect-to-event.md,2026-02-01T18:25:00+07:00,2026-04-26T16:31:35+07:00,3,3,2,0.00,
.cline/skills/vercel-react-best-practices/rules/rerender-simple-expression-in-memo.md,.cline/skills/vercel-react-best-practices/rules/rerender-simple-expression-in-memo.md,2026-02-01T18:25:00+07:00,2026-04-26T16:31:35+07:00,3,3,2,0.00,
.cline/skills/vercel-react-best-practices/rules/rerender-transitions.md,.cline/skills/vercel-react-best-practices/rules/rerender-transitions.md,2026-02-01T18:25:00+07:00,2026-04-26T16:31:35+07:00,3,3,2,0.00,
.cline/skills/vercel-react-best-practices/rules/rerender-use-ref-transient-values.md,.cline/skills/vercel-react-best-practices/rules/rerender-use-ref-transient-values.md,2026-02-01T18:25:00+07:00,2026-04-26T16:31:35+07:00,3,3,2,0.00,
.cline/skills/vercel-react-best-practices/rules/server-after-nonblocking.md,.cline/skills/vercel-react-best-practices/rules/server-after-nonblocking.md,2026-02-01T18:25:00+07:00,2026-04-26T16:31:35+07:00,3,3,2,0.00,
.cline/skills/vercel-react-best-practices/rules/server-auth-actions.md,.cline/skills/vercel-react-best-practices/rules/server-auth-actions.md,2026-02-01T18:25:00+07:00,2026-04-26T16:31:35+07:00,3,3,2,0.00,
.cline/skills/vercel-react-best-practices/rules/server-cache-lru.md,.cline/skills/vercel-react-best-practices/rules/server-cache-lru.md,2026-02-01T18:25:00+07:00,2026-04-26T16:31:35+07:00,3,3,2,0.00,
.cline/skills/vercel-react-best-practices/rules/server-cache-react.md,.cline/skills/vercel-react-best-practices/rules/server-cache-react.md,2026-02-01T18:25:00+07:00,2026-04-26T16:31:35+07:00,3,3,2,0.00,
.cline/skills/vercel-react-best-practices/rules/server-dedup-props.md,.cline/skills/vercel-react-best-practices/rules/server-dedup-props.md,2026-02-01T18:25:00+07:00,2026-04-26T16:31:35+07:00,3,3,2,0.00,
.cline/skills/vercel-react-best-practices/rules/server-parallel-fetching.md,.cline/skills/vercel-react-best-practices/rules/server-parallel-fetching.md,2026-02-01T18:25:00+07:00,2026-04-26T16:31:35+07:00,3,3,2,0.00,
.cline/skills/vercel-react-best-practices/rules/server-serialization.md,.cline/skills/vercel-react-best-practices/rules/server-serialization.md,2026-02-01T18:25:00+07:00,2026-04-26T16:31:35+07:00,3,3,2,0.00,
.cline/skills/web-design-guidelines/SKILL.md,.cline/skills/web-design-guidelines/SKILL.md,2026-02-01T18:25:00+07:00,2026-04-26T16:31:35+07:00,3,3,2,0.00,
.codex-dev-check.log,.codex-dev-check.log,2026-04-20T16:39:41+07:00,2026-04-26T16:31:35+07:00,2,2,1,0.00,
.codex-dev.log,.codex-dev.log,2026-04-20T16:39:41+07:00,2026-04-26T16:31:35+07:00,2,2,1,0.00,
.codex-npm-dev.log,.codex-npm-dev.log,2026-04-20T16:39:41+07:00,2026-04-26T16:31:35+07:00,2,2,1,0.00,
.codex-runtime.log,.codex-runtime.log,2026-04-20T16:39:41+07:00,2026-04-26T16:31:35+07:00,2,2,1,0.00,
.codex-start.log,.codex-start.log,2026-04-20T16:39:41+07:00,2026-04-26T16:31:35+07:00,2,2,1,0.00,
.codex-webpack.log,.codex-webpack.log,2026-04-20T16:39:41+07:00,2026-04-26T16:31:35+07:00,2,2,1,0.00,
.dockerignore,.dockerignore,2026-04-09T13:44:30+07:00,2026-04-09T13:44:30+07:00,1,1,1,0.00,
.editorconfig,.editorconfig,2026-04-09T01:28:19+07:00,2026-04-09T01:28:19+07:00,1,1,1,0.00,
.env.example,.env.example,2026-03-10T00:02:29+07:00,2026-05-06T23:50:05+07:00,9,9,1,0.80,secrets
.gemini/GEMINI.md,.gemini/GEMINI.md,2026-03-19T21:24:04+07:00,2026-04-26T16:31:35+07:00,2,2,1,0.00,
.github/AGENTS.md,.github/AGENTS.md,2026-04-26T16:31:35+07:00,2026-04-26T16:31:35+07:00,1,1,1,0.00,
.github/workflows/AGENTS.md,.github/workflows/AGENTS.md,2026-04-26T16:31:35+07:00,2026-05-06T23:50:05+07:00,2,2,1,0.00,
.github/workflows/sonarcloud.yml,.github/workflows/sonarcloud.yml,2026-04-20T16:39:41+07:00,2026-04-20T16:39:41+07:00,1,1,1,0.00,
.gitignore,.gitignore,2026-01-17T11:43:30+07:00,2026-05-06T23:50:05+07:00,12,12,2,0.00,
.infisical.json,.infisical.json,2026-03-05T21:05:18+07:00,2026-03-10T00:02:29+07:00,2,2,2,0.00,
.obsidian/app.json,.obsidian/app.json,2026-05-06T23:50:05+07:00,2026-05-06T23:50:05+07:00,1,1,1,0.00,
.obsidian/appearance.json,.obsidian/appearance.json,2026-05-06T23:50:05+07:00,2026-05-06T23:50:05+07:00,1,1,1,0.00,
.obsidian/core-plugins.json,.obsidian/core-plugins.json,2026-05-06T23:50:05+07:00,2026-05-06T23:50:05+07:00,1,1,1,0.00,
.obsidian/workspace.json,.obsidian/workspace.json,2026-05-06T23:50:05+07:00,2026-05-06T23:50:05+07:00,1,1,1,0.00,
.scannerwork/.sonar_lock,.scannerwork/.sonar_lock,2026-03-11T09:07:26+07:00,2026-04-03T18:54:16+07:00,2,2,1,0.00,
.scannerwork/report-task.txt,.scannerwork/report-task.txt,2026-03-11T09:07:26+07:00,2026-04-03T18:54:16+07:00,11,11,1,0.00,
.vscode/AGENTS.md,.vscode/AGENTS.md,2026-04-26T16:31:35+07:00,2026-04-26T16:31:35+07:00,1,1,1,0.00,
.vscode/settings.json,.vscode/settings.json,2026-03-13T07:16:25+07:00,2026-04-03T18:54:16+07:00,2,2,1,0.00,
AGENTS.md,AGENTS.md,2026-04-09T01:28:19+07:00,2026-05-21T12:46:21+07:00,6,6,1,0.00,
Dockerfile,Dockerfile,2026-04-09T13:44:30+07:00,2026-04-14T12:27:01+07:00,2,2,1,0.80,deploy
PROJECT_CONTEXT.md,PROJECT_CONTEXT.md,2026-02-08T20:40:36+07:00,2026-04-26T16:31:35+07:00,4,4,2,0.00,
README.md,README.md,2026-01-17T11:43:30+07:00,2026-05-06T23:50:05+07:00,5,5,2,0.00,
app/(immersive)/welcome/page.tsx,app/(immersive)/welcome/page.tsx,2026-05-20T10:52:30+07:00,2026-05-20T10:52:30+07:00,1,1,1,0.00,
app/(site)/admin/AGENTS.md,app/(site)/admin/AGENTS.md,2026-05-20T10:52:30+07:00,2026-05-21T12:46:21+07:00,2,2,1,0.80,admin
app/(site)/admin/audit-logs/AGENTS.md,app/(site)/admin/audit-logs/AGENTS.md,2026-05-20T10:52:30+07:00,2026-05-20T10:52:30+07:00,1,1,1,0.80,admin
app/(site)/admin/audit-logs/page.tsx,app/(site)/admin/audit-logs/page.tsx,2026-05-20T10:52:30+07:00,2026-05-20T10:52:30+07:00,1,1,1,0.80,admin
app/(site)/admin/chat/AGENTS.md,app/(site)/admin/chat/AGENTS.md,2026-05-20T10:52:30+07:00,2026-05-20T10:52:30+07:00,1,1,1,0.80,admin
app/(site)/admin/chat/page.tsx,app/(site)/admin/chat/page.tsx,2026-05-20T10:52:30+07:00,2026-05-20T10:52:30+07:00,1,1,1,0.80,admin
app/(site)/admin/currency-settings/AGENTS.md,app/(site)/admin/currency-settings/AGENTS.md,2026-05-20T10:52:30+07:00,2026-05-20T10:52:30+07:00,1,1,1,0.80,admin
app/(site)/admin/currency-settings/page.tsx,app/(site)/admin/currency-settings/page.tsx,2026-05-20T10:52:30+07:00,2026-05-20T10:52:30+07:00,1,1,1,0.80,admin
app/(site)/admin/export/AGENTS.md,app/(site)/admin/export/AGENTS.md,2026-05-20T10:52:30+07:00,2026-05-20T10:52:30+07:00,1,1,1,0.80,admin
app/(site)/admin/export/page.tsx,app/(site)/admin/export/page.tsx,2026-05-20T10:52:30+07:00,2026-05-20T10:52:30+07:00,1,1,1,0.80,admin
app/(site)/admin/footer-links/AGENTS.md,app/(site)/admin/footer-links/AGENTS.md,2026-05-20T10:52:30+07:00,2026-05-20T10:52:30+07:00,1,1,1,0.80,admin
app/(site)/admin/footer-links/page.tsx,app/(site)/admin/footer-links/page.tsx,2026-05-20T10:52:30+07:00,2026-05-20T10:52:30+07:00,1,1,1,0.80,admin
app/(site)/admin/gacha-grid/AGENTS.md,app/(site)/admin/gacha-grid/AGENTS.md,2026-05-20T10:52:30+07:00,2026-05-20T10:52:30+07:00,1,1,1,0.80,admin
app/(site)/admin/gacha-grid/page.tsx,app/(site)/admin/gacha-grid/page.tsx,2026-05-20T10:52:30+07:00,2026-05-20T10:52:30+07:00,1,1,1,0.80,admin
app/(site)/admin/gacha-machines/AGENTS.md,app/(site)/admin/gacha-machines/AGENTS.md,2026-05-20T10:52:30+07:00,2026-05-20T10:52:30+07:00,1,1,1,0.80,admin
app/(site)/admin/gacha-machines/[id]/AGENTS.md,app/(site)/admin/gacha-machines/[id]/AGENTS.md,2026-05-20T10:52:30+07:00,2026-05-20T10:52:30+07:00,1,1,1,0.80,admin
app/(site)/admin/gacha-machines/[id]/edit/AGENTS.md,app/(site)/admin/gacha-machines/[id]/edit/AGENTS.md,2026-05-20T10:52:30+07:00,2026-05-20T10:52:30+07:00,1,1,1,0.80,admin
app/(site)/admin/gacha-machines/[id]/edit/page.tsx,app/(site)/admin/gacha-machines/[id]/edit/page.tsx,2026-05-20T10:52:30+07:00,2026-05-20T10:52:30+07:00,1,1,1,0.80,admin
app/(site)/admin/gacha-machines/page.tsx,app/(site)/admin/gacha-machines/page.tsx,2026-05-20T10:52:30+07:00,2026-05-20T10:52:30+07:00,1,1,1,0.80,admin
app/(site)/admin/gacha-settings/AGENTS.md,app/(site)/admin/gacha-settings/AGENTS.md,2026-05-20T10:52:30+07:00,2026-05-20T10:52:30+07:00,1,1,1,0.80,admin
app/(site)/admin/gacha-settings/page.tsx,app/(site)/admin/gacha-settings/page.tsx,2026-05-20T10:52:30+07:00,2026-05-20T10:52:30+07:00,1,1,1,0.80,admin
app/(site)/admin/help/AGENTS.md,app/(site)/admin/help/AGENTS.md,2026-05-20T10:52:30+07:00,2026-05-20T10:52:30+07:00,1,1,1,0.80,admin
app/(site)/admin/help/page.tsx,app/(site)/admin/help/page.tsx,2026-05-20T10:52:30+07:00,2026-05-20T10:52:30+07:00,1,1,1,0.80,admin
app/(site)/admin/layout.tsx,app/(site)/admin/layout.tsx,2026-05-20T10:52:30+07:00,2026-05-20T10:52:30+07:00,1,1,1,0.80,admin
app/(site)/admin/nav-items/AGENTS.md,app/(site)/admin/nav-items/AGENTS.md,2026-05-20T10:52:30+07:00,2026-05-20T10:52:30+07:00,1,1,1,0.80,admin
app/(site)/admin/nav-items/page.tsx,app/(site)/admin/nav-items/page.tsx,2026-05-20T10:52:30+07:00,2026-05-20T10:52:30+07:00,1,1,1,0.80,admin
app/(site)/admin/news/AGENTS.md,app/(site)/admin/news/AGENTS.md,2026-05-20T10:52:30+07:00,2026-05-20T10:52:30+07:00,1,1,1,0.80,admin
app/(site)/admin/news/page.tsx,app/(site)/admin/news/page.tsx,2026-05-20T10:52:30+07:00,2026-05-20T10:52:30+07:00,1,1,1,0.80,admin
app/(site)/admin/page.tsx,app/(site)/admin/page.tsx,2026-05-20T10:52:30+07:00,2026-05-20T10:52:30+07:00,1,1,1,0.80,admin
app/(site)/admin/popups/AGENTS.md,app/(site)/admin/popups/AGENTS.md,2026-05-20T10:52:30+07:00,2026-05-20T10:52:30+07:00,1,1,1,0.80,admin
app/(site)/admin/popups/page.tsx,app/(site)/admin/popups/page.tsx,2026-05-20T10:52:30+07:00,2026-05-20T10:52:30+07:00,1,1,1,0.80,admin
app/(site)/admin/products/AGENTS.md,app/(site)/admin/products/AGENTS.md,2026-05-20T10:52:30+07:00,2026-05-20T10:52:30+07:00,1,1,1,0.80,admin
app/(site)/admin/products/[id]/AGENTS.md,app/(site)/admin/products/[id]/AGENTS.md,2026-05-20T10:52:30+07:00,2026-05-20T10:52:30+07:00,1,1,1,0.80,admin
app/(site)/admin/products/[id]/edit/AGENTS.md,app/(site)/admin/products/[id]/edit/AGENTS.md,2026-05-20T10:52:30+07:00,2026-05-20T10:52:30+07:00,1,1,1,0.80,admin
app/(site)/admin/products/[id]/edit/page.tsx,app/(site)/admin/products/[id]/edit/page.tsx,2026-05-20T10:52:30+07:00,2026-05-20T10:52:30+07:00,1,1,1,0.80,admin
app/(site)/admin/products/[id]/stock/AGENTS.md,app/(site)/admin/products/[id]/stock/AGENTS.md,2026-05-20T10:52:30+07:00,2026-05-20T10:52:30+07:00,1,1,1,0.80,admin
app/(site)/admin/products/[id]/stock/page.tsx,app/(site)/admin/products/[id]/stock/page.tsx,2026-05-20T10:52:30+07:00,2026-05-20T10:52:30+07:00,1,1,1,0.80,admin
app/(site)/admin/products/new/AGENTS.md,app/(site)/admin/products/new/AGENTS.md,2026-05-20T10:52:30+07:00,2026-05-20T10:52:30+07:00,1,1,1,0.80,admin
app/(site)/admin/products/new/page.tsx,app/(site)/admin/products/new/page.tsx,2026-05-20T10:52:30+07:00,2026-05-20T18:06:05+07:00,2,2,1,0.80,admin
app/(site)/admin/products/page.tsx,app/(site)/admin/products/page.tsx,2026-05-20T10:52:30+07:00,2026-05-20T10:52:30+07:00,1,1,1,0.80,admin
app/(site)/admin/products/trash/AGENTS.md,app/(site)/admin/products/trash/AGENTS.md,2026-05-20T10:52:30+07:00,2026-05-20T10:52:30+07:00,1,1,1,0.80,admin
app/(site)/admin/products/trash/page.tsx,app/(site)/admin/products/trash/page.tsx,2026-05-20T10:52:30+07:00,2026-05-20T10:52:30+07:00,1,1,1,0.80,admin
app/(site)/admin/promo-codes/AGENTS.md,app/(site)/admin/promo-codes/AGENTS.md,2026-05-20T10:52:30+07:00,2026-05-20T10:52:30+07:00,1,1,1,0.80,admin
app/(site)/admin/promo-codes/page.tsx,app/(site)/admin/promo-codes/page.tsx,2026-05-20T10:52:30+07:00,2026-05-20T10:52:30+07:00,1,1,1,0.80,admin
app/(site)/admin/roles/AGENTS.md,app/(site)/admin/roles/AGENTS.md,2026-05-20T10:52:30+07:00,2026-05-20T10:52:30+07:00,1,1,1,0.80,admin
app/(site)/admin/roles/page.tsx,app/(site)/admin/roles/page.tsx,2026-05-20T10:52:30+07:00,2026-05-20T10:52:30+07:00,1,1,1,0.80,admin
app/(site)/admin/season-pass/AGENTS.md,app/(site)/admin/season-pass/AGENTS.md,2026-05-20T10:52:30+07:00,2026-05-20T10:52:30+07:00,1,1,1,0.80,admin
app/(site)/admin/season-pass/edit/AGENTS.md,app/(site)/admin/season-pass/edit/AGENTS.md,2026-05-20T10:52:30+07:00,2026-05-20T10:52:30+07:00,1,1,1,0.80,admin
app/(site)/admin/season-pass/edit/page.tsx,app/(site)/admin/season-pass/edit/page.tsx,2026-05-20T10:52:30+07:00,2026-05-20T10:52:30+07:00,1,1,1,0.80,admin
app/(site)/admin/season-pass/logs/AGENTS.md,app/(site)/admin/season-pass/logs/AGENTS.md,2026-05-20T10:52:30+07:00,2026-05-20T10:52:30+07:00,1,1,1,0.80,admin
app/(site)/admin/season-pass/logs/page.tsx,app/(site)/admin/season-pass/logs/page.tsx,2026-05-20T10:52:30+07:00,2026-05-20T10:52:30+07:00,1,1,1,0.80,admin
app/(site)/admin/season-pass/page.tsx,app/(site)/admin/season-pass/page.tsx,2026-05-20T10:52:30+07:00,2026-05-20T10:52:30+07:00,1,1,1,0.80,admin
app/(site)/admin/settings/AGENTS.md,app/(site)/admin/settings/AGENTS.md,2026-05-20T10:52:30+07:00,2026-05-20T10:52:30+07:00,1,1,1,0.80,admin
app/(site)/admin/settings/page.tsx,app/(site)/admin/settings/page.tsx,2026-05-20T10:52:30+07:00,2026-05-21T12:46:21+07:00,2,2,1,0.80,admin
app/(site)/admin/slips/AGENTS.md,app/(site)/admin/slips/AGENTS.md,2026-05-20T10:52:30+07:00,2026-05-20T10:52:30+07:00,1,1,1,0.80,admin
app/(site)/admin/slips/page.tsx,app/(site)/admin/slips/page.tsx,2026-05-20T10:52:30+07:00,2026-05-20T10:52:30+07:00,1,1,1,0.80,admin
app/(site)/admin/users/AGENTS.md,app/(site)/admin/users/AGENTS.md,2026-05-20T10:52:30+07:00,2026-05-20T10:52:30+07:00,1,1,1,0.80,admin
app/(site)/admin/users/AdminUsersClient.tsx,app/(site)/admin/users/AdminUsersClient.tsx,2026-05-20T10:52:30+07:00,2026-05-20T10:52:30+07:00,1,1,1,0.80,admin
app/(site)/admin/users/page.tsx,app/(site)/admin/users/page.tsx,2026-05-20T10:52:30+07:00,2026-05-20T10:52:30+07:00,1,1,1,0.80,admin
app/(site)/dashboard/AGENTS.md,app/(site)/dashboard/AGENTS.md,2026-05-20T10:52:30+07:00,2026-05-21T12:46:21+07:00,2,2,1,0.00,
app/(site)/dashboard/inventory/AGENTS.md,app/(site)/dashboard/inventory/AGENTS.md,2026-05-20T10:52:30+07:00,2026-05-20T10:52:30+07:00,1,1,1,0.00,
app/(site)/dashboard/inventory/page.tsx,app/(site)/dashboard/inventory/page.tsx,2026-05-20T10:52:30+07:00,2026-05-21T12:46:21+07:00,2,2,1,0.00,
app/(site)/dashboard/layout.tsx,app/(site)/dashboard/layout.tsx,2026-05-20T10:52:30+07:00,2026-05-20T10:52:30+07:00,1,1,1,0.00,
app/(site)/dashboard/loading.tsx,app/(site)/dashboard/loading.tsx,2026-05-20T10:52:30+07:00,2026-05-20T10:52:30+07:00,1,1,1,0.00,
app/(site)/dashboard/page.tsx,app/(site)/dashboard/page.tsx,2026-05-20T10:52:30+07:00,2026-05-20T10:52:30+07:00,1,1,1,0.00,
app/(site)/dashboard/season-pass/AGENTS.md,app/(site)/dashboard/season-pass/AGENTS.md,2026-05-20T10:52:30+07:00,2026-05-20T10:52:30+07:00,1,1,1,0.80,season-pass
app/(site)/dashboard/season-pass/page.tsx,app/(site)/dashboard/season-pass/page.tsx,2026-05-20T10:52:30+07:00,2026-05-20T10:52:30+07:00,1,1,1,0.80,season-pass
app/(site)/dashboard/settings/AGENTS.md,app/(site)/dashboard/settings/AGENTS.md,2026-05-20T10:52:30+07:00,2026-05-20T10:52:30+07:00,1,1,1,0.00,
app/(site)/dashboard/settings/page.tsx,app/(site)/dashboard/settings/page.tsx,2026-05-20T10:52:30+07:00,2026-05-20T10:52:30+07:00,1,1,1,0.00,
app/(site)/dashboard/topup/AGENTS.md,app/(site)/dashboard/topup/AGENTS.md,2026-05-20T10:52:30+07:00,2026-05-20T10:52:30+07:00,1,1,1,0.70,topup
app/(site)/dashboard/topup/page.tsx,app/(site)/dashboard/topup/page.tsx,2026-05-20T10:52:30+07:00,2026-05-21T12:46:21+07:00,2,2,1,0.70,topup
app/(site)/dashboard/wallet/AGENTS.md,app/(site)/dashboard/wallet/AGENTS.md,2026-05-20T10:52:30+07:00,2026-05-20T10:52:30+07:00,1,1,1,0.00,
app/(site)/dashboard/wallet/page.tsx,app/(site)/dashboard/wallet/page.tsx,2026-05-20T10:52:30+07:00,2026-05-20T10:52:30+07:00,1,1,1,0.00,
app/(site)/forgot-password/ForgotPasswordForm.tsx,app/(site)/forgot-password/ForgotPasswordForm.tsx,2026-05-20T10:52:30+07:00,2026-05-20T10:52:30+07:00,1,1,1,0.00,
app/(site)/forgot-password/page.tsx,app/(site)/forgot-password/page.tsx,2026-05-20T10:52:30+07:00,2026-05-20T10:52:30+07:00,1,1,1,0.00,
app/(site)/gacha-grid/AGENTS.md,app/(site)/gacha-grid/AGENTS.md,2026-05-20T10:52:30+07:00,2026-05-20T10:52:30+07:00,1,1,1,0.70,gacha
app/(site)/gacha-grid/[machineId]/AGENTS.md,app/(site)/gacha-grid/[machineId]/AGENTS.md,2026-05-20T10:52:30+07:00,2026-05-20T10:52:30+07:00,1,1,1,0.70,gacha
app/(site)/gacha-grid/[machineId]/page.tsx,app/(site)/gacha-grid/[machineId]/page.tsx,2026-05-20T10:52:30+07:00,2026-05-20T10:52:30+07:00,1,1,1,0.70,gacha
app/(site)/gacha-grid/page.tsx,app/(site)/gacha-grid/page.tsx,2026-05-20T10:52:30+07:00,2026-05-20T10:52:30+07:00,1,1,1,0.70,gacha
app/(site)/gacha/AGENTS.md,app/(site)/gacha/AGENTS.md,2026-05-20T10:52:30+07:00,2026-05-20T10:52:30+07:00,1,1,1,0.70,gacha
app/(site)/gacha/[id]/AGENTS.md,app/(site)/gacha/[id]/AGENTS.md,2026-05-20T10:52:30+07:00,2026-05-20T10:52:30+07:00,1,1,1,0.70,gacha
app/(site)/gacha/[id]/page.tsx,app/(site)/gacha/[id]/page.tsx,2026-05-20T10:52:30+07:00,2026-05-20T10:52:30+07:00,1,1,1,0.70,gacha
app/(site)/gacha/page.tsx,app/(site)/gacha/page.tsx,2026-05-20T10:52:30+07:00,2026-05-20T10:52:30+07:00,1,1,1,0.70,gacha
app/(site)/gacha/play/AGENTS.md,app/(site)/gacha/play/AGENTS.md,2026-05-20T10:52:30+07:00,2026-05-20T10:52:30+07:00,1,1,1,0.70,gacha
app/(site)/gacha/play/page.tsx,app/(site)/gacha/play/page.tsx,2026-05-20T10:52:30+07:00,2026-05-20T10:52:30+07:00,1,1,1,0.70,gacha
app/(site)/gachapons/AGENTS.md,app/(site)/gachapons/AGENTS.md,2026-05-20T10:52:30+07:00,2026-05-20T10:52:30+07:00,1,1,1,1.40,gacha
app/(site)/gachapons/page.tsx,app/(site)/gachapons/page.tsx,2026-05-20T10:52:30+07:00,2026-05-20T10:52:30+07:00,1,1,1,1.40,gacha
app/(site)/help/AGENTS.md,app/(site)/help/AGENTS.md,2026-05-20T10:52:30+07:00,2026-05-20T10:52:30+07:00,1,1,1,0.00,
app/(site)/help/page.tsx,app/(site)/help/page.tsx,2026-05-20T10:52:30+07:00,2026-05-20T10:52:30+07:00,1,1,1,0.00,
app/(site)/home/page.tsx,app/(site)/home/page.tsx,2026-05-20T10:52:30+07:00,2026-05-20T10:52:30+07:00,1,1,1,0.00,
app/(site)/layout.tsx,app/(site)/layout.tsx,2026-05-20T10:52:30+07:00,2026-05-20T10:52:30+07:00,1,1,1,0.00,
app/(site)/login/AGENTS.md,app/(site)/login/AGENTS.md,2026-05-20T10:52:30+07:00,2026-05-21T12:46:21+07:00,2,2,1,0.00,
app/(site)/login/LoginForm.tsx,app/(site)/login/LoginForm.tsx,2026-05-20T10:52:30+07:00,2026-05-20T10:52:30+07:00,1,1,1,0.00,
app/(site)/login/page.tsx,app/(site)/login/page.tsx,2026-05-20T10:52:30+07:00,2026-05-20T10:52:30+07:00,1,1,1,0.00,
app/(site)/page.tsx,app/(site)/page.tsx,2026-05-20T10:52:30+07:00,2026-05-20T10:52:30+07:00,1,1,1,0.00,
app/(site)/product/AGENTS.md,app/(site)/product/AGENTS.md,2026-05-20T10:52:30+07:00,2026-05-20T10:52:30+07:00,1,1,1,0.00,
app/(site)/product/[id]/AGENTS.md,app/(site)/product/[id]/AGENTS.md,2026-05-20T10:52:30+07:00,2026-05-20T10:52:30+07:00,1,1,1,0.00,
app/(site)/product/[id]/page.tsx,app/(site)/product/[id]/page.tsx,2026-05-20T10:52:30+07:00,2026-05-20T10:52:30+07:00,1,1,1,0.00,
app/(site)/profile/AGENTS.md,app/(site)/profile/AGENTS.md,2026-05-20T10:52:30+07:00,2026-05-20T10:52:30+07:00,1,1,1,0.00,
app/(site)/profile/layout.tsx,app/(site)/profile/layout.tsx,2026-05-20T10:52:30+07:00,2026-05-20T10:52:30+07:00,1,1,1,0.00,
app/(site)/profile/settings/AGENTS.md,app/(site)/profile/settings/AGENTS.md,2026-05-20T10:52:30+07:00,2026-05-20T10:52:30+07:00,1,1,1,0.00,
app/(site)/profile/settings/loading.tsx,app/(site)/profile/settings/loading.tsx,2026-05-20T10:52:30+07:00,2026-05-20T10:52:30+07:00,1,1,1,0.00,
app/(site)/profile/settings/page.tsx,app/(site)/profile/settings/page.tsx,2026-05-20T10:52:30+07:00,2026-05-20T10:52:30+07:00,1,1,1,0.00,
app/(site)/register/AGENTS.md,app/(site)/register/AGENTS.md,2026-05-20T10:52:30+07:00,2026-05-20T10:52:30+07:00,1,1,1,0.00,
app/(site)/register/RegisterForm.tsx,app/(site)/register/RegisterForm.tsx,2026-05-20T10:52:30+07:00,2026-05-20T10:52:30+07:00,1,1,1,0.00,
app/(site)/register/page.tsx,app/(site)/register/page.tsx,2026-05-20T10:52:30+07:00,2026-05-20T10:52:30+07:00,1,1,1,0.00,
app/(site)/reset-password/ResetPasswordForm.tsx,app/(site)/reset-password/ResetPasswordForm.tsx,2026-05-20T10:52:30+07:00,2026-05-20T10:52:30+07:00,1,1,1,0.00,
app/(site)/reset-password/page.tsx,app/(site)/reset-password/page.tsx,2026-05-20T10:52:30+07:00,2026-05-20T10:52:30+07:00,1,1,1,0.00,
app/(site)/season-pass/AGENTS.md,app/(site)/season-pass/AGENTS.md,2026-05-20T10:52:30+07:00,2026-05-20T10:52:30+07:00,1,1,1,0.80,season-pass
app/(site)/season-pass/page.tsx,app/(site)/season-pass/page.tsx,2026-05-20T10:52:30+07:00,2026-05-20T10:52:30+07:00,1,1,1,0.80,season-pass
app/(site)/shop/AGENTS.md,app/(site)/shop/AGENTS.md,2026-05-20T10:52:30+07:00,2026-05-20T10:52:30+07:00,1,1,1,0.00,
app/(site)/shop/loading.tsx,app/(site)/shop/loading.tsx,2026-05-20T10:52:30+07:00,2026-05-20T10:52:30+07:00,1,1,1,0.00,
app/(site)/shop/page.tsx,app/(site)/shop/page.tsx,2026-05-20T10:52:30+07:00,2026-05-20T10:52:30+07:00,1,1,1,0.00,
app/(site)/test-loading/AGENTS.md,app/(site)/test-loading/AGENTS.md,2026-05-20T10:52:30+07:00,2026-05-20T10:52:30+07:00,1,1,1,0.00,
app/(site)/test-loading/page.tsx,app/(site)/test-loading/page.tsx,2026-05-20T10:52:30+07:00,2026-05-20T10:52:30+07:00,1,1,1,0.00,
app/(site)/verify-email/page.tsx,app/(site)/verify-email/page.tsx,2026-05-20T10:52:30+07:00,2026-05-20T10:52:30+07:00,1,1,1,0.00,
app/AGENTS.md,app/AGENTS.md,2026-04-26T16:31:35+07:00,2026-05-21T12:46:21+07:00,2,2,1,0.00,
app/admin/AGENTS.md,app/admin/AGENTS.md,2026-04-26T16:31:35+07:00,2026-05-20T10:52:30+07:00,2,2,1,0.00,
app/admin/audit-logs/AGENTS.md,app/admin/audit-logs/AGENTS.md,2026-04-26T16:31:35+07:00,2026-05-20T10:52:30+07:00,2,2,1,0.00,
app/admin/audit-logs/page.tsx,app/admin/audit-logs/page.tsx,2026-02-01T15:48:46+07:00,2026-05-20T10:52:30+07:00,19,19,2,0.00,
app/admin/chat/AGENTS.md,app/admin/chat/AGENTS.md,2026-04-26T16:31:35+07:00,2026-05-20T10:52:30+07:00,2,2,1,0.00,
app/admin/chat/page.tsx,app/admin/chat/page.tsx,2026-04-03T02:15:25+07:00,2026-05-20T10:52:30+07:00,2,2,1,0.00,
app/admin/currency-settings/AGENTS.md,app/admin/currency-settings/AGENTS.md,2026-04-26T16:31:35+07:00,2026-05-20T10:52:30+07:00,2,2,1,0.00,
app/admin/currency-settings/page.tsx,app/admin/currency-settings/page.tsx,2026-02-02T01:12:39+07:00,2026-05-20T10:52:30+07:00,9,9,2,0.00,
app/admin/export/AGENTS.md,app/admin/export/AGENTS.md,2026-04-26T16:31:35+07:00,2026-05-20T10:52:30+07:00,2,2,1,0.00,
app/admin/export/page.tsx,app/admin/export/page.tsx,2026-03-10T00:02:29+07:00,2026-05-20T10:52:30+07:00,8,8,1,0.00,
app/admin/footer-links/AGENTS.md,app/admin/footer-links/AGENTS.md,2026-04-26T16:31:35+07:00,2026-05-20T10:52:30+07:00,2,2,1,0.00,
app/admin/footer-links/page.tsx,app/admin/footer-links/page.tsx,2026-02-02T01:12:39+07:00,2026-05-20T10:52:30+07:00,13,13,2,0.00,
app/admin/gacha-grid/AGENTS.md,app/admin/gacha-grid/AGENTS.md,2026-04-26T16:31:35+07:00,2026-05-20T10:52:30+07:00,2,2,1,0.00,
app/admin/gacha-grid/page.tsx,app/admin/gacha-grid/page.tsx,2026-02-28T13:18:58+07:00,2026-05-20T10:52:30+07:00,9,9,2,0.00,
app/admin/gacha-machines/AGENTS.md,app/admin/gacha-machines/AGENTS.md,2026-04-26T16:31:35+07:00,2026-05-20T10:52:30+07:00,2,2,1,0.00,
app/admin/gacha-machines/[id]/AGENTS.md,app/admin/gacha-machines/[id]/AGENTS.md,2026-04-26T16:31:35+07:00,2026-05-20T10:52:30+07:00,2,2,1,0.00,
app/admin/gacha-machines/[id]/edit/AGENTS.md,app/admin/gacha-machines/[id]/edit/AGENTS.md,2026-04-26T16:31:35+07:00,2026-05-20T10:52:30+07:00,2,2,1,0.00,
app/admin/gacha-machines/[id]/edit/page.tsx,app/admin/gacha-machines/[id]/edit/page.tsx,2026-02-28T13:18:58+07:00,2026-05-20T10:52:30+07:00,19,19,2,0.00,
app/admin/gacha-machines/page.tsx,app/admin/gacha-machines/page.tsx,2026-02-23T22:14:30+07:00,2026-05-20T10:52:30+07:00,23,23,2,0.00,
app/admin/gacha-settings/AGENTS.md,app/admin/gacha-settings/AGENTS.md,2026-04-26T16:31:35+07:00,2026-05-20T10:52:30+07:00,2,2,1,0.00,
app/admin/gacha-settings/page.tsx,app/admin/gacha-settings/page.tsx,2026-02-19T17:09:35+07:00,2026-05-20T10:52:30+07:00,11,11,2,0.00,
app/admin/help/AGENTS.md,app/admin/help/AGENTS.md,2026-04-26T16:31:35+07:00,2026-05-20T10:52:30+07:00,2,2,1,0.00,
app/admin/help/page.tsx,app/admin/help/page.tsx,2026-02-01T14:59:03+07:00,2026-05-20T10:52:30+07:00,8,8,2,0.00,
app/admin/layout.tsx,app/admin/layout.tsx,2026-01-22T13:45:34+07:00,2026-05-20T10:52:30+07:00,19,19,2,0.00,
app/admin/nav-items/AGENTS.md,app/admin/nav-items/AGENTS.md,2026-04-26T16:31:35+07:00,2026-05-20T10:52:30+07:00,2,2,1,0.00,
app/admin/nav-items/page.tsx,app/admin/nav-items/page.tsx,2026-02-02T01:12:39+07:00,2026-05-20T10:52:30+07:00,9,9,2,0.00,
app/admin/news/AGENTS.md,app/admin/news/AGENTS.md,2026-04-26T16:31:35+07:00,2026-05-20T10:52:30+07:00,2,2,1,0.00,
app/admin/news/page.tsx,app/admin/news/page.tsx,2026-02-01T14:59:03+07:00,2026-05-20T10:52:30+07:00,26,26,2,0.00,
app/admin/page.tsx,app/admin/page.tsx,2026-01-22T13:45:34+07:00,2026-05-20T10:52:30+07:00,17,17,2,0.00,
app/admin/popups/AGENTS.md,app/admin/popups/AGENTS.md,2026-04-26T16:31:35+07:00,2026-05-20T10:52:30+07:00,2,2,1,0.00,
app/admin/popups/page.tsx,app/admin/popups/page.tsx,2026-02-08T20:40:36+07:00,2026-05-20T10:52:30+07:00,21,21,2,0.00,
app/admin/products/AGENTS.md,app/admin/products/AGENTS.md,2026-04-26T16:31:35+07:00,2026-05-20T10:52:30+07:00,2,2,1,0.00,
app/admin/products/[id]/AGENTS.md,app/admin/products/[id]/AGENTS.md,2026-04-26T16:31:35+07:00,2026-05-20T10:52:30+07:00,2,2,1,0.00,
app/admin/products/[id]/edit/AGENTS.md,app/admin/products/[id]/edit/AGENTS.md,2026-04-26T16:31:35+07:00,2026-05-20T10:52:30+07:00,2,2,1,0.00,
app/admin/products/[id]/edit/page.tsx,app/admin/products/[id]/edit/page.tsx,2026-01-22T13:45:34+07:00,2026-05-20T10:52:30+07:00,20,20,2,0.00,
app/admin/products/[id]/stock/AGENTS.md,app/admin/products/[id]/stock/AGENTS.md,2026-04-26T16:31:35+07:00,2026-05-20T10:52:30+07:00,2,2,1,0.00,
app/admin/products/[id]/stock/page.tsx,app/admin/products/[id]/stock/page.tsx,2026-02-08T20:40:36+07:00,2026-05-20T10:52:30+07:00,13,13,2,0.00,
app/admin/products/new/AGENTS.md,app/admin/products/new/AGENTS.md,2026-04-26T16:31:35+07:00,2026-05-20T10:52:30+07:00,2,2,1,0.00,
app/admin/products/new/page.tsx,app/admin/products/new/page.tsx,2026-01-22T13:45:34+07:00,2026-05-20T10:52:30+07:00,22,22,2,0.00,
app/admin/products/page.tsx,app/admin/products/page.tsx,2026-01-22T13:45:34+07:00,2026-05-20T10:52:30+07:00,17,17,2,0.00,
app/admin/products/trash/AGENTS.md,app/admin/products/trash/AGENTS.md,2026-04-26T16:31:35+07:00,2026-05-20T10:52:30+07:00,2,2,1,0.00,
app/admin/products/trash/page.tsx,app/admin/products/trash/page.tsx,2026-03-19T21:24:04+07:00,2026-05-20T10:52:30+07:00,4,4,1,0.00,
app/admin/promo-codes/AGENTS.md,app/admin/promo-codes/AGENTS.md,2026-04-26T16:31:35+07:00,2026-05-20T10:52:30+07:00,2,2,1,0.00,
app/admin/promo-codes/page.tsx,app/admin/promo-codes/page.tsx,2026-02-02T01:12:39+07:00,2026-05-20T10:52:30+07:00,14,14,2,0.00,
app/admin/roles/AGENTS.md,app/admin/roles/AGENTS.md,2026-04-26T16:31:35+07:00,2026-05-20T10:52:30+07:00,2,2,1,0.00,
app/admin/roles/page.tsx,app/admin/roles/page.tsx,2026-02-08T20:40:36+07:00,2026-05-20T10:52:30+07:00,16,16,2,0.00,
app/admin/season-pass/AGENTS.md,app/admin/season-pass/AGENTS.md,2026-04-26T16:31:35+07:00,2026-05-20T10:52:30+07:00,2,2,1,0.00,
app/admin/season-pass/edit/AGENTS.md,app/admin/season-pass/edit/AGENTS.md,2026-04-26T16:31:35+07:00,2026-05-20T10:52:30+07:00,2,2,1,0.00,
app/admin/season-pass/edit/page.tsx,app/admin/season-pass/edit/page.tsx,2026-04-06T23:35:28+07:00,2026-05-20T10:52:30+07:00,6,6,1,0.00,
app/admin/season-pass/logs/AGENTS.md,app/admin/season-pass/logs/AGENTS.md,2026-04-26T16:31:35+07:00,2026-05-20T10:52:30+07:00,2,2,1,0.00,
app/admin/season-pass/logs/page.tsx,app/admin/season-pass/logs/page.tsx,2026-04-07T15:57:08+07:00,2026-05-20T10:52:30+07:00,4,4,1,0.00,
app/admin/season-pass/page.tsx,app/admin/season-pass/page.tsx,2026-04-06T23:35:28+07:00,2026-05-20T10:52:30+07:00,7,7,1,0.00,
app/admin/settings/AGENTS.md,app/admin/settings/AGENTS.md,2026-04-26T16:31:35+07:00,2026-05-20T10:52:30+07:00,2,2,1,0.00,
app/admin/settings/page.tsx,app/admin/settings/page.tsx,2026-01-22T13:45:34+07:00,2026-05-20T10:52:30+07:00,24,24,2,0.00,
app/admin/slips/AGENTS.md,app/admin/slips/AGENTS.md,2026-04-26T16:31:35+07:00,2026-05-20T10:52:30+07:00,2,2,1,0.00,
app/admin/slips/page.tsx,app/admin/slips/page.tsx,2026-01-22T13:45:34+07:00,2026-05-20T10:52:30+07:00,14,14,2,0.00,
app/admin/users/AGENTS.md,app/admin/users/AGENTS.md,2026-04-26T16:31:35+07:00,2026-05-20T10:52:30+07:00,2,2,1,0.00,
app/admin/users/AdminUsersClient.tsx,app/admin/users/AdminUsersClient.tsx,2026-02-02T01:12:39+07:00,2026-05-20T10:52:30+07:00,21,21,2,0.00,
app/admin/users/page.tsx,app/admin/users/page.tsx,2026-01-22T13:45:34+07:00,2026-05-20T10:52:30+07:00,11,11,2,0.00,
app/api/AGENTS.md,app/api/AGENTS.md,2026-04-26T16:31:35+07:00,2026-05-21T12:46:21+07:00,2,2,1,0.00,
app/api/admin/AGENTS.md,app/api/admin/AGENTS.md,2026-04-26T16:31:35+07:00,2026-04-26T16:31:35+07:00,1,1,1,1.00,admin-api
app/api/admin/audit-logs/AGENTS.md,app/api/admin/audit-logs/AGENTS.md,2026-04-26T16:31:35+07:00,2026-04-26T16:31:35+07:00,1,1,1,1.00,admin-api
app/api/admin/audit-logs/route.ts,app/api/admin/audit-logs/route.ts,2026-02-01T15:48:46+07:00,2026-04-12T16:25:57+07:00,11,11,2,1.00,admin-api
app/api/admin/auto-delete/AGENTS.md,app/api/admin/auto-delete/AGENTS.md,2026-04-26T16:31:35+07:00,2026-04-26T16:31:35+07:00,1,1,1,1.00,admin-api
app/api/admin/auto-delete/run/AGENTS.md,app/api/admin/auto-delete/run/AGENTS.md,2026-04-26T16:31:35+07:00,2026-04-26T16:31:35+07:00,1,1,1,1.00,admin-api
app/api/admin/auto-delete/run/route.ts,app/api/admin/auto-delete/run/route.ts,2026-03-19T21:24:04+07:00,2026-04-10T23:14:05+07:00,5,5,1,1.00,admin-api
app/api/admin/chat/AGENTS.md,app/api/admin/chat/AGENTS.md,2026-04-26T16:31:35+07:00,2026-04-26T16:31:35+07:00,1,1,1,1.80,admin-api;uploads
app/api/admin/chat/cleanup-expired-images/AGENTS.md,app/api/admin/chat/cleanup-expired-images/AGENTS.md,2026-04-26T16:31:35+07:00,2026-04-26T16:31:35+07:00,1,1,1,1.80,admin-api;uploads
app/api/admin/chat/cleanup-expired-images/run/AGENTS.md,app/api/admin/chat/cleanup-expired-images/run/AGENTS.md,2026-04-26T16:31:35+07:00,2026-04-26T16:31:35+07:00,1,1,1,1.80,admin-api;uploads
app/api/admin/chat/cleanup-expired-images/run/route.ts,app/api/admin/chat/cleanup-expired-images/run/route.ts,2026-04-03T02:15:25+07:00,2026-04-03T02:15:25+07:00,1,1,1,1.80,admin-api;uploads
app/api/admin/chat/conversations/AGENTS.md,app/api/admin/chat/conversations/AGENTS.md,2026-04-26T16:31:35+07:00,2026-04-26T16:31:35+07:00,1,1,1,1.80,admin-api;uploads
app/api/admin/chat/conversations/[id]/AGENTS.md,app/api/admin/chat/conversations/[id]/AGENTS.md,2026-04-26T16:31:35+07:00,2026-04-26T16:31:35+07:00,1,1,1,1.80,admin-api;uploads
app/api/admin/chat/conversations/[id]/images/AGENTS.md,app/api/admin/chat/conversations/[id]/images/AGENTS.md,2026-04-26T16:31:35+07:00,2026-04-26T16:31:35+07:00,1,1,1,1.80,admin-api;uploads
app/api/admin/chat/conversations/[id]/images/route.ts,app/api/admin/chat/conversations/[id]/images/route.ts,2026-04-03T02:15:25+07:00,2026-04-10T23:14:05+07:00,2,2,1,1.80,admin-api;uploads
app/api/admin/chat/conversations/[id]/messages/AGENTS.md,app/api/admin/chat/conversations/[id]/messages/AGENTS.md,2026-04-26T16:31:35+07:00,2026-04-26T16:31:35+07:00,1,1,1,1.80,admin-api;uploads
app/api/admin/chat/conversations/[id]/messages/route.ts,app/api/admin/chat/conversations/[id]/messages/route.ts,2026-04-03T02:15:25+07:00,2026-04-10T23:14:05+07:00,3,3,1,1.80,admin-api;uploads
app/api/admin/chat/conversations/[id]/read/AGENTS.md,app/api/admin/chat/conversations/[id]/read/AGENTS.md,2026-04-26T16:31:35+07:00,2026-04-26T16:31:35+07:00,1,1,1,1.80,admin-api;uploads
app/api/admin/chat/conversations/[id]/read/route.ts,app/api/admin/chat/conversations/[id]/read/route.ts,2026-04-03T02:15:25+07:00,2026-04-10T23:14:05+07:00,2,2,1,1.80,admin-api;uploads
app/api/admin/chat/conversations/[id]/route.ts,app/api/admin/chat/conversations/[id]/route.ts,2026-04-03T02:15:25+07:00,2026-04-10T23:14:05+07:00,3,3,1,1.80,admin-api;uploads
app/api/admin/chat/conversations/route.ts,app/api/admin/chat/conversations/route.ts,2026-04-03T02:15:25+07:00,2026-04-10T23:14:05+07:00,2,2,1,1.80,admin-api;uploads
app/api/admin/chat/templates/AGENTS.md,app/api/admin/chat/templates/AGENTS.md,2026-04-26T16:31:35+07:00,2026-04-26T16:31:35+07:00,1,1,1,1.80,admin-api;uploads
app/api/admin/chat/templates/[id]/AGENTS.md,app/api/admin/chat/templates/[id]/AGENTS.md,2026-04-26T16:31:35+07:00,2026-04-26T16:31:35+07:00,1,1,1,1.80,admin-api;uploads
app/api/admin/chat/templates/[id]/route.ts,app/api/admin/chat/templates/[id]/route.ts,2026-04-03T18:54:16+07:00,2026-04-10T23:14:05+07:00,2,2,1,1.80,admin-api;uploads
app/api/admin/chat/templates/route.ts,app/api/admin/chat/templates/route.ts,2026-04-03T18:54:16+07:00,2026-04-10T23:14:05+07:00,2,2,1,1.80,admin-api;uploads
app/api/admin/currency-settings/AGENTS.md,app/api/admin/currency-settings/AGENTS.md,2026-04-26T16:31:35+07:00,2026-04-26T16:31:35+07:00,1,1,1,1.00,admin-api
app/api/admin/currency-settings/route.ts,app/api/admin/currency-settings/route.ts,2026-02-02T01:12:39+07:00,2026-05-20T10:52:30+07:00,9,9,2,1.00,admin-api
app/api/admin/easyslip-info/AGENTS.md,app/api/admin/easyslip-info/AGENTS.md,2026-04-26T16:31:35+07:00,2026-04-26T16:31:35+07:00,1,1,1,1.00,admin-api
app/api/admin/easyslip-info/route.ts,app/api/admin/easyslip-info/route.ts,2026-04-09T01:28:19+07:00,2026-04-10T23:14:05+07:00,2,2,1,1.00,admin-api
app/api/admin/export/AGENTS.md,app/api/admin/export/AGENTS.md,2026-04-26T16:31:35+07:00,2026-04-26T16:31:35+07:00,1,1,1,1.00,admin-api
app/api/admin/export/route.ts,app/api/admin/export/route.ts,2026-03-10T00:02:29+07:00,2026-05-20T10:52:30+07:00,7,7,1,1.00,admin-api
app/api/admin/footer-links/AGENTS.md,app/api/admin/footer-links/AGENTS.md,2026-04-26T16:31:35+07:00,2026-04-26T16:31:35+07:00,1,1,1,1.00,admin-api
app/api/admin/footer-links/[id]/AGENTS.md,app/api/admin/footer-links/[id]/AGENTS.md,2026-04-26T16:31:35+07:00,2026-04-26T16:31:35+07:00,1,1,1,1.00,admin-api
app/api/admin/footer-links/[id]/route.ts,app/api/admin/footer-links/[id]/route.ts,2026-02-02T01:12:39+07:00,2026-05-20T10:52:30+07:00,9,9,2,1.00,admin-api
app/api/admin/footer-links/route.ts,app/api/admin/footer-links/route.ts,2026-02-02T01:12:39+07:00,2026-05-20T10:52:30+07:00,10,10,2,1.00,admin-api
app/api/admin/footer-links/settings/AGENTS.md,app/api/admin/footer-links/settings/AGENTS.md,2026-04-26T16:31:35+07:00,2026-04-26T16:31:35+07:00,1,1,1,1.00,admin-api
app/api/admin/footer-links/settings/route.ts,app/api/admin/footer-links/settings/route.ts,2026-02-02T01:12:39+07:00,2026-05-20T10:52:30+07:00,9,9,2,1.00,admin-api
app/api/admin/gacha-categories/AGENTS.md,app/api/admin/gacha-categories/AGENTS.md,2026-04-26T16:31:35+07:00,2026-04-26T16:31:35+07:00,1,1,1,1.00,admin-api
app/api/admin/gacha-categories/[id]/AGENTS.md,app/api/admin/gacha-categories/[id]/AGENTS.md,2026-04-26T16:31:35+07:00,2026-04-26T16:31:35+07:00,1,1,1,1.00,admin-api
app/api/admin/gacha-categories/[id]/route.ts,app/api/admin/gacha-categories/[id]/route.ts,2026-02-23T22:14:30+07:00,2026-04-10T23:14:05+07:00,8,8,2,1.00,admin-api
app/api/admin/gacha-categories/route.ts,app/api/admin/gacha-categories/route.ts,2026-02-23T22:14:30+07:00,2026-04-10T23:14:05+07:00,9,9,2,1.00,admin-api
app/api/admin/gacha-machines/AGENTS.md,app/api/admin/gacha-machines/AGENTS.md,2026-04-26T16:31:35+07:00,2026-04-26T16:31:35+07:00,1,1,1,1.00,admin-api
app/api/admin/gacha-machines/[id]/AGENTS.md,app/api/admin/gacha-machines/[id]/AGENTS.md,2026-04-26T16:31:35+07:00,2026-04-26T16:31:35+07:00,1,1,1,1.00,admin-api
app/api/admin/gacha-machines/[id]/duplicate/AGENTS.md,app/api/admin/gacha-machines/[id]/duplicate/AGENTS.md,2026-04-26T16:31:35+07:00,2026-04-26T16:31:35+07:00,1,1,1,1.00,admin-api
app/api/admin/gacha-machines/[id]/duplicate/route.ts,app/api/admin/gacha-machines/[id]/duplicate/route.ts,2026-03-04T09:08:36+07:00,2026-05-20T10:52:30+07:00,9,9,2,1.00,admin-api
app/api/admin/gacha-machines/[id]/route.ts,app/api/admin/gacha-machines/[id]/route.ts,2026-02-23T22:14:30+07:00,2026-05-20T10:52:30+07:00,12,12,2,1.00,admin-api
app/api/admin/gacha-machines/reorder/AGENTS.md,app/api/admin/gacha-machines/reorder/AGENTS.md,2026-04-26T16:31:35+07:00,2026-04-26T16:31:35+07:00,1,1,1,1.00,admin-api
app/api/admin/gacha-machines/reorder/route.ts,app/api/admin/gacha-machines/reorder/route.ts,2026-03-04T09:08:36+07:00,2026-05-20T10:52:30+07:00,7,7,2,1.00,admin-api
app/api/admin/gacha-machines/route.ts,app/api/admin/gacha-machines/route.ts,2026-02-23T22:14:30+07:00,2026-05-20T10:52:30+07:00,14,14,2,1.00,admin-api
app/api/admin/gacha-machines/upload-image/AGENTS.md,app/api/admin/gacha-machines/upload-image/AGENTS.md,2026-04-26T16:31:35+07:00,2026-04-26T16:31:35+07:00,1,1,1,1.00,admin-api
app/api/admin/gacha-machines/upload-image/route.ts,app/api/admin/gacha-machines/upload-image/route.ts,2026-02-28T13:18:58+07:00,2026-04-11T11:51:02+07:00,8,8,2,1.00,admin-api
app/api/admin/gacha-products/AGENTS.md,app/api/admin/gacha-products/AGENTS.md,2026-04-26T16:31:35+07:00,2026-04-26T16:31:35+07:00,1,1,1,1.00,admin-api
app/api/admin/gacha-products/route.ts,app/api/admin/gacha-products/route.ts,2026-02-19T17:09:35+07:00,2026-05-20T10:52:30+07:00,8,8,2,1.00,admin-api
app/api/admin/gacha-rewards/AGENTS.md,app/api/admin/gacha-rewards/AGENTS.md,2026-04-26T16:31:35+07:00,2026-04-26T16:31:35+07:00,1,1,1,1.00,admin-api
app/api/admin/gacha-rewards/[id]/AGENTS.md,app/api/admin/gacha-rewards/[id]/AGENTS.md,2026-04-26T16:31:35+07:00,2026-04-26T16:31:35+07:00,1,1,1,1.00,admin-api
app/api/admin/gacha-rewards/[id]/route.ts,app/api/admin/gacha-rewards/[id]/route.ts,2026-02-19T17:09:35+07:00,2026-05-20T10:52:30+07:00,14,14,2,1.00,admin-api
app/api/admin/gacha-rewards/route.ts,app/api/admin/gacha-rewards/route.ts,2026-02-19T17:09:35+07:00,2026-05-20T10:52:30+07:00,13,13,2,1.00,admin-api
app/api/admin/gacha-rewards/upload-image/AGENTS.md,app/api/admin/gacha-rewards/upload-image/AGENTS.md,2026-04-26T16:31:35+07:00,2026-04-26T16:31:35+07:00,1,1,1,1.00,admin-api
app/api/admin/gacha-rewards/upload-image/route.ts,app/api/admin/gacha-rewards/upload-image/route.ts,2026-02-19T17:09:35+07:00,2026-04-11T11:51:02+07:00,8,8,2,1.00,admin-api
app/api/admin/gacha-settings/AGENTS.md,app/api/admin/gacha-settings/AGENTS.md,2026-04-26T16:31:35+07:00,2026-04-26T16:31:35+07:00,1,1,1,1.00,admin-api
app/api/admin/gacha-settings/route.ts,app/api/admin/gacha-settings/route.ts,2026-02-19T17:09:35+07:00,2026-05-20T10:52:30+07:00,9,9,2,1.00,admin-api
app/api/admin/help-videos/AGENTS.md,app/api/admin/help-videos/AGENTS.md,2026-04-26T16:31:35+07:00,2026-04-26T16:31:35+07:00,1,1,1,1.00,admin-api
app/api/admin/help-videos/[id]/AGENTS.md,app/api/admin/help-videos/[id]/AGENTS.md,2026-04-26T16:31:35+07:00,2026-04-26T16:31:35+07:00,1,1,1,1.00,admin-api
app/api/admin/help-videos/[id]/route.ts,app/api/admin/help-videos/[id]/route.ts,2026-04-12T20:06:35+07:00,2026-05-20T10:52:30+07:00,3,3,1,1.00,admin-api
app/api/admin/help-videos/route.ts,app/api/admin/help-videos/route.ts,2026-04-12T20:06:35+07:00,2026-05-20T10:52:30+07:00,2,2,1,1.00,admin-api
app/api/admin/help/AGENTS.md,app/api/admin/help/AGENTS.md,2026-04-26T16:31:35+07:00,2026-04-26T16:31:35+07:00,1,1,1,1.00,admin-api
app/api/admin/help/[id]/AGENTS.md,app/api/admin/help/[id]/AGENTS.md,2026-04-26T16:31:35+07:00,2026-04-26T16:31:35+07:00,1,1,1,1.00,admin-api
app/api/admin/help/[id]/route.ts,app/api/admin/help/[id]/route.ts,2026-02-01T14:59:03+07:00,2026-05-20T10:52:30+07:00,12,12,2,1.00,admin-api
app/api/admin/help/route.ts,app/api/admin/help/route.ts,2026-02-01T14:59:03+07:00,2026-05-20T10:52:30+07:00,11,11,2,1.00,admin-api
app/api/admin/nav-items/AGENTS.md,app/api/admin/nav-items/AGENTS.md,2026-04-26T16:31:35+07:00,2026-04-26T16:31:35+07:00,1,1,1,1.00,admin-api
app/api/admin/nav-items/[id]/AGENTS.md,app/api/admin/nav-items/[id]/AGENTS.md,2026-04-26T16:31:35+07:00,2026-04-26T16:31:35+07:00,1,1,1,1.00,admin-api
app/api/admin/nav-items/[id]/route.ts,app/api/admin/nav-items/[id]/route.ts,2026-02-02T01:12:39+07:00,2026-05-20T10:52:30+07:00,8,8,2,1.00,admin-api
app/api/admin/nav-items/route.ts,app/api/admin/nav-items/route.ts,2026-02-02T01:12:39+07:00,2026-05-20T10:52:30+07:00,9,9,2,1.00,admin-api
app/api/admin/news/AGENTS.md,app/api/admin/news/AGENTS.md,2026-04-26T16:31:35+07:00,2026-04-26T16:31:35+07:00,1,1,1,1.00,admin-api
app/api/admin/news/[id]/AGENTS.md,app/api/admin/news/[id]/AGENTS.md,2026-04-26T16:31:35+07:00,2026-04-26T16:31:35+07:00,1,1,1,1.00,admin-api
app/api/admin/news/[id]/route.ts,app/api/admin/news/[id]/route.ts,2026-02-01T14:59:03+07:00,2026-05-20T10:52:30+07:00,9,9,2,1.00,admin-api
app/api/admin/news/route.ts,app/api/admin/news/route.ts,2026-02-01T14:59:03+07:00,2026-05-20T10:52:30+07:00,12,12,2,1.00,admin-api
app/api/admin/popups/AGENTS.md,app/api/admin/popups/AGENTS.md,2026-04-26T16:31:35+07:00,2026-04-26T16:31:35+07:00,1,1,1,1.00,admin-api
app/api/admin/popups/[id]/AGENTS.md,app/api/admin/popups/[id]/AGENTS.md,2026-04-26T16:31:35+07:00,2026-04-26T16:31:35+07:00,1,1,1,1.00,admin-api
app/api/admin/popups/[id]/route.ts,app/api/admin/popups/[id]/route.ts,2026-02-08T20:40:36+07:00,2026-05-20T10:52:30+07:00,9,9,2,1.00,admin-api
app/api/admin/popups/route.ts,app/api/admin/popups/route.ts,2026-02-08T20:40:36+07:00,2026-05-20T10:52:30+07:00,9,9,2,1.00,admin-api
app/api/admin/products/AGENTS.md,app/api/admin/products/AGENTS.md,2026-04-26T16:31:35+07:00,2026-04-26T16:31:35+07:00,1,1,1,1.00,admin-api
app/api/admin/products/[id]/AGENTS.md,app/api/admin/products/[id]/AGENTS.md,2026-04-26T16:31:35+07:00,2026-04-26T16:31:35+07:00,1,1,1,1.00,admin-api
app/api/admin/products/[id]/duplicate/AGENTS.md,app/api/admin/products/[id]/duplicate/AGENTS.md,2026-04-26T16:31:35+07:00,2026-04-26T16:31:35+07:00,1,1,1,1.00,admin-api
app/api/admin/products/[id]/duplicate/route.ts,app/api/admin/products/[id]/duplicate/route.ts,2026-02-01T14:59:03+07:00,2026-05-20T10:52:30+07:00,11,11,2,1.00,admin-api
app/api/admin/products/[id]/featured/AGENTS.md,app/api/admin/products/[id]/featured/AGENTS.md,2026-04-26T16:31:35+07:00,2026-04-26T16:31:35+07:00,1,1,1,1.00,admin-api
app/api/admin/products/[id]/featured/route.ts,app/api/admin/products/[id]/featured/route.ts,2026-02-01T14:59:03+07:00,2026-04-30T14:10:22+07:00,9,9,2,1.00,admin-api
app/api/admin/promo-codes/AGENTS.md,app/api/admin/promo-codes/AGENTS.md,2026-04-26T16:31:35+07:00,2026-04-26T16:31:35+07:00,1,1,1,1.00,admin-api
app/api/admin/promo-codes/[id]/AGENTS.md,app/api/admin/promo-codes/[id]/AGENTS.md,2026-04-26T16:31:35+07:00,2026-04-26T16:31:35+07:00,1,1,1,1.00,admin-api
app/api/admin/promo-codes/[id]/route.ts,app/api/admin/promo-codes/[id]/route.ts,2026-02-02T01:12:39+07:00,2026-04-10T23:14:05+07:00,9,9,2,1.00,admin-api
app/api/admin/promo-codes/route.ts,app/api/admin/promo-codes/route.ts,2026-02-02T01:12:39+07:00,2026-04-10T23:14:05+07:00,11,11,2,1.00,admin-api
app/api/admin/roles/AGENTS.md,app/api/admin/roles/AGENTS.md,2026-04-26T16:31:35+07:00,2026-04-26T16:31:35+07:00,1,1,1,1.00,admin-api
app/api/admin/roles/[id]/AGENTS.md,app/api/admin/roles/[id]/AGENTS.md,2026-04-26T16:31:35+07:00,2026-04-26T16:31:35+07:00,1,1,1,1.00,admin-api
app/api/admin/roles/[id]/route.ts,app/api/admin/roles/[id]/route.ts,2026-02-08T20:40:36+07:00,2026-05-20T10:52:30+07:00,11,11,2,1.00,admin-api
app/api/admin/roles/route.ts,app/api/admin/roles/route.ts,2026-02-08T20:40:36+07:00,2026-05-20T10:52:30+07:00,11,11,2,1.00,admin-api
app/api/admin/season-pass/AGENTS.md,app/api/admin/season-pass/AGENTS.md,2026-04-26T16:31:35+07:00,2026-04-26T16:31:35+07:00,1,1,1,2.00,admin-api;season-pass
app/api/admin/season-pass/plan/AGENTS.md,app/api/admin/season-pass/plan/AGENTS.md,2026-04-26T16:31:35+07:00,2026-04-26T16:31:35+07:00,1,1,1,2.00,admin-api;season-pass
app/api/admin/season-pass/plan/route.ts,app/api/admin/season-pass/plan/route.ts,2026-04-06T23:35:28+07:00,2026-05-20T10:52:30+07:00,4,4,1,2.00,admin-api;season-pass
app/api/admin/season-pass/rewards/AGENTS.md,app/api/admin/season-pass/rewards/AGENTS.md,2026-04-26T16:31:35+07:00,2026-04-26T16:31:35+07:00,1,1,1,2.00,admin-api;season-pass
app/api/admin/season-pass/rewards/route.ts,app/api/admin/season-pass/rewards/route.ts,2026-04-06T23:35:28+07:00,2026-05-20T10:52:30+07:00,3,3,1,2.00,admin-api;season-pass
app/api/admin/season-pass/upload-image/AGENTS.md,app/api/admin/season-pass/upload-image/AGENTS.md,2026-04-26T16:31:35+07:00,2026-04-26T16:31:35+07:00,1,1,1,2.00,admin-api;season-pass
app/api/admin/season-pass/upload-image/route.ts,app/api/admin/season-pass/upload-image/route.ts,2026-04-06T23:35:28+07:00,2026-05-20T10:52:30+07:00,4,4,1,2.00,admin-api;season-pass
app/api/admin/settings/AGENTS.md,app/api/admin/settings/AGENTS.md,2026-04-26T16:31:35+07:00,2026-04-26T16:31:35+07:00,1,1,1,1.00,admin-api
app/api/admin/settings/route.ts,app/api/admin/settings/route.ts,2026-01-22T13:45:34+07:00,2026-04-30T14:10:22+07:00,13,13,2,1.00,admin-api
app/api/admin/slips/AGENTS.md,app/api/admin/slips/AGENTS.md,2026-04-26T16:31:35+07:00,2026-04-26T16:31:35+07:00,1,1,1,2.00,admin-api;topup
app/api/admin/slips/[id]/AGENTS.md,app/api/admin/slips/[id]/AGENTS.md,2026-04-26T16:31:35+07:00,2026-04-26T16:31:35+07:00,1,1,1,2.00,admin-api;topup
app/api/admin/slips/[id]/image/AGENTS.md,app/api/admin/slips/[id]/image/AGENTS.md,2026-04-26T16:31:35+07:00,2026-04-26T16:31:35+07:00,1,1,1,2.00,admin-api;topup
app/api/admin/slips/[id]/image/route.ts,app/api/admin/slips/[id]/image/route.ts,2026-04-06T23:35:28+07:00,2026-05-06T23:50:05+07:00,3,3,1,2.00,admin-api;topup
app/api/admin/slips/route.ts,app/api/admin/slips/route.ts,2026-01-22T13:45:34+07:00,2026-04-30T14:10:22+07:00,8,8,2,2.00,admin-api;topup
app/api/admin/users/AGENTS.md,app/api/admin/users/AGENTS.md,2026-04-26T16:31:35+07:00,2026-04-26T16:31:35+07:00,1,1,1,1.00,admin-api
app/api/admin/users/[id]/AGENTS.md,app/api/admin/users/[id]/AGENTS.md,2026-04-26T16:31:35+07:00,2026-04-26T16:31:35+07:00,1,1,1,1.00,admin-api
app/api/admin/users/[id]/route.ts,app/api/admin/users/[id]/route.ts,2026-02-02T01:12:39+07:00,2026-05-20T10:52:30+07:00,17,17,2,1.00,admin-api
app/api/auth/AGENTS.md,app/api/auth/AGENTS.md,2026-04-26T16:31:35+07:00,2026-05-21T12:46:21+07:00,2,2,1,1.00,auth
app/api/auth/[...nextauth]/AGENTS.md,app/api/auth/[...nextauth]/AGENTS.md,2026-04-26T16:31:35+07:00,2026-04-26T16:31:35+07:00,1,1,1,1.00,auth
app/api/auth/[...nextauth]/route.ts,app/api/auth/[...nextauth]/route.ts,2026-03-06T08:29:55+07:00,2026-03-06T08:29:55+07:00,1,1,1,1.00,auth
app/api/auth/forgot-password/route.ts,app/api/auth/forgot-password/route.ts,2026-04-26T16:31:35+07:00,2026-04-29T19:49:19+07:00,2,2,1,1.00,auth
app/api/auth/reset-password/route.ts,app/api/auth/reset-password/route.ts,2026-04-26T16:31:35+07:00,2026-04-29T19:49:19+07:00,2,2,1,1.00,auth
app/api/auth/send-verification-email/route.ts,app/api/auth/send-verification-email/route.ts,2026-05-06T23:50:05+07:00,2026-05-06T23:50:05+07:00,1,1,1,1.00,auth
app/api/cart/AGENTS.md,app/api/cart/AGENTS.md,2026-04-26T16:31:35+07:00,2026-04-26T16:31:35+07:00,1,1,1,1.00,commerce
app/api/cart/checkout/AGENTS.md,app/api/cart/checkout/AGENTS.md,2026-04-26T16:31:35+07:00,2026-04-26T16:31:35+07:00,1,1,1,1.00,commerce
app/api/cart/checkout/route.ts,app/api/cart/checkout/route.ts,2026-02-02T01:12:39+07:00,2026-04-30T14:10:22+07:00,16,16,2,1.00,commerce
app/api/cart/refresh/route.ts,app/api/cart/refresh/route.ts,2026-05-20T10:52:30+07:00,2026-05-20T10:52:30+07:00,1,1,1,1.00,commerce
app/api/chat/AGENTS.md,app/api/chat/AGENTS.md,2026-04-26T16:31:35+07:00,2026-04-26T16:31:35+07:00,1,1,1,0.80,uploads
app/api/chat/conversation/AGENTS.md,app/api/chat/conversation/AGENTS.md,2026-04-26T16:31:35+07:00,2026-04-26T16:31:35+07:00,1,1,1,0.80,uploads
app/api/chat/conversation/route.ts,app/api/chat/conversation/route.ts,2026-04-03T02:15:25+07:00,2026-04-03T02:15:25+07:00,1,1,1,0.80,uploads
app/api/chat/images/AGENTS.md,app/api/chat/images/AGENTS.md,2026-04-26T16:31:35+07:00,2026-04-26T16:31:35+07:00,1,1,1,0.80,uploads
app/api/chat/images/route.ts,app/api/chat/images/route.ts,2026-04-03T02:15:25+07:00,2026-04-03T02:15:25+07:00,1,1,1,0.80,uploads
app/api/chat/media/AGENTS.md,app/api/chat/media/AGENTS.md,2026-04-26T16:31:35+07:00,2026-04-26T16:31:35+07:00,1,1,1,0.80,uploads
app/api/chat/media/[messageId]/AGENTS.md,app/api/chat/media/[messageId]/AGENTS.md,2026-04-26T16:31:35+07:00,2026-04-26T16:31:35+07:00,1,1,1,0.80,uploads
app/api/chat/media/[messageId]/route.ts,app/api/chat/media/[messageId]/route.ts,2026-04-03T02:15:25+07:00,2026-04-03T02:15:25+07:00,1,1,1,0.80,uploads
app/api/chat/messages/AGENTS.md,app/api/chat/messages/AGENTS.md,2026-04-26T16:31:35+07:00,2026-04-26T16:31:35+07:00,1,1,1,0.80,uploads
app/api/chat/messages/route.ts,app/api/chat/messages/route.ts,2026-04-03T02:15:25+07:00,2026-04-03T18:54:16+07:00,2,2,1,0.80,uploads
app/api/chat/read/AGENTS.md,app/api/chat/read/AGENTS.md,2026-04-26T16:31:35+07:00,2026-04-26T16:31:35+07:00,1,1,1,0.80,uploads
app/api/chat/read/route.ts,app/api/chat/read/route.ts,2026-04-03T02:15:25+07:00,2026-04-03T02:15:25+07:00,1,1,1,0.80,uploads
app/api/csrf/AGENTS.md,app/api/csrf/AGENTS.md,2026-04-26T16:31:35+07:00,2026-04-26T16:31:35+07:00,1,1,1,1.00,csrf
app/api/csrf/route.ts,app/api/csrf/route.ts,2026-01-22T13:45:34+07:00,2026-01-22T13:45:34+07:00,2,2,1,1.00,csrf
app/api/currency-settings/AGENTS.md,app/api/currency-settings/AGENTS.md,2026-04-26T16:31:35+07:00,2026-04-26T16:31:35+07:00,1,1,1,0.00,
app/api/currency-settings/route.ts,app/api/currency-settings/route.ts,2026-04-14T12:27:01+07:00,2026-05-20T10:52:30+07:00,2,2,1,0.00,
app/api/dashboard/AGENTS.md,app/api/dashboard/AGENTS.md,2026-04-26T16:31:35+07:00,2026-04-26T16:31:35+07:00,1,1,1,0.00,
app/api/dashboard/members-summary/AGENTS.md,app/api/dashboard/members-summary/AGENTS.md,2026-04-26T16:31:35+07:00,2026-04-26T16:31:35+07:00,1,1,1,0.00,
app/api/dashboard/members-summary/route.ts,app/api/dashboard/members-summary/route.ts,2026-02-17T10:27:27+07:00,2026-03-13T07:16:25+07:00,8,8,2,0.00,
app/api/dashboard/overview/AGENTS.md,app/api/dashboard/overview/AGENTS.md,2026-04-26T16:31:35+07:00,2026-04-26T16:31:35+07:00,1,1,1,0.00,
app/api/dashboard/overview/route.ts,app/api/dashboard/overview/route.ts,2026-02-13T01:05:32+07:00,2026-05-20T10:52:30+07:00,7,7,2,0.00,
app/api/dashboard/purchases/AGENTS.md,app/api/dashboard/purchases/AGENTS.md,2026-04-26T16:31:35+07:00,2026-04-26T16:31:35+07:00,1,1,1,0.00,
app/api/dashboard/purchases/route.ts,app/api/dashboard/purchases/route.ts,2026-02-13T01:05:32+07:00,2026-05-20T10:52:30+07:00,8,8,2,0.00,
app/api/dashboard/topup-summary/AGENTS.md,app/api/dashboard/topup-summary/AGENTS.md,2026-04-26T16:31:35+07:00,2026-04-26T16:31:35+07:00,1,1,1,0.00,
app/api/dashboard/topup-summary/route.ts,app/api/dashboard/topup-summary/route.ts,2026-02-13T01:05:32+07:00,2026-05-20T10:52:30+07:00,17,17,2,0.00,
app/api/dashboard/topup-trend/AGENTS.md,app/api/dashboard/topup-trend/AGENTS.md,2026-04-26T16:31:35+07:00,2026-04-26T16:31:35+07:00,1,1,1,0.00,
app/api/dashboard/topup-trend/route.ts,app/api/dashboard/topup-trend/route.ts,2026-02-13T01:05:32+07:00,2026-03-10T00:02:29+07:00,8,8,2,0.00,
app/api/featured-products/AGENTS.md,app/api/featured-products/AGENTS.md,2026-04-26T16:31:35+07:00,2026-04-26T16:31:35+07:00,1,1,1,0.00,
app/api/featured-products/route.ts,app/api/featured-products/route.ts,2026-02-01T14:59:03+07:00,2026-04-14T12:27:01+07:00,8,8,2,0.00,
app/api/footer-widget/AGENTS.md,app/api/footer-widget/AGENTS.md,2026-04-26T16:31:35+07:00,2026-04-26T16:31:35+07:00,1,1,1,0.00,
app/api/footer-widget/route.ts,app/api/footer-widget/route.ts,2026-02-02T01:12:39+07:00,2026-04-29T19:49:19+07:00,8,8,2,0.00,
app/api/gacha/AGENTS.md,app/api/gacha/AGENTS.md,2026-04-26T16:31:35+07:00,2026-04-26T16:31:35+07:00,1,1,1,1.00,gacha
app/api/gacha/drop-rates/AGENTS.md,app/api/gacha/drop-rates/AGENTS.md,2026-04-26T16:31:35+07:00,2026-04-26T16:31:35+07:00,1,1,1,1.00,gacha
app/api/gacha/drop-rates/route.ts,app/api/gacha/drop-rates/route.ts,2026-02-28T13:18:58+07:00,2026-04-26T16:31:35+07:00,6,6,2,1.00,gacha
app/api/gacha/grid/AGENTS.md,app/api/gacha/grid/AGENTS.md,2026-04-26T16:31:35+07:00,2026-04-26T16:31:35+07:00,1,1,1,1.00,gacha
app/api/gacha/grid/rewards/AGENTS.md,app/api/gacha/grid/rewards/AGENTS.md,2026-04-26T16:31:35+07:00,2026-04-26T16:31:35+07:00,1,1,1,1.00,gacha
app/api/gacha/grid/rewards/route.ts,app/api/gacha/grid/rewards/route.ts,2026-02-23T22:14:30+07:00,2026-04-26T16:31:35+07:00,10,10,2,1.00,gacha
app/api/gacha/grid/roll/AGENTS.md,app/api/gacha/grid/roll/AGENTS.md,2026-04-26T16:31:35+07:00,2026-04-26T16:31:35+07:00,1,1,1,1.00,gacha
app/api/gacha/grid/roll/route.ts,app/api/gacha/grid/roll/route.ts,2026-02-23T22:14:30+07:00,2026-05-20T10:52:30+07:00,18,18,2,1.00,gacha
app/api/gacha/history/AGENTS.md,app/api/gacha/history/AGENTS.md,2026-04-26T16:31:35+07:00,2026-04-26T16:31:35+07:00,1,1,1,1.00,gacha
app/api/gacha/history/route.ts,app/api/gacha/history/route.ts,2026-02-23T22:14:30+07:00,2026-05-20T10:52:30+07:00,9,9,2,1.00,gacha
app/api/gacha/machines/AGENTS.md,app/api/gacha/machines/AGENTS.md,2026-04-26T16:31:35+07:00,2026-04-26T16:31:35+07:00,1,1,1,1.00,gacha
app/api/gacha/machines/route.ts,app/api/gacha/machines/route.ts,2026-02-23T22:14:30+07:00,2026-03-11T09:07:26+07:00,7,7,2,1.00,gacha
app/api/gacha/recent/AGENTS.md,app/api/gacha/recent/AGENTS.md,2026-04-26T16:31:35+07:00,2026-04-26T16:31:35+07:00,1,1,1,1.00,gacha
app/api/gacha/recent/route.ts,app/api/gacha/recent/route.ts,2026-02-23T22:14:30+07:00,2026-03-13T07:16:25+07:00,8,8,2,1.00,gacha
app/api/gacha/roll/AGENTS.md,app/api/gacha/roll/AGENTS.md,2026-04-26T16:31:35+07:00,2026-04-26T16:31:35+07:00,1,1,1,1.00,gacha
app/api/gacha/roll/route.ts,app/api/gacha/roll/route.ts,2026-02-19T17:09:35+07:00,2026-05-20T10:52:30+07:00,19,19,2,1.00,gacha
app/api/health/AGENTS.md,app/api/health/AGENTS.md,2026-04-26T16:31:35+07:00,2026-04-26T16:31:35+07:00,1,1,1,0.00,
app/api/health/route.ts,app/api/health/route.ts,2026-04-09T13:44:30+07:00,2026-04-09T13:44:30+07:00,1,1,1,0.00,
app/api/login/AGENTS.md,app/api/login/AGENTS.md,2026-04-26T16:31:35+07:00,2026-04-26T16:31:35+07:00,1,1,1,1.00,auth
app/api/login/route.ts,app/api/login/route.ts,2026-01-22T13:45:34+07:00,2026-04-26T16:31:35+07:00,8,8,2,1.00,auth
app/api/logout/AGENTS.md,app/api/logout/AGENTS.md,2026-04-26T16:31:35+07:00,2026-04-26T16:31:35+07:00,1,1,1,0.80,auth
app/api/logout/route.ts,app/api/logout/route.ts,2026-01-22T13:45:34+07:00,2026-05-06T23:50:05+07:00,5,5,2,0.80,auth
app/api/nav-items/AGENTS.md,app/api/nav-items/AGENTS.md,2026-04-26T16:31:35+07:00,2026-04-26T16:31:35+07:00,1,1,1,0.00,
app/api/nav-items/route.ts,app/api/nav-items/route.ts,2026-02-02T01:12:39+07:00,2026-05-20T10:52:30+07:00,5,5,2,0.00,
app/api/news/AGENTS.md,app/api/news/AGENTS.md,2026-04-26T16:31:35+07:00,2026-04-26T16:31:35+07:00,1,1,1,0.00,
app/api/news/route.ts,app/api/news/route.ts,2026-02-01T14:59:03+07:00,2026-05-20T10:52:30+07:00,8,8,2,0.00,
app/api/orders/AGENTS.md,app/api/orders/AGENTS.md,2026-04-26T16:31:35+07:00,2026-04-26T16:31:35+07:00,1,1,1,1.00,commerce
app/api/orders/[id]/AGENTS.md,app/api/orders/[id]/AGENTS.md,2026-04-26T16:31:35+07:00,2026-04-26T16:31:35+07:00,1,1,1,1.00,commerce
app/api/orders/[id]/route.ts,app/api/orders/[id]/route.ts,2026-03-21T20:12:45+07:00,2026-04-09T01:28:19+07:00,3,3,1,1.00,commerce
app/api/popups/AGENTS.md,app/api/popups/AGENTS.md,2026-04-26T16:31:35+07:00,2026-04-26T16:31:35+07:00,1,1,1,0.00,
app/api/popups/route.ts,app/api/popups/route.ts,2026-02-08T20:40:36+07:00,2026-05-20T10:52:30+07:00,5,5,2,0.00,
app/api/products/AGENTS.md,app/api/products/AGENTS.md,2026-04-26T16:31:35+07:00,2026-04-26T16:31:35+07:00,1,1,1,0.00,
app/api/products/[id]/AGENTS.md,app/api/products/[id]/AGENTS.md,2026-04-26T16:31:35+07:00,2026-04-26T16:31:35+07:00,1,1,1,0.00,
app/api/products/[id]/availability/AGENTS.md,app/api/products/[id]/availability/AGENTS.md,2026-04-26T16:31:35+07:00,2026-04-26T16:31:35+07:00,1,1,1,0.00,
app/api/products/[id]/availability/route.ts,app/api/products/[id]/availability/route.ts,2026-03-21T20:12:45+07:00,2026-05-20T10:52:30+07:00,3,3,1,0.00,
app/api/products/[id]/route.ts,app/api/products/[id]/route.ts,2026-01-22T13:45:34+07:00,2026-05-20T18:06:05+07:00,21,21,2,0.00,
app/api/products/[id]/stock/AGENTS.md,app/api/products/[id]/stock/AGENTS.md,2026-04-26T16:31:35+07:00,2026-04-26T16:31:35+07:00,1,1,1,0.00,
app/api/products/[id]/stock/route.ts,app/api/products/[id]/stock/route.ts,2026-02-08T20:40:36+07:00,2026-05-20T18:06:05+07:00,11,11,2,0.00,
app/api/products/list/AGENTS.md,app/api/products/list/AGENTS.md,2026-04-26T16:31:35+07:00,2026-04-26T16:31:35+07:00,1,1,1,0.00,
app/api/products/list/route.ts,app/api/products/list/route.ts,2026-04-21T18:05:15+07:00,2026-05-20T10:52:30+07:00,2,2,1,0.00,
app/api/products/new/stock/route.ts,app/api/products/new/stock/route.ts,2026-05-20T18:06:05+07:00,2026-05-20T18:06:05+07:00,1,1,1,0.00,
app/api/products/route.ts,app/api/products/route.ts,2026-01-22T13:45:34+07:00,2026-05-20T18:06:05+07:00,20,20,2,0.00,
app/api/profile/AGENTS.md,app/api/profile/AGENTS.md,2026-04-26T16:31:35+07:00,2026-04-26T16:31:35+07:00,1,1,1,0.00,
app/api/profile/route.ts,app/api/profile/route.ts,2026-02-08T20:40:36+07:00,2026-04-20T16:39:41+07:00,7,7,2,0.00,
app/api/profile/send-verification-email/route.ts,app/api/profile/send-verification-email/route.ts,2026-05-06T23:50:05+07:00,2026-05-06T23:50:05+07:00,1,1,1,0.00,
app/api/profile/upload-image/AGENTS.md,app/api/profile/upload-image/AGENTS.md,2026-04-26T16:31:35+07:00,2026-04-26T16:31:35+07:00,1,1,1,0.00,
app/api/profile/upload-image/route.ts,app/api/profile/upload-image/route.ts,2026-04-04T22:08:26+07:00,2026-04-11T11:51:02+07:00,2,2,1,0.00,
app/api/promo-codes/AGENTS.md,app/api/promo-codes/AGENTS.md,2026-04-26T16:31:35+07:00,2026-04-26T16:31:35+07:00,1,1,1,0.90,commerce
app/api/promo-codes/redeem/AGENTS.md,app/api/promo-codes/redeem/AGENTS.md,2026-04-26T16:31:35+07:00,2026-04-26T16:31:35+07:00,1,1,1,0.90,commerce
app/api/promo-codes/redeem/route.ts,app/api/promo-codes/redeem/route.ts,2026-04-09T01:28:19+07:00,2026-04-20T16:39:41+07:00,2,2,1,0.90,commerce
app/api/promo-codes/validate/AGENTS.md,app/api/promo-codes/validate/AGENTS.md,2026-04-26T16:31:35+07:00,2026-04-26T16:31:35+07:00,1,1,1,0.90,commerce
app/api/promo-codes/validate/route.ts,app/api/promo-codes/validate/route.ts,2026-03-10T00:02:29+07:00,2026-04-09T01:28:19+07:00,4,4,1,0.90,commerce
app/api/purchase/AGENTS.md,app/api/purchase/AGENTS.md,2026-04-26T16:31:35+07:00,2026-04-26T16:31:35+07:00,1,1,1,1.00,commerce
app/api/purchase/route.ts,app/api/purchase/route.ts,2026-01-22T13:45:34+07:00,2026-04-30T14:10:22+07:00,20,20,2,1.00,commerce
app/api/register/AGENTS.md,app/api/register/AGENTS.md,2026-04-26T16:31:35+07:00,2026-04-26T16:31:35+07:00,1,1,1,0.90,auth
app/api/register/route.ts,app/api/register/route.ts,2026-01-22T13:45:34+07:00,2026-05-06T23:50:05+07:00,13,13,2,0.90,auth
app/api/sale-products/AGENTS.md,app/api/sale-products/AGENTS.md,2026-04-26T16:31:35+07:00,2026-04-26T16:31:35+07:00,1,1,1,0.00,
app/api/sale-products/route.ts,app/api/sale-products/route.ts,2026-02-01T14:59:03+07:00,2026-04-14T12:27:01+07:00,7,7,2,0.00,
app/api/season-pass/AGENTS.md,app/api/season-pass/AGENTS.md,2026-04-26T16:31:35+07:00,2026-04-26T16:31:35+07:00,1,1,1,1.00,season-pass
app/api/season-pass/claim/AGENTS.md,app/api/season-pass/claim/AGENTS.md,2026-04-26T16:31:35+07:00,2026-04-26T16:31:35+07:00,1,1,1,1.00,season-pass
app/api/season-pass/claim/route.ts,app/api/season-pass/claim/route.ts,2026-04-06T23:35:28+07:00,2026-05-20T10:52:30+07:00,5,5,1,1.00,season-pass
app/api/season-pass/purchase/AGENTS.md,app/api/season-pass/purchase/AGENTS.md,2026-04-26T16:31:35+07:00,2026-04-26T16:31:35+07:00,1,1,1,1.00,season-pass
app/api/season-pass/purchase/route.ts,app/api/season-pass/purchase/route.ts,2026-04-06T23:35:28+07:00,2026-05-21T12:46:21+07:00,5,5,1,1.00,season-pass
app/api/session/AGENTS.md,app/api/session/AGENTS.md,2026-04-26T16:31:35+07:00,2026-04-26T16:31:35+07:00,1,1,1,0.80,auth
app/api/session/route.ts,app/api/session/route.ts,2026-01-22T13:45:34+07:00,2026-04-15T18:56:46+07:00,4,4,2,0.80,auth
app/api/system/AGENTS.md,app/api/system/AGENTS.md,2026-04-26T16:31:35+07:00,2026-04-26T16:31:35+07:00,1,1,1,0.00,
app/api/system/maintenance/AGENTS.md,app/api/system/maintenance/AGENTS.md,2026-04-26T16:31:35+07:00,2026-04-26T16:31:35+07:00,1,1,1,0.00,
app/api/system/maintenance/route.ts,app/api/system/maintenance/route.ts,2026-04-06T23:35:28+07:00,2026-04-06T23:35:28+07:00,1,1,1,0.00,
app/api/test-email/AGENTS.md,app/api/test-email/AGENTS.md,2026-04-26T16:31:35+07:00,2026-04-26T16:31:35+07:00,1,1,1,0.00,
app/api/test-email/route.ts,app/api/test-email/route.ts,2026-03-10T00:47:30+07:00,2026-04-14T12:27:01+07:00,4,4,1,0.00,
app/api/topup/AGENTS.md,app/api/topup/AGENTS.md,2026-04-26T16:31:35+07:00,2026-04-26T16:31:35+07:00,1,1,1,1.00,topup
app/api/topup/route.ts,app/api/topup/route.ts,2026-01-22T13:45:34+07:00,2026-05-20T10:52:30+07:00,19,19,2,1.00,topup
app/api/upload/AGENTS.md,app/api/upload/AGENTS.md,2026-04-26T16:31:35+07:00,2026-04-26T16:31:35+07:00,1,1,1,0.00,
app/api/upload/route.ts,app/api/upload/route.ts,2026-02-09T00:10:56+07:00,2026-04-30T14:10:22+07:00,8,8,2,0.00,
app/api/user/AGENTS.md,app/api/user/AGENTS.md,2026-04-26T16:31:35+07:00,2026-04-26T16:31:35+07:00,1,1,1,0.00,
app/api/user/balance/AGENTS.md,app/api/user/balance/AGENTS.md,2026-04-26T16:31:35+07:00,2026-04-26T16:31:35+07:00,1,1,1,0.00,
app/api/user/balance/route.ts,app/api/user/balance/route.ts,2026-04-02T17:27:30+07:00,2026-04-07T15:57:08+07:00,2,2,1,0.00,
app/api/user/settings/AGENTS.md,app/api/user/settings/AGENTS.md,2026-04-26T16:31:35+07:00,2026-04-26T16:31:35+07:00,1,1,1,0.00,
app/api/user/settings/route.ts,app/api/user/settings/route.ts,2026-01-22T13:45:34+07:00,2026-04-02T18:33:27+07:00,5,5,2,0.00,
app/dashboard/AGENTS.md,app/dashboard/AGENTS.md,2026-04-26T16:31:35+07:00,2026-05-20T10:52:30+07:00,2,2,1,0.00,
app/dashboard/inventory/AGENTS.md,app/dashboard/inventory/AGENTS.md,2026-04-26T16:31:35+07:00,2026-05-20T10:52:30+07:00,2,2,1,0.00,
app/dashboard/inventory/page.tsx,app/dashboard/inventory/page.tsx,2026-01-22T13:45:34+07:00,2026-05-20T10:52:30+07:00,13,13,2,0.00,
app/dashboard/layout.tsx,app/dashboard/layout.tsx,2026-01-22T13:45:34+07:00,2026-05-20T10:52:30+07:00,21,21,2,0.00,
app/dashboard/loading.tsx,app/dashboard/loading.tsx,2026-02-08T20:40:36+07:00,2026-05-20T10:52:30+07:00,4,4,2,0.00,
app/dashboard/page.tsx,app/dashboard/page.tsx,2026-01-22T13:45:34+07:00,2026-05-20T10:52:30+07:00,11,11,2,0.00,
app/dashboard/season-pass/AGENTS.md,app/dashboard/season-pass/AGENTS.md,2026-04-26T16:31:35+07:00,2026-05-20T10:52:30+07:00,2,2,1,0.00,
app/dashboard/season-pass/page.tsx,app/dashboard/season-pass/page.tsx,2026-04-06T23:35:28+07:00,2026-05-20T10:52:30+07:00,6,6,1,0.00,
app/dashboard/settings/AGENTS.md,app/dashboard/settings/AGENTS.md,2026-04-26T16:31:35+07:00,2026-05-20T10:52:30+07:00,2,2,1,0.00,
app/dashboard/settings/page.tsx,app/dashboard/settings/page.tsx,2026-01-22T13:45:34+07:00,2026-05-20T10:52:30+07:00,6,6,2,0.00,
app/dashboard/topup/AGENTS.md,app/dashboard/topup/AGENTS.md,2026-04-26T16:31:35+07:00,2026-05-20T10:52:30+07:00,2,2,1,0.00,
app/dashboard/topup/page.tsx,app/dashboard/topup/page.tsx,2026-01-22T13:45:34+07:00,2026-05-20T10:52:30+07:00,22,22,2,0.00,
app/dashboard/wallet/AGENTS.md,app/dashboard/wallet/AGENTS.md,2026-04-26T16:31:35+07:00,2026-05-20T10:52:30+07:00,2,2,1,0.00,
app/dashboard/wallet/page.tsx,app/dashboard/wallet/page.tsx,2026-04-06T23:35:28+07:00,2026-05-20T10:52:30+07:00,5,5,1,0.00,
app/error.tsx,app/error.tsx,2026-02-23T22:14:30+07:00,2026-03-11T16:50:14+07:00,4,4,2,0.00,
app/favicon.ico,app/favicon.ico,2026-01-17T11:43:30+07:00,2026-01-17T11:43:30+07:00,1,1,1,0.00,
app/forgot-password/ForgotPasswordForm.tsx,app/forgot-password/ForgotPasswordForm.tsx,2026-04-26T16:31:35+07:00,2026-05-20T10:52:30+07:00,2,2,1,0.00,
app/forgot-password/page.tsx,app/forgot-password/page.tsx,2026-04-26T16:31:35+07:00,2026-05-20T10:52:30+07:00,2,2,1,0.00,
app/gacha-grid/AGENTS.md,app/gacha-grid/AGENTS.md,2026-04-26T16:31:35+07:00,2026-05-20T10:52:30+07:00,2,2,1,0.00,
app/gacha-grid/[machineId]/AGENTS.md,app/gacha-grid/[machineId]/AGENTS.md,2026-04-26T16:31:35+07:00,2026-05-20T10:52:30+07:00,2,2,1,0.00,
app/gacha-grid/[machineId]/page.tsx,app/gacha-grid/[machineId]/page.tsx,2026-02-23T22:14:30+07:00,2026-05-20T10:52:30+07:00,17,17,2,0.00,
app/gacha-grid/page.tsx,app/gacha-grid/page.tsx,2026-02-23T22:14:30+07:00,2026-05-20T10:52:30+07:00,15,15,2,0.00,
app/gacha/AGENTS.md,app/gacha/AGENTS.md,2026-04-26T16:31:35+07:00,2026-05-20T10:52:30+07:00,2,2,1,0.00,
app/gacha/[id]/AGENTS.md,app/gacha/[id]/AGENTS.md,2026-04-26T16:31:35+07:00,2026-05-20T10:52:30+07:00,2,2,1,0.00,
app/gacha/[id]/page.tsx,app/gacha/[id]/page.tsx,2026-02-23T22:14:30+07:00,2026-05-20T10:52:30+07:00,16,16,2,0.00,
app/gacha/page.tsx,app/gacha/page.tsx,2026-02-19T17:09:35+07:00,2026-05-20T10:52:30+07:00,20,20,2,0.00,
app/gacha/play/AGENTS.md,app/gacha/play/AGENTS.md,2026-04-26T16:31:35+07:00,2026-05-20T10:52:30+07:00,2,2,1,0.00,
app/gacha/play/page.tsx,app/gacha/play/page.tsx,2026-02-23T22:14:30+07:00,2026-05-20T10:52:30+07:00,17,17,2,0.00,
app/gachapons/AGENTS.md,app/gachapons/AGENTS.md,2026-04-26T16:31:35+07:00,2026-05-20T10:52:30+07:00,2,2,1,0.00,
app/gachapons/page.tsx,app/gachapons/page.tsx,2026-02-23T22:14:30+07:00,2026-05-20T10:52:30+07:00,13,13,2,0.00,
app/global-error.tsx,app/global-error.tsx,2026-03-10T00:02:29+07:00,2026-03-11T09:25:49+07:00,2,2,1,0.00,
app/globals.css,app/globals.css,2026-01-17T11:43:30+07:00,2026-05-21T12:46:21+07:00,31,31,2,0.00,
app/help/AGENTS.md,app/help/AGENTS.md,2026-04-26T16:31:35+07:00,2026-05-20T10:52:30+07:00,2,2,1,0.00,
app/help/page.tsx,app/help/page.tsx,2026-02-01T14:59:03+07:00,2026-05-20T10:52:30+07:00,15,15,2,0.00,
app/home/page.tsx,app/home/page.tsx,2026-05-06T23:50:05+07:00,2026-05-20T10:52:30+07:00,2,2,1,0.00,
app/layout.tsx,app/layout.tsx,2026-01-17T11:43:30+07:00,2026-05-20T10:52:30+07:00,31,31,2,0.00,
app/loading.tsx,app/loading.tsx,2026-01-22T13:45:34+07:00,2026-03-10T00:02:29+07:00,3,3,2,0.00,
app/login/AGENTS.md,app/login/AGENTS.md,2026-04-26T16:31:35+07:00,2026-05-20T10:52:30+07:00,2,2,1,0.00,
app/login/LoginForm.tsx,app/login/LoginForm.tsx,2026-03-04T09:08:36+07:00,2026-05-20T10:52:30+07:00,11,11,2,0.00,
app/login/page.tsx,app/login/page.tsx,2026-01-22T13:45:34+07:00,2026-05-20T10:52:30+07:00,15,15,2,0.00,
app/not-found.tsx,app/not-found.tsx,2026-02-23T22:14:30+07:00,2026-03-11T09:07:26+07:00,3,3,2,0.00,
app/opengraph-image.tsx,app/opengraph-image.tsx,2026-04-26T16:31:35+07:00,2026-05-06T23:50:05+07:00,2,2,1,0.00,
app/page.tsx,app/page.tsx,2026-01-17T11:43:30+07:00,2026-05-20T10:52:30+07:00,27,27,2,0.00,
app/product/AGENTS.md,app/product/AGENTS.md,2026-04-26T16:31:35+07:00,2026-05-20T10:52:30+07:00,2,2,1,0.00,
app/product/[id]/AGENTS.md,app/product/[id]/AGENTS.md,2026-04-26T16:31:35+07:00,2026-05-20T10:52:30+07:00,2,2,1,0.00,
app/product/[id]/page.tsx,app/product/[id]/page.tsx,2026-01-22T13:45:34+07:00,2026-05-20T10:52:30+07:00,26,26,2,0.00,
app/profile/AGENTS.md,app/profile/AGENTS.md,2026-04-26T16:31:35+07:00,2026-05-20T10:52:30+07:00,2,2,1,0.00,
app/profile/layout.tsx,app/profile/layout.tsx,2026-04-02T17:27:30+07:00,2026-05-20T10:52:30+07:00,3,3,1,0.00,
app/profile/settings/AGENTS.md,app/profile/settings/AGENTS.md,2026-04-26T16:31:35+07:00,2026-05-20T10:52:30+07:00,2,2,1,0.00,
app/profile/settings/loading.tsx,app/profile/settings/loading.tsx,2026-03-18T12:01:52+07:00,2026-05-20T10:52:30+07:00,2,2,1,0.00,
app/profile/settings/page.tsx,app/profile/settings/page.tsx,2026-02-01T18:25:00+07:00,2026-05-20T10:52:30+07:00,16,16,2,0.00,
app/register/AGENTS.md,app/register/AGENTS.md,2026-04-26T16:31:35+07:00,2026-05-20T10:52:30+07:00,2,2,1,0.00,
app/register/RegisterForm.tsx,app/register/RegisterForm.tsx,2026-03-04T09:08:36+07:00,2026-05-20T10:52:30+07:00,12,12,2,0.00,
app/register/page.tsx,app/register/page.tsx,2026-01-22T13:45:34+07:00,2026-05-20T10:52:30+07:00,14,14,2,0.00,
app/reset-password/ResetPasswordForm.tsx,app/reset-password/ResetPasswordForm.tsx,2026-04-26T16:31:35+07:00,2026-05-20T10:52:30+07:00,2,2,1,0.00,
app/reset-password/page.tsx,app/reset-password/page.tsx,2026-04-26T16:31:35+07:00,2026-05-20T10:52:30+07:00,2,2,1,0.00,
app/robots.ts,app/robots.ts,2026-04-02T17:27:30+07:00,2026-04-02T17:27:30+07:00,1,1,1,0.00,
app/season-pass/AGENTS.md,app/season-pass/AGENTS.md,2026-04-26T16:31:35+07:00,2026-05-20T10:52:30+07:00,2,2,1,0.00,
app/season-pass/page.tsx,app/season-pass/page.tsx,2026-04-06T23:35:28+07:00,2026-05-20T10:52:30+07:00,8,8,1,0.00,
app/shop/AGENTS.md,app/shop/AGENTS.md,2026-04-26T16:31:35+07:00,2026-05-20T10:52:30+07:00,2,2,1,0.00,
app/shop/loading.tsx,app/shop/loading.tsx,2026-02-08T20:40:36+07:00,2026-05-20T10:52:30+07:00,4,4,2,0.00,
app/shop/page.tsx,app/shop/page.tsx,2026-01-22T13:45:34+07:00,2026-05-20T10:52:30+07:00,23,23,2,0.00,
app/sitemap.ts,app/sitemap.ts,2026-04-02T17:27:30+07:00,2026-04-02T17:27:30+07:00,1,1,1,0.00,
app/test-loading/AGENTS.md,app/test-loading/AGENTS.md,2026-04-26T16:31:35+07:00,2026-05-20T10:52:30+07:00,2,2,1,0.00,
app/test-loading/page.tsx,app/test-loading/page.tsx,2026-03-10T00:02:29+07:00,2026-05-20T10:52:30+07:00,2,2,1,0.00,
app/uploads/AGENTS.md,app/uploads/AGENTS.md,2026-04-26T16:31:35+07:00,2026-04-26T16:31:35+07:00,1,1,1,1.00,uploads
app/uploads/[...segments]/AGENTS.md,app/uploads/[...segments]/AGENTS.md,2026-04-26T16:31:35+07:00,2026-04-26T16:31:35+07:00,1,1,1,1.00,uploads
app/uploads/[...segments]/route.ts,app/uploads/[...segments]/route.ts,2026-04-11T11:51:02+07:00,2026-05-20T10:52:30+07:00,3,3,1,1.00,uploads
app/verify-email/page.tsx,app/verify-email/page.tsx,2026-05-06T23:50:05+07:00,2026-05-20T10:52:30+07:00,2,2,1,0.00,
app/welcome/page.tsx,app/welcome/page.tsx,2026-05-06T23:50:05+07:00,2026-05-20T10:52:30+07:00,2,2,1,0.00,
auth.config.ts,auth.config.ts,2026-03-06T08:29:55+07:00,2026-05-21T12:46:21+07:00,6,6,2,1.00,auth
auth.ts,auth.ts,2026-03-06T08:29:55+07:00,2026-05-06T23:50:05+07:00,5,5,2,1.00,auth
backup-prod-db.bat,backup-prod-db.bat,2026-04-09T17:19:07+07:00,2026-04-26T16:31:35+07:00,2,2,1,0.00,
cloudflare-env.d.ts,cloudflare-env.d.ts,2026-05-06T23:50:05+07:00,2026-05-06T23:50:05+07:00,1,1,1,0.70,deploy
components.json,components.json,2026-01-22T13:45:34+07:00,2026-01-22T13:45:34+07:00,2,2,1,0.00,
components/AGENTS.md,components/AGENTS.md,2026-04-26T16:31:35+07:00,2026-04-26T16:31:35+07:00,1,1,1,0.00,
components/AnnouncementPopup.tsx,components/AnnouncementPopup.tsx,2026-02-08T20:40:36+07:00,2026-05-20T10:52:30+07:00,13,13,2,0.00,
components/AnnouncementPopupWrapper.tsx,components/AnnouncementPopupWrapper.tsx,2026-02-08T20:40:36+07:00,2026-05-20T10:52:30+07:00,5,5,2,0.00,
components/BuyButton.tsx,components/BuyButton.tsx,2026-01-22T13:45:34+07:00,2026-05-20T10:52:30+07:00,14,14,2,0.00,
components/CategoryBannerCard.tsx,components/CategoryBannerCard.tsx,2026-02-08T20:40:36+07:00,2026-02-08T20:40:36+07:00,2,2,1,0.00,
components/DailyTopupSummary.tsx,components/DailyTopupSummary.tsx,2026-02-13T01:05:32+07:00,2026-04-06T23:35:28+07:00,13,13,2,0.00,
components/DashboardClient.tsx,components/DashboardClient.tsx,2026-02-13T01:05:32+07:00,2026-05-21T12:46:21+07:00,12,12,2,0.00,
components/DashboardSidebar.tsx,components/DashboardSidebar.tsx,2026-01-22T13:45:34+07:00,2026-04-21T18:05:15+07:00,14,14,2,0.00,
components/DashboardTabs.tsx,components/DashboardTabs.tsx,2026-02-13T01:05:32+07:00,2026-04-09T01:28:19+07:00,8,8,2,0.00,
components/DatePicker.tsx,components/DatePicker.tsx,2026-02-13T01:05:32+07:00,2026-03-11T16:50:14+07:00,3,3,2,0.00,
components/DateRangePicker.tsx,components/DateRangePicker.tsx,2026-02-17T10:27:27+07:00,2026-03-13T07:16:25+07:00,4,4,2,0.00,
components/DropRateModal.tsx,components/DropRateModal.tsx,2026-02-23T22:14:30+07:00,2026-03-13T07:16:25+07:00,6,6,2,0.00,
components/DynamicBackground.tsx,components/DynamicBackground.tsx,2026-01-22T13:45:34+07:00,2026-05-21T12:46:21+07:00,13,13,2,0.00,
components/DynamicFavicon.tsx,components/DynamicFavicon.tsx,2026-01-22T13:45:34+07:00,2026-05-20T10:52:30+07:00,3,3,2,0.00,
components/FeaturedProducts.tsx,components/FeaturedProducts.tsx,2026-02-01T14:59:03+07:00,2026-05-20T10:52:30+07:00,28,28,2,0.00,
components/FloatingChatButton.tsx,components/FloatingChatButton.tsx,2026-02-02T01:12:39+07:00,2026-05-20T10:52:30+07:00,12,12,2,0.00,
components/FloatingChatButtonWrapper.tsx,components/FloatingChatButtonWrapper.tsx,2026-04-09T01:28:19+07:00,2026-05-20T10:52:30+07:00,2,2,1,0.00,
components/Footer.tsx,components/Footer.tsx,2026-01-22T13:45:34+07:00,2026-05-20T10:52:30+07:00,17,17,2,0.00,
components/GachaGridMachine.tsx,components/GachaGridMachine.tsx,2026-02-23T22:14:30+07:00,2026-05-20T10:52:30+07:00,16,16,2,0.00,
components/GachaHistory.tsx,components/GachaHistory.tsx,2026-02-23T22:14:30+07:00,2026-05-20T18:06:05+07:00,8,8,2,0.00,
components/GachaHubClient.tsx,components/GachaHubClient.tsx,2026-04-02T17:27:30+07:00,2026-05-20T10:52:30+07:00,7,7,1,0.00,
components/GachaRecentFeed.tsx,components/GachaRecentFeed.tsx,2026-02-23T22:14:30+07:00,2026-05-20T18:06:05+07:00,15,15,2,0.00,
components/GachaResultModal.tsx,components/GachaResultModal.tsx,2026-02-19T17:09:35+07:00,2026-04-06T23:35:28+07:00,7,7,2,0.00,
components/GachaRhombus.tsx,components/GachaRhombus.tsx,2026-02-19T17:09:35+07:00,2026-05-20T10:52:30+07:00,24,24,2,0.00,
components/GameLoadingScreen.tsx,components/GameLoadingScreen.tsx,2026-03-10T00:02:29+07:00,2026-03-18T12:01:52+07:00,2,2,1,0.00,
components/GlobalLoading.tsx,components/GlobalLoading.tsx,2026-03-10T00:02:29+07:00,2026-03-13T07:16:25+07:00,2,2,1,0.00,
components/GlobalLoadingWrapper.tsx,components/GlobalLoadingWrapper.tsx,2026-03-19T21:24:04+07:00,2026-05-20T10:52:30+07:00,2,2,1,0.00,
components/HeroBanner.tsx,components/HeroBanner.tsx,2026-01-22T13:45:34+07:00,2026-05-20T10:52:30+07:00,11,11,2,0.00,
components/HeroBannerCarousel.tsx,components/HeroBannerCarousel.tsx,2026-05-20T10:52:30+07:00,2026-05-20T10:52:30+07:00,1,1,1,0.00,
components/HeroBannerClient.tsx,components/HeroBannerClient.tsx,2026-01-22T13:45:34+07:00,2026-05-20T10:52:30+07:00,23,23,2,0.00,
components/HideMainLayout.tsx,components/HideMainLayout.tsx,2026-02-17T10:27:27+07:00,2026-04-20T16:39:41+07:00,3,3,2,0.00,
components/LiveDateTime.tsx,components/LiveDateTime.tsx,2026-02-17T10:27:27+07:00,2026-05-20T10:52:30+07:00,8,8,2,0.00,
components/LogoutButton.tsx,components/LogoutButton.tsx,2026-01-22T13:45:34+07:00,2026-04-01T11:27:28+07:00,4,4,2,0.00,
components/LogoutMenuItem.tsx,components/LogoutMenuItem.tsx,2026-04-01T11:27:28+07:00,2026-04-01T11:27:28+07:00,1,1,1,0.00,
components/MembersSummary.tsx,components/MembersSummary.tsx,2026-02-17T10:27:27+07:00,2026-04-01T11:27:28+07:00,6,6,2,0.00,
components/MobileAutoHideHeader.tsx,components/MobileAutoHideHeader.tsx,2026-04-20T16:39:41+07:00,2026-05-06T23:50:05+07:00,2,2,1,0.00,
components/MobileBottomNav.tsx,components/MobileBottomNav.tsx,2026-04-16T20:59:44+07:00,2026-05-20T10:52:30+07:00,6,6,1,0.00,
components/Navbar.tsx,components/Navbar.tsx,2026-01-22T13:45:34+07:00,2026-05-20T10:52:30+07:00,39,39,2,0.00,
components/NavbarCartButton.tsx,components/NavbarCartButton.tsx,2026-02-02T01:12:39+07:00,2026-02-02T01:12:39+07:00,2,2,1,0.00,
components/NavbarInteractive.tsx,components/NavbarInteractive.tsx,2026-04-09T01:28:19+07:00,2026-04-26T16:31:35+07:00,4,4,1,0.00,
components/NavbarUserMenu.tsx,components/NavbarUserMenu.tsx,2026-04-03T02:15:25+07:00,2026-04-21T18:05:15+07:00,7,7,1,0.00,
components/NavigationDrawer.tsx,components/NavigationDrawer.tsx,2026-03-18T12:11:25+07:00,2026-05-20T10:52:30+07:00,13,13,1,0.00,
components/NewsSection.tsx,components/NewsSection.tsx,2026-02-01T14:59:03+07:00,2026-05-20T10:52:30+07:00,12,12,2,0.00,
components/PageBreadcrumb.tsx,components/PageBreadcrumb.tsx,2026-02-13T01:05:32+07:00,2026-05-06T23:50:05+07:00,11,11,2,0.00,
components/ProductActions.tsx,components/ProductActions.tsx,2026-02-13T01:05:32+07:00,2026-05-20T10:52:30+07:00,19,19,2,0.00,
components/ProductCard.tsx,components/ProductCard.tsx,2026-01-22T13:45:34+07:00,2026-05-20T10:52:30+07:00,27,27,2,0.00,
components/ProductCardActions.tsx,components/ProductCardActions.tsx,2026-05-20T10:52:30+07:00,2026-05-20T10:52:30+07:00,1,1,1,0.00,
components/ProductCardSkeleton.tsx,components/ProductCardSkeleton.tsx,2026-01-22T13:45:34+07:00,2026-04-20T16:39:41+07:00,8,8,2,0.00,
components/ProductCarouselControls.tsx,components/ProductCarouselControls.tsx,2026-05-20T10:52:30+07:00,2026-05-20T10:52:30+07:00,1,1,1,0.00,
components/ProductGallery.tsx,components/ProductGallery.tsx,2026-01-22T13:45:34+07:00,2026-05-20T10:52:30+07:00,13,13,2,0.00,
components/PurchasedItem.tsx,components/PurchasedItem.tsx,2026-01-22T13:45:34+07:00,2026-05-21T12:46:21+07:00,19,19,2,0.00,
components/QuantitySelector.tsx,components/QuantitySelector.tsx,2026-02-13T01:05:32+07:00,2026-04-20T16:39:41+07:00,6,6,2,0.00,
components/RouteShell.tsx,components/RouteShell.tsx,2026-05-06T23:50:05+07:00,2026-05-20T10:52:30+07:00,2,2,1,0.00,
components/SaleProducts.tsx,components/SaleProducts.tsx,2026-02-01T14:59:03+07:00,2026-05-20T10:52:30+07:00,27,27,2,0.00,
components/ShareButtons.tsx,components/ShareButtons.tsx,2026-02-13T01:05:32+07:00,2026-04-20T16:39:41+07:00,5,5,2,0.00,
components/ShopControls.tsx,components/ShopControls.tsx,2026-03-11T09:07:26+07:00,2026-04-29T19:49:19+07:00,9,9,1,0.00,
components/ShopDropdown.tsx,components/ShopDropdown.tsx,2026-03-10T00:02:29+07:00,2026-05-20T10:52:30+07:00,7,7,1,0.00,
components/StructuredData.tsx,components/StructuredData.tsx,2026-04-02T17:27:30+07:00,2026-04-02T17:27:30+07:00,1,1,1,0.00,
components/SweetAlertProvider.tsx,components/SweetAlertProvider.tsx,2026-02-08T20:40:36+07:00,2026-05-20T10:52:30+07:00,4,4,2,0.00,
components/ThaiAddressSelector.tsx,components/ThaiAddressSelector.tsx,2026-02-08T20:40:36+07:00,2026-04-02T17:27:30+07:00,5,5,2,0.00,
components/ThemeToggle.tsx,components/ThemeToggle.tsx,2026-01-22T13:45:34+07:00,2026-04-26T16:31:35+07:00,4,4,2,0.00,
components/TopupSummaryWithDateRange.tsx,components/TopupSummaryWithDateRange.tsx,2026-02-17T10:27:27+07:00,2026-03-13T07:16:25+07:00,3,3,2,0.00,
components/TurnstileWidget.tsx,components/TurnstileWidget.tsx,2026-04-16T20:59:44+07:00,2026-04-20T16:39:41+07:00,3,3,1,0.00,
components/admin/AGENTS.md,components/admin/AGENTS.md,2026-04-26T16:31:35+07:00,2026-04-26T16:31:35+07:00,1,1,1,0.00,
components/admin/AdminChatInbox.tsx,components/admin/AdminChatInbox.tsx,2026-04-03T02:15:25+07:00,2026-04-21T18:05:15+07:00,5,5,1,0.00,
components/admin/AdminDashboardHeader.tsx,components/admin/AdminDashboardHeader.tsx,2026-02-17T10:27:27+07:00,2026-03-11T16:50:14+07:00,3,3,2,0.00,
components/admin/AdminPermissionsProvider.tsx,components/admin/AdminPermissionsProvider.tsx,2026-04-10T23:14:05+07:00,2026-04-10T23:14:05+07:00,1,1,1,0.00,
components/admin/AdminSidebar.tsx,components/admin/AdminSidebar.tsx,2026-01-22T13:45:34+07:00,2026-04-21T18:05:15+07:00,31,31,2,0.80,permissions
components/admin/AutoDeleteRunButton.tsx,components/admin/AutoDeleteRunButton.tsx,2026-03-19T21:24:04+07:00,2026-04-10T23:14:05+07:00,2,2,1,0.00,
components/admin/Overview.tsx,components/admin/Overview.tsx,2026-01-22T13:45:34+07:00,2026-01-22T13:45:34+07:00,2,2,1,0.00,
components/admin/ProductImageGalleryField.tsx,components/admin/ProductImageGalleryField.tsx,2026-04-15T18:56:46+07:00,2026-05-20T10:52:30+07:00,3,3,1,0.00,
components/admin/ProductTable.tsx,components/admin/ProductTable.tsx,2026-01-22T13:45:34+07:00,2026-05-20T10:52:30+07:00,22,22,2,0.00,
components/admin/RecentSales.tsx,components/admin/RecentSales.tsx,2026-01-22T13:45:34+07:00,2026-03-04T14:15:16+07:00,4,4,1,0.00,
components/admin/RecentTransactions.tsx,components/admin/RecentTransactions.tsx,2026-02-13T01:05:32+07:00,2026-03-13T07:16:25+07:00,6,6,2,0.00,
components/admin/RevenueAreaChart.tsx,components/admin/RevenueAreaChart.tsx,2026-02-13T01:05:32+07:00,2026-05-20T10:52:30+07:00,8,8,2,0.00,
components/admin/RevenueChart.tsx,components/admin/RevenueChart.tsx,2026-02-13T01:05:32+07:00,2026-02-13T01:05:32+07:00,2,2,1,0.00,
components/admin/SalesDistribution.tsx,components/admin/SalesDistribution.tsx,2026-02-13T01:05:32+07:00,2026-03-13T07:16:25+07:00,5,5,2,0.00,
components/admin/SlipTable.tsx,components/admin/SlipTable.tsx,2026-01-22T13:45:34+07:00,2026-04-10T23:14:05+07:00,11,11,2,0.80,topup
components/admin/TopupTable.tsx,components/admin/TopupTable.tsx,2026-02-13T01:05:32+07:00,2026-04-10T23:14:05+07:00,5,5,2,0.80,topup
components/admin/TrashRunButton.tsx,components/admin/TrashRunButton.tsx,2026-03-19T21:24:04+07:00,2026-04-10T23:14:05+07:00,2,2,1,0.00,
components/auth/AuthFormShell.tsx,components/auth/AuthFormShell.tsx,2026-05-20T10:52:30+07:00,2026-05-20T10:52:30+07:00,1,1,1,0.00,
components/auth/TurnstileField.tsx,components/auth/TurnstileField.tsx,2026-05-20T10:52:30+07:00,2026-05-20T10:52:30+07:00,1,1,1,0.00,
components/cart/AGENTS.md,components/cart/AGENTS.md,2026-04-26T16:31:35+07:00,2026-04-26T16:31:35+07:00,1,1,1,0.00,
components/cart/AddToCartButton.tsx,components/cart/AddToCartButton.tsx,2026-02-02T01:12:39+07:00,2026-05-20T10:52:30+07:00,6,6,2,0.00,
components/cart/AddToCartButtonDetail.tsx,components/cart/AddToCartButtonDetail.tsx,2026-02-02T01:12:39+07:00,2026-04-26T16:31:35+07:00,7,7,2,0.00,
components/cart/CartIcon.tsx,components/cart/CartIcon.tsx,2026-02-02T01:12:39+07:00,2026-03-11T16:50:14+07:00,7,7,2,0.00,
components/cart/CartItem.tsx,components/cart/CartItem.tsx,2026-02-02T01:12:39+07:00,2026-04-21T18:05:15+07:00,10,10,2,0.00,
components/cart/CartSheet.tsx,components/cart/CartSheet.tsx,2026-02-02T01:12:39+07:00,2026-05-20T10:52:30+07:00,19,19,2,0.00,
components/chat/AGENTS.md,components/chat/AGENTS.md,2026-04-26T16:31:35+07:00,2026-04-26T16:31:35+07:00,1,1,1,0.00,
components/chat/ChatBrandLogo.tsx,components/chat/ChatBrandLogo.tsx,2026-04-03T02:15:25+07:00,2026-05-20T10:52:30+07:00,4,4,1,0.00,
components/chat/ChatMessageContent.tsx,components/chat/ChatMessageContent.tsx,2026-04-03T02:15:25+07:00,2026-04-03T18:54:16+07:00,2,2,1,0.00,
components/chat/ChatTimestamp.tsx,components/chat/ChatTimestamp.tsx,2026-04-03T02:15:25+07:00,2026-04-03T02:15:25+07:00,1,1,1,0.00,
components/daily-topup-summary/AGENTS.md,components/daily-topup-summary/AGENTS.md,2026-04-26T16:31:35+07:00,2026-04-26T16:31:35+07:00,1,1,1,0.00,
components/daily-topup-summary/constants.ts,components/daily-topup-summary/constants.ts,2026-04-06T23:35:28+07:00,2026-04-06T23:35:28+07:00,1,1,1,0.00,
components/daily-topup-summary/types.ts,components/daily-topup-summary/types.ts,2026-04-06T23:35:28+07:00,2026-04-06T23:35:28+07:00,1,1,1,0.00,
components/daily-topup-summary/useDailyTopupSummaryData.ts,components/daily-topup-summary/useDailyTopupSummaryData.ts,2026-04-06T23:35:28+07:00,2026-04-06T23:35:28+07:00,1,1,1,0.00,
components/emails/AGENTS.md,components/emails/AGENTS.md,2026-04-26T16:31:35+07:00,2026-04-26T16:31:35+07:00,1,1,1,0.00,
components/emails/EmailLayout.tsx,components/emails/EmailLayout.tsx,2026-05-20T10:52:30+07:00,2026-05-20T10:52:30+07:00,1,1,1,0.00,
components/emails/EmailVerificationEmail.tsx,components/emails/EmailVerificationEmail.tsx,2026-05-06T23:50:05+07:00,2026-05-20T10:52:30+07:00,2,2,1,0.00,
components/emails/NotificationEmail.tsx,components/emails/NotificationEmail.tsx,2026-03-10T00:02:29+07:00,2026-05-20T10:52:30+07:00,3,3,1,0.00,
components/emails/PasswordResetEmail.tsx,components/emails/PasswordResetEmail.tsx,2026-04-26T16:31:35+07:00,2026-05-20T10:52:30+07:00,2,2,1,0.00,
components/emails/PurchaseReceiptEmail.tsx,components/emails/PurchaseReceiptEmail.tsx,2026-03-11T09:07:26+07:00,2026-05-20T10:52:30+07:00,5,5,1,0.00,
components/emails/emailStyles.ts,components/emails/emailStyles.ts,2026-05-20T10:52:30+07:00,2026-05-20T10:52:30+07:00,1,1,1,0.00,
components/gacha/AGENTS.md,components/gacha/AGENTS.md,2026-04-26T16:31:35+07:00,2026-04-26T16:31:35+07:00,1,1,1,0.70,gacha
components/gacha/RewardImageCropDialog.tsx,components/gacha/RewardImageCropDialog.tsx,2026-04-06T23:35:28+07:00,2026-05-20T10:52:30+07:00,3,3,1,0.70,gacha
components/image-crop/squareCrop.ts,components/image-crop/squareCrop.ts,2026-05-20T10:52:30+07:00,2026-05-20T10:52:30+07:00,1,1,1,0.00,
components/profile/AGENTS.md,components/profile/AGENTS.md,2026-04-26T16:31:35+07:00,2026-04-26T16:31:35+07:00,1,1,1,0.00,
components/profile/FreeCropDialog.tsx,components/profile/FreeCropDialog.tsx,2026-04-06T23:35:28+07:00,2026-05-20T10:52:30+07:00,6,6,1,0.00,
components/profile/PinSettingsCard.tsx,components/profile/PinSettingsCard.tsx,2026-04-20T16:39:41+07:00,2026-04-21T18:05:15+07:00,2,2,1,0.00,
components/providers/AGENTS.md,components/providers/AGENTS.md,2026-04-26T16:31:35+07:00,2026-04-26T16:31:35+07:00,1,1,1,0.00,
components/providers/CartContext.tsx,components/providers/CartContext.tsx,2026-02-02T01:12:39+07:00,2026-05-20T10:52:30+07:00,13,13,2,0.00,
components/providers/ThemeProvider.tsx,components/providers/ThemeProvider.tsx,2026-01-22T13:45:34+07:00,2026-04-26T16:31:35+07:00,6,6,2,0.00,
components/season-pass/AGENTS.md,components/season-pass/AGENTS.md,2026-04-26T16:31:35+07:00,2026-04-26T16:31:35+07:00,1,1,1,0.70,season-pass
components/season-pass/SeasonPassClaimButton.tsx,components/season-pass/SeasonPassClaimButton.tsx,2026-04-06T23:35:28+07:00,2026-05-20T10:52:30+07:00,3,3,1,0.70,season-pass
components/season-pass/SeasonPassDashboardContent.tsx,components/season-pass/SeasonPassDashboardContent.tsx,2026-04-09T13:44:30+07:00,2026-05-20T10:52:30+07:00,4,4,1,0.70,season-pass
components/season-pass/SeasonPassPurchaseButton.tsx,components/season-pass/SeasonPassPurchaseButton.tsx,2026-04-06T23:35:28+07:00,2026-05-20T10:52:30+07:00,3,3,1,0.70,season-pass
components/ui/AGENTS.md,components/ui/AGENTS.md,2026-04-26T16:31:35+07:00,2026-04-26T16:31:35+07:00,1,1,1,0.00,
components/ui/AlertModal.tsx,components/ui/AlertModal.tsx,2026-01-22T13:45:34+07:00,2026-02-08T20:40:36+07:00,4,4,1,0.00,
components/ui/accordion.tsx,components/ui/accordion.tsx,2026-01-22T13:45:34+07:00,2026-01-22T13:45:34+07:00,2,2,1,0.00,
components/ui/alert-dialog.tsx,components/ui/alert-dialog.tsx,2026-01-22T13:45:34+07:00,2026-03-11T16:50:14+07:00,3,3,2,0.00,
components/ui/alert.tsx,components/ui/alert.tsx,2026-01-22T13:45:34+07:00,2026-01-22T13:45:34+07:00,2,2,1,0.00,
components/ui/aspect-ratio.tsx,components/ui/aspect-ratio.tsx,2026-01-22T13:45:34+07:00,2026-01-22T13:45:34+07:00,2,2,1,0.00,
components/ui/avatar.tsx,components/ui/avatar.tsx,2026-01-22T13:45:34+07:00,2026-01-22T13:45:34+07:00,2,2,1,0.00,
components/ui/badge.tsx,components/ui/badge.tsx,2026-01-22T13:45:34+07:00,2026-01-22T13:45:34+07:00,2,2,1,0.00,
components/ui/breadcrumb.tsx,components/ui/breadcrumb.tsx,2026-01-22T13:45:34+07:00,2026-03-13T07:16:25+07:00,3,3,2,0.00,
components/ui/button-group.tsx,components/ui/button-group.tsx,2026-01-22T13:45:34+07:00,2026-03-13T07:16:25+07:00,3,3,2,0.00,
components/ui/button.tsx,components/ui/button.tsx,2026-01-22T13:45:34+07:00,2026-04-20T16:39:41+07:00,6,6,2,0.00,
components/ui/calendar.tsx,components/ui/calendar.tsx,2026-01-22T13:45:34+07:00,2026-03-13T07:16:25+07:00,3,3,2,0.00,
components/ui/card.tsx,components/ui/card.tsx,2026-01-22T13:45:34+07:00,2026-04-07T15:57:08+07:00,3,3,2,0.00,
components/ui/carousel.tsx,components/ui/carousel.tsx,2026-01-22T13:45:34+07:00,2026-03-13T07:16:25+07:00,3,3,2,0.00,
components/ui/chart.tsx,components/ui/chart.tsx,2026-01-22T13:45:34+07:00,2026-03-13T07:16:25+07:00,5,5,2,0.00,
components/ui/checkbox.tsx,components/ui/checkbox.tsx,2026-01-22T13:45:34+07:00,2026-01-22T13:45:34+07:00,2,2,1,0.00,
components/ui/collapsible.tsx,components/ui/collapsible.tsx,2026-01-22T13:45:34+07:00,2026-01-22T13:45:34+07:00,2,2,1,0.00,
components/ui/command.tsx,components/ui/command.tsx,2026-01-22T13:45:34+07:00,2026-01-22T13:45:34+07:00,2,2,1,0.00,
components/ui/context-menu.tsx,components/ui/context-menu.tsx,2026-01-22T13:45:34+07:00,2026-03-11T16:50:14+07:00,3,3,2,0.00,
components/ui/dialog.tsx,components/ui/dialog.tsx,2026-01-22T13:45:34+07:00,2026-04-07T15:57:08+07:00,4,4,2,0.00,
components/ui/drawer.tsx,components/ui/drawer.tsx,2026-01-22T13:45:34+07:00,2026-03-11T16:50:14+07:00,3,3,2,0.00,
components/ui/dropdown-menu.tsx,components/ui/dropdown-menu.tsx,2026-01-22T13:45:34+07:00,2026-03-11T16:50:14+07:00,3,3,2,0.00,
components/ui/empty.tsx,components/ui/empty.tsx,2026-01-22T13:45:34+07:00,2026-01-22T13:45:34+07:00,2,2,1,0.00,
components/ui/field.tsx,components/ui/field.tsx,2026-01-22T13:45:34+07:00,2026-03-13T07:16:25+07:00,3,3,2,0.00,
components/ui/form.tsx,components/ui/form.tsx,2026-01-22T13:45:34+07:00,2026-03-13T07:16:25+07:00,4,4,2,0.00,
components/ui/hover-card.tsx,components/ui/hover-card.tsx,2026-01-22T13:45:34+07:00,2026-03-11T16:50:14+07:00,3,3,2,0.00,
components/ui/input-group.tsx,components/ui/input-group.tsx,2026-01-22T13:45:34+07:00,2026-03-13T07:16:25+07:00,5,5,2,0.00,
components/ui/input-otp.tsx,components/ui/input-otp.tsx,2026-01-22T13:45:34+07:00,2026-03-13T07:16:25+07:00,3,3,2,0.00,
components/ui/input.tsx,components/ui/input.tsx,2026-01-22T13:45:34+07:00,2026-01-22T13:45:34+07:00,2,2,1,0.00,
components/ui/item.tsx,components/ui/item.tsx,2026-01-22T13:45:34+07:00,2026-03-13T07:16:25+07:00,3,3,2,0.00,
components/ui/kbd.tsx,components/ui/kbd.tsx,2026-01-22T13:45:34+07:00,2026-01-22T13:45:34+07:00,2,2,1,0.00,
components/ui/label.tsx,components/ui/label.tsx,2026-01-22T13:45:34+07:00,2026-01-22T13:45:34+07:00,2,2,1,0.00,
components/ui/menubar.tsx,components/ui/menubar.tsx,2026-01-22T13:45:34+07:00,2026-03-11T16:50:14+07:00,3,3,2,0.00,
components/ui/navigation-menu.tsx,components/ui/navigation-menu.tsx,2026-01-22T13:45:34+07:00,2026-01-22T13:45:34+07:00,2,2,1,0.00,
components/ui/pagination.tsx,components/ui/pagination.tsx,2026-01-22T13:45:34+07:00,2026-03-11T16:50:14+07:00,4,4,2,0.00,
components/ui/popover.tsx,components/ui/popover.tsx,2026-01-22T13:45:34+07:00,2026-03-11T16:50:14+07:00,3,3,2,0.00,
components/ui/progress.tsx,components/ui/progress.tsx,2026-01-22T13:45:34+07:00,2026-01-22T13:45:34+07:00,2,2,1,0.00,
components/ui/radio-group.tsx,components/ui/radio-group.tsx,2026-01-22T13:45:34+07:00,2026-01-22T13:45:34+07:00,2,2,1,0.00,
components/ui/resizable.tsx,components/ui/resizable.tsx,2026-01-22T13:45:34+07:00,2026-02-01T18:25:00+07:00,4,4,1,0.00,
components/ui/scroll-area.tsx,components/ui/scroll-area.tsx,2026-01-22T13:45:34+07:00,2026-01-22T13:45:34+07:00,2,2,1,0.00,
components/ui/select.tsx,components/ui/select.tsx,2026-01-22T13:45:34+07:00,2026-01-22T13:45:34+07:00,2,2,1,0.00,
components/ui/separator.tsx,components/ui/separator.tsx,2026-01-22T13:45:34+07:00,2026-01-22T13:45:34+07:00,2,2,1,0.00,
components/ui/sheet.tsx,components/ui/sheet.tsx,2026-01-22T13:45:34+07:00,2026-04-07T15:57:08+07:00,5,5,2,0.00,
components/ui/sidebar.tsx,components/ui/sidebar.tsx,2026-01-22T13:45:34+07:00,2026-03-13T07:16:25+07:00,5,5,2,0.00,
components/ui/skeleton.tsx,components/ui/skeleton.tsx,2026-01-22T13:45:34+07:00,2026-01-22T13:45:34+07:00,2,2,1,0.00,
components/ui/slider.tsx,components/ui/slider.tsx,2026-01-22T13:45:34+07:00,2026-03-13T07:16:25+07:00,3,3,2,0.00,
components/ui/sonner.tsx,components/ui/sonner.tsx,2026-01-22T13:45:34+07:00,2026-02-08T20:40:36+07:00,4,4,1,0.00,
components/ui/spinner.tsx,components/ui/spinner.tsx,2026-01-22T13:45:34+07:00,2026-03-11T16:50:14+07:00,3,3,2,0.00,
components/ui/switch.tsx,components/ui/switch.tsx,2026-01-22T13:45:34+07:00,2026-01-22T13:45:34+07:00,2,2,1,0.00,
components/ui/table.tsx,components/ui/table.tsx,2026-01-22T13:45:34+07:00,2026-03-11T16:09:25+07:00,7,7,2,0.00,
components/ui/tabs.tsx,components/ui/tabs.tsx,2026-01-22T13:45:34+07:00,2026-04-07T15:57:08+07:00,3,3,2,0.00,
components/ui/textarea.tsx,components/ui/textarea.tsx,2026-01-22T13:45:34+07:00,2026-01-22T13:45:34+07:00,2,2,1,0.00,
components/ui/toggle-group.tsx,components/ui/toggle-group.tsx,2026-01-22T13:45:34+07:00,2026-03-13T07:16:25+07:00,3,3,2,0.00,
components/ui/toggle.tsx,components/ui/toggle.tsx,2026-01-22T13:45:34+07:00,2026-01-22T13:45:34+07:00,2,2,1,0.00,
components/ui/tooltip.tsx,components/ui/tooltip.tsx,2026-01-22T13:45:34+07:00,2026-03-11T16:50:14+07:00,3,3,2,0.00,
components/useLogout.ts,components/useLogout.ts,2026-04-01T11:27:28+07:00,2026-05-06T23:50:05+07:00,4,4,1,0.00,
current_sonar_issues.json,current_sonar_issues.json,2026-03-13T07:16:25+07:00,2026-03-18T12:01:52+07:00,2,2,1,0.00,
db-push-dev.bat,db-push-dev.bat,2026-04-09T13:44:30+07:00,2026-04-26T16:31:35+07:00,2,2,1,0.00,
db-studio-dev.bat,db-studio-dev.bat,2026-04-09T13:44:30+07:00,2026-04-26T16:31:35+07:00,2,2,1,0.00,
deploy-web.bat,deploy-web.bat,2026-04-09T13:44:30+07:00,2026-04-26T16:31:35+07:00,2,2,1,0.00,
dev-web.bat,dev-web.bat,2026-04-09T13:44:30+07:00,2026-04-26T16:31:35+07:00,2,2,1,0.00,
docker-compose.yml,docker-compose.yml,2026-03-11T09:07:26+07:00,2026-04-30T14:10:22+07:00,4,4,1,0.80,deploy
docs/AGENTS.md,docs/AGENTS.md,2026-04-26T16:31:35+07:00,2026-04-29T21:27:31+07:00,2,2,1,0.00,
docs/ai-workflow.md,docs/ai-workflow.md,2026-05-06T23:50:05+07:00,2026-05-06T23:50:05+07:00,1,1,1,0.00,
docs/database-cleanup-plan.md,docs/database-cleanup-plan.md,2026-04-09T17:19:07+07:00,2026-04-26T16:31:35+07:00,2,2,1,0.00,
docs/database/AGENTS.md,docs/database/AGENTS.md,2026-04-26T16:31:35+07:00,2026-04-26T16:31:35+07:00,1,1,1,0.00,
docs/database/cleanup-plan.md,docs/database/cleanup-plan.md,2026-04-26T16:31:35+07:00,2026-04-26T16:31:35+07:00,1,1,1,0.00,
docs/database/sql/AGENTS.md,docs/database/sql/AGENTS.md,2026-04-26T16:31:35+07:00,2026-04-26T16:31:35+07:00,1,1,1,0.00,
docs/incident-commerce-runbook.md,docs/incident-commerce-runbook.md,2026-04-06T23:35:28+07:00,2026-04-26T16:31:35+07:00,2,2,1,0.00,
docs/planning/project-requirements.md,docs/planning/project-requirements.md,2026-04-29T21:27:31+07:00,2026-04-29T21:27:31+07:00,1,1,1,0.00,
docs/planning/project-roadmap.md,docs/planning/project-roadmap.md,2026-04-29T21:27:31+07:00,2026-04-29T21:27:31+07:00,1,1,1,0.00,
docs/planning/shared-layer-audit.md,docs/planning/shared-layer-audit.md,2026-05-20T10:52:30+07:00,2026-05-20T18:06:05+07:00,2,2,1,0.00,
docs/planning/shop-testing-plan.md,docs/planning/shop-testing-plan.md,2026-04-29T21:27:31+07:00,2026-04-29T21:27:31+07:00,1,1,1,0.00,
docs/project-context.md,docs/project-context.md,2026-04-26T16:31:35+07:00,2026-04-26T16:31:35+07:00,1,1,1,0.00,
docs/project-requirements.md,docs/project-requirements.md,2026-04-29T19:49:19+07:00,2026-04-29T21:27:31+07:00,2,2,1,0.00,
docs/project-roadmap.md,docs/project-roadmap.md,2026-04-29T19:49:19+07:00,2026-04-29T21:27:31+07:00,2,2,1,0.00,
docs/project-structure.md,docs/project-structure.md,2026-04-29T21:27:31+07:00,2026-04-29T21:40:28+07:00,2,2,1,0.00,
docs/runbooks/AGENTS.md,docs/runbooks/AGENTS.md,2026-04-26T16:31:35+07:00,2026-04-26T16:31:35+07:00,1,1,1,0.00,
docs/runbooks/incident-commerce.md,docs/runbooks/incident-commerce.md,2026-04-26T16:31:35+07:00,2026-04-29T21:40:28+07:00,2,2,1,0.00,
docs/runbooks/launch-checklist.md,docs/runbooks/launch-checklist.md,2026-05-21T12:46:21+07:00,2026-05-21T12:46:21+07:00,1,1,1,0.00,
docs/runbooks/login-auth.md,docs/runbooks/login-auth.md,2026-04-26T16:31:35+07:00,2026-04-29T19:49:19+07:00,2,2,1,0.00,
docs/shop-testing-plan.md,docs/shop-testing-plan.md,2026-04-29T21:20:00+07:00,2026-04-29T21:27:31+07:00,2,2,1,0.00,
docs/sql/AGENTS.md,docs/sql/AGENTS.md,2026-04-26T16:31:35+07:00,2026-04-26T16:31:35+07:00,1,1,1,0.00,
docs/tasks/login-hardening.md,docs/tasks/login-hardening.md,2026-05-06T23:50:05+07:00,2026-05-06T23:50:05+07:00,1,1,1,0.00,
docs/tasks/login.md,docs/tasks/login.md,2026-05-06T23:50:05+07:00,2026-05-06T23:50:05+07:00,1,1,1,0.00,
drizzle.config.ts,drizzle.config.ts,2026-03-04T14:15:16+07:00,2026-04-09T13:44:30+07:00,4,4,2,0.00,
drizzle/0000_nebulous_paladin.sql,drizzle/0000_nebulous_paladin.sql,2026-03-10T00:02:29+07:00,2026-03-10T00:02:29+07:00,1,1,1,0.90,schema
drizzle/0001_workable_morlocks.sql,drizzle/0001_workable_morlocks.sql,2026-03-10T00:02:29+07:00,2026-03-10T00:02:29+07:00,1,1,1,0.90,schema
drizzle/0002_redundant_proteus.sql,drizzle/0002_redundant_proteus.sql,2026-04-03T02:15:25+07:00,2026-04-03T02:15:25+07:00,1,1,1,0.90,schema
drizzle/0003_ambitious_bushwacker.sql,drizzle/0003_ambitious_bushwacker.sql,2026-04-03T02:15:25+07:00,2026-04-03T02:15:25+07:00,1,1,1,0.90,schema
drizzle/0004_quick_chatbox.sql,drizzle/0004_quick_chatbox.sql,2026-04-03T02:15:25+07:00,2026-04-03T02:15:25+07:00,1,1,1,0.90,schema
drizzle/0005_chat_admin_tools.sql,drizzle/0005_chat_admin_tools.sql,2026-04-03T18:54:16+07:00,2026-04-03T18:54:16+07:00,1,1,1,0.90,schema
drizzle/0006_targeted_promo_system.sql,drizzle/0006_targeted_promo_system.sql,2026-04-06T23:35:28+07:00,2026-04-06T23:35:28+07:00,1,1,1,0.90,schema
drizzle/0007_encryptable_columns_widen.sql,drizzle/0007_encryptable_columns_widen.sql,2026-04-06T23:35:28+07:00,2026-04-06T23:35:28+07:00,1,1,1,0.90,schema
drizzle/0008_season_pass.sql,drizzle/0008_season_pass.sql,2026-04-06T23:35:28+07:00,2026-04-06T23:35:28+07:00,1,1,1,0.90,schema
drizzle/0009_season_pass_rewards.sql,drizzle/0009_season_pass_rewards.sql,2026-04-06T23:35:28+07:00,2026-04-06T23:35:28+07:00,1,1,1,0.90,schema
drizzle/0010_season_pass_reward_images.sql,drizzle/0010_season_pass_reward_images.sql,2026-04-06T23:35:28+07:00,2026-04-29T19:49:19+07:00,2,2,1,0.90,schema
drizzle/0011_user_ticket_balance.sql,drizzle/0011_user_ticket_balance.sql,2026-04-06T23:35:28+07:00,2026-04-29T19:49:19+07:00,2,2,1,0.90,schema
drizzle/0012_promo_code_types.sql,drizzle/0012_promo_code_types.sql,2026-04-09T01:28:19+07:00,2026-04-09T01:28:19+07:00,1,1,1,0.90,schema
drizzle/0013_help_videos.sql,drizzle/0013_help_videos.sql,2026-04-12T20:06:35+07:00,2026-04-12T20:06:35+07:00,1,1,1,0.90,schema
drizzle/0014_user_pin_security.sql,drizzle/0014_user_pin_security.sql,2026-04-20T16:39:41+07:00,2026-04-20T16:39:41+07:00,1,1,1,0.90,schema
drizzle/0015_season_pass_runtime_backfill.sql,drizzle/0015_season_pass_runtime_backfill.sql,2026-04-29T19:49:19+07:00,2026-04-29T19:49:19+07:00,1,1,1,0.90,schema
drizzle/0016_query_path_index_tuning.sql,drizzle/0016_query_path_index_tuning.sql,2026-04-29T19:49:19+07:00,2026-04-29T19:49:19+07:00,1,1,1,0.90,schema
drizzle/0017_order_status_index_alignment.sql,drizzle/0017_order_status_index_alignment.sql,2026-04-29T19:49:19+07:00,2026-04-29T19:49:19+07:00,1,1,1,0.90,schema
drizzle/0018_email_verification_tokens.sql,drizzle/0018_email_verification_tokens.sql,2026-05-06T23:50:05+07:00,2026-05-06T23:50:05+07:00,1,1,1,0.90,schema
drizzle/0019_product_stock_count.sql,drizzle/0019_product_stock_count.sql,2026-05-20T10:52:30+07:00,2026-05-20T10:52:30+07:00,1,1,1,0.90,schema
drizzle/0020_user_address_profiles.sql,drizzle/0020_user_address_profiles.sql,2026-05-20T10:52:30+07:00,2026-05-20T10:52:30+07:00,1,1,1,0.90,schema
drizzle/AGENTS.md,drizzle/AGENTS.md,2026-04-26T16:31:35+07:00,2026-04-26T16:31:35+07:00,1,1,1,0.90,schema
drizzle/README.md,drizzle/README.md,2026-04-03T02:15:25+07:00,2026-04-03T02:15:25+07:00,1,1,1,0.90,schema
eslint.config.mjs,eslint.config.mjs,2026-01-17T11:43:30+07:00,2026-05-20T10:52:30+07:00,4,4,2,0.00,
eslint_report.txt,eslint_report.txt,2026-03-13T07:16:25+07:00,2026-03-18T12:01:52+07:00,2,2,1,0.00,
export-all.bat,export-all.bat,2026-03-10T00:02:29+07:00,2026-03-18T12:01:52+07:00,2,2,1,0.00,
fetch-sonar.js,fetch-sonar.js,2026-03-13T07:16:25+07:00,2026-03-18T12:01:52+07:00,2,2,1,0.00,
hooks/AGENTS.md,hooks/AGENTS.md,2026-04-26T16:31:35+07:00,2026-04-26T16:31:35+07:00,1,1,1,0.00,
hooks/use-mobile.ts,hooks/use-mobile.ts,2026-01-22T13:45:34+07:00,2026-04-20T16:39:41+07:00,4,4,2,0.00,
hooks/useCarouselAutoScroll.ts,hooks/useCarouselAutoScroll.ts,2026-05-20T10:52:30+07:00,2026-05-20T10:52:30+07:00,1,1,1,0.00,
hooks/useCsrfToken.ts,hooks/useCsrfToken.ts,2026-01-22T13:45:34+07:00,2026-05-20T10:52:30+07:00,3,3,2,0.00,
hooks/useCurrencySettings.ts,hooks/useCurrencySettings.ts,2026-04-14T12:27:01+07:00,2026-04-20T16:39:41+07:00,2,2,1,0.00,
hooks/useDashboardData.ts,hooks/useDashboardData.ts,2026-02-13T01:05:32+07:00,2026-02-13T01:05:32+07:00,2,2,1,0.00,
hooks/useMaintenanceStatus.ts,hooks/useMaintenanceStatus.ts,2026-04-06T23:35:28+07:00,2026-05-20T10:52:30+07:00,3,3,1,0.00,
hooks/useProgressiveImageWindow.ts,hooks/useProgressiveImageWindow.ts,2026-05-20T10:52:30+07:00,2026-05-20T10:52:30+07:00,1,1,1,0.00,
hooks/usePurchaseProduct.ts,hooks/usePurchaseProduct.ts,2026-05-20T10:52:30+07:00,2026-05-20T10:52:30+07:00,1,1,1,0.80,commerce
lib/AGENTS.md,lib/AGENTS.md,2026-04-26T16:31:35+07:00,2026-04-26T16:31:35+07:00,1,1,1,0.00,
lib/actions/AGENTS.md,lib/actions/AGENTS.md,2026-04-26T16:31:35+07:00,2026-04-26T16:31:35+07:00,1,1,1,0.00,
lib/actions/addressProfiles.ts,lib/actions/addressProfiles.ts,2026-05-20T10:52:30+07:00,2026-05-20T10:52:30+07:00,1,1,1,0.00,
lib/actions/pin.ts,lib/actions/pin.ts,2026-04-20T16:39:41+07:00,2026-04-20T16:39:41+07:00,1,1,1,0.00,
lib/actions/user.ts,lib/actions/user.ts,2026-02-01T18:25:00+07:00,2026-05-06T23:50:05+07:00,15,15,2,0.00,
lib/adminAccess.ts,lib/adminAccess.ts,2026-04-10T23:14:05+07:00,2026-04-26T16:31:35+07:00,2,2,1,1.00,permissions
lib/api.ts,lib/api.ts,2026-03-04T14:45:55+07:00,2026-05-20T10:52:30+07:00,3,3,2,0.00,
lib/apiKey.ts,lib/apiKey.ts,2026-01-22T13:45:34+07:00,2026-04-03T02:15:25+07:00,8,8,2,0.00,
lib/apiSecurity.ts,lib/apiSecurity.ts,2026-01-22T13:45:34+07:00,2026-05-20T10:52:30+07:00,6,6,2,0.00,
lib/auditLog.ts,lib/auditLog.ts,2026-01-22T13:45:34+07:00,2026-04-29T19:49:19+07:00,21,21,2,0.00,
lib/auth.ts,lib/auth.ts,2026-01-22T13:45:34+07:00,2026-04-30T14:10:22+07:00,9,9,2,1.00,auth
lib/authRedirect.ts,lib/authRedirect.ts,2026-04-15T18:56:46+07:00,2026-05-06T23:50:05+07:00,2,2,1,0.00,
lib/autoDelete.ts,lib/autoDelete.ts,2026-03-19T21:24:04+07:00,2026-04-03T02:15:25+07:00,2,2,1,0.00,
lib/cache.ts,lib/cache.ts,2026-02-01T15:48:46+07:00,2026-04-04T22:08:26+07:00,6,6,2,0.00,
lib/chat.ts,lib/chat.ts,2026-04-03T02:15:25+07:00,2026-04-09T01:28:19+07:00,3,3,1,0.00,
lib/chatAdmin.ts,lib/chatAdmin.ts,2026-04-03T18:54:16+07:00,2026-04-03T18:54:16+07:00,1,1,1,0.00,
lib/chatConstraints.ts,lib/chatConstraints.ts,2026-04-03T18:54:16+07:00,2026-04-03T18:54:16+07:00,1,1,1,0.00,
lib/chatMedia.ts,lib/chatMedia.ts,2026-04-03T02:15:25+07:00,2026-05-06T23:50:05+07:00,4,4,1,0.00,
lib/chatMessageContent.ts,lib/chatMessageContent.ts,2026-04-03T02:15:25+07:00,2026-04-03T02:15:25+07:00,1,1,1,0.00,
lib/chatQuickReplies.ts,lib/chatQuickReplies.ts,2026-04-03T18:54:16+07:00,2026-04-03T18:54:16+07:00,1,1,1,0.00,
lib/chatSecurity.ts,lib/chatSecurity.ts,2026-04-03T18:54:16+07:00,2026-04-21T18:05:15+07:00,2,2,1,0.00,
lib/client/accountClient.ts,lib/client/accountClient.ts,2026-05-20T10:52:30+07:00,2026-05-20T10:52:30+07:00,1,1,1,0.00,
lib/client/adminGachaRewardsClient.ts,lib/client/adminGachaRewardsClient.ts,2026-05-20T10:52:30+07:00,2026-05-20T10:52:30+07:00,1,1,1,0.00,
lib/client/cartCheckoutClient.ts,lib/client/cartCheckoutClient.ts,2026-05-20T10:52:30+07:00,2026-05-20T10:52:30+07:00,1,1,1,0.00,
lib/client/cartRecommendationsClient.ts,lib/client/cartRecommendationsClient.ts,2026-05-20T10:52:30+07:00,2026-05-20T10:52:30+07:00,1,1,1,0.00,
lib/client/cartRefreshClient.ts,lib/client/cartRefreshClient.ts,2026-05-20T10:52:30+07:00,2026-05-20T10:52:30+07:00,1,1,1,0.00,
lib/client/gachaActivityClient.ts,lib/client/gachaActivityClient.ts,2026-05-20T18:06:05+07:00,2026-05-20T18:06:05+07:00,1,1,1,0.00,
lib/client/gachaGridClient.ts,lib/client/gachaGridClient.ts,2026-05-20T10:52:30+07:00,2026-05-20T10:52:30+07:00,1,1,1,0.00,
lib/client/gachaRollClient.ts,lib/client/gachaRollClient.ts,2026-05-20T10:52:30+07:00,2026-05-20T10:52:30+07:00,1,1,1,0.00,
lib/client/popupDismissal.ts,lib/client/popupDismissal.ts,2026-05-20T10:52:30+07:00,2026-05-20T10:52:30+07:00,1,1,1,0.00,
lib/client/promoCodeClient.ts,lib/client/promoCodeClient.ts,2026-05-20T10:52:30+07:00,2026-05-20T10:52:30+07:00,1,1,1,0.00,
lib/client/uploadClient.ts,lib/client/uploadClient.ts,2026-05-20T10:52:30+07:00,2026-05-20T10:52:30+07:00,1,1,1,0.00,
lib/client/userBalanceClient.ts,lib/client/userBalanceClient.ts,2026-05-20T10:52:30+07:00,2026-05-20T10:52:30+07:00,1,1,1,0.00,
lib/cloudflareStorage.ts,lib/cloudflareStorage.ts,2026-05-06T23:50:05+07:00,2026-05-06T23:50:05+07:00,1,1,1,0.00,
lib/compressImage.ts,lib/compressImage.ts,2026-02-13T01:05:32+07:00,2026-04-20T16:39:41+07:00,5,5,2,0.00,
lib/constants/apiRoutes.ts,lib/constants/apiRoutes.ts,2026-05-20T10:52:30+07:00,2026-05-20T18:06:05+07:00,2,2,1,0.00,
lib/constants/gacha.ts,lib/constants/gacha.ts,2026-05-20T10:52:30+07:00,2026-05-20T10:52:30+07:00,1,1,1,0.00,
lib/constants/storageKeys.ts,lib/constants/storageKeys.ts,2026-05-20T10:52:30+07:00,2026-05-20T10:52:30+07:00,1,1,1,0.00,
lib/csrf-client.ts,lib/csrf-client.ts,2026-04-03T02:15:25+07:00,2026-05-20T10:52:30+07:00,3,3,1,0.00,
lib/csrf.ts,lib/csrf.ts,2026-01-22T13:45:34+07:00,2026-04-30T14:10:22+07:00,6,6,2,1.00,csrf
lib/cubejs.ts,lib/cubejs.ts,2026-02-13T01:05:32+07:00,2026-02-13T01:05:32+07:00,2,2,1,0.00,
lib/currencySettings.ts,lib/currencySettings.ts,2026-04-14T12:27:01+07:00,2026-04-14T12:27:01+07:00,1,1,1,0.00,
lib/dataProtection.ts,lib/dataProtection.ts,2026-01-22T13:45:34+07:00,2026-04-06T23:35:28+07:00,5,5,2,0.00,
lib/db.ts,lib/db.ts,2026-01-22T13:45:34+07:00,2026-05-20T10:52:30+07:00,5,5,2,0.00,
lib/db/AGENTS.md,lib/db/AGENTS.md,2026-04-26T16:31:35+07:00,2026-04-26T16:31:35+07:00,1,1,1,0.00,
lib/db/index.ts,lib/db/index.ts,2026-03-04T14:15:16+07:00,2026-05-20T10:52:30+07:00,9,9,2,0.00,
lib/db/schema.ts,lib/db/schema.ts,2026-03-04T14:15:16+07:00,2026-05-20T10:52:30+07:00,19,19,2,1.00,schema
lib/db/singletons.ts,lib/db/singletons.ts,2026-04-03T02:15:25+07:00,2026-04-03T02:15:25+07:00,1,1,1,0.00,
lib/emailVerification.ts,lib/emailVerification.ts,2026-05-06T23:50:05+07:00,2026-05-20T10:52:30+07:00,2,2,1,0.00,
lib/encryption.ts,lib/encryption.ts,2026-01-22T13:45:34+07:00,2026-04-06T23:35:28+07:00,11,11,2,0.00,
lib/features/AGENTS.md,lib/features/AGENTS.md,2026-04-26T16:31:35+07:00,2026-04-26T16:31:35+07:00,1,1,1,0.00,
lib/features/admin/exportData.ts,lib/features/admin/exportData.ts,2026-05-20T10:52:30+07:00,2026-05-20T10:52:30+07:00,1,1,1,0.00,
lib/features/content/apiResponse.ts,lib/features/content/apiResponse.ts,2026-05-20T10:52:30+07:00,2026-05-20T10:52:30+07:00,1,1,1,0.00,
lib/features/dashboard/topupSummary.ts,lib/features/dashboard/topupSummary.ts,2026-05-20T10:52:30+07:00,2026-05-20T10:52:30+07:00,1,1,1,0.00,
lib/features/gacha/apiResponse.ts,lib/features/gacha/apiResponse.ts,2026-05-20T10:52:30+07:00,2026-05-20T10:52:30+07:00,1,1,1,1.00,gacha
lib/features/gacha/limits.ts,lib/features/gacha/limits.ts,2026-05-20T10:52:30+07:00,2026-05-20T10:52:30+07:00,1,1,1,1.00,gacha
lib/features/gacha/rewards.ts,lib/features/gacha/rewards.ts,2026-05-20T10:52:30+07:00,2026-05-20T10:52:30+07:00,1,1,1,1.00,gacha
lib/features/gacha/settings.ts,lib/features/gacha/settings.ts,2026-05-20T10:52:30+07:00,2026-05-20T10:52:30+07:00,1,1,1,1.00,gacha
lib/features/gacha/users.ts,lib/features/gacha/users.ts,2026-05-20T10:52:30+07:00,2026-05-20T10:52:30+07:00,1,1,1,1.00,gacha
lib/features/orders/AGENTS.md,lib/features/orders/AGENTS.md,2026-04-26T16:31:35+07:00,2026-04-26T16:31:35+07:00,1,1,1,1.00,commerce
lib/features/orders/purchase.ts,lib/features/orders/purchase.ts,2026-04-29T19:49:19+07:00,2026-05-21T12:46:21+07:00,3,3,1,1.00,commerce
lib/features/orders/queries.ts,lib/features/orders/queries.ts,2026-04-06T23:35:28+07:00,2026-04-06T23:35:28+07:00,1,1,1,1.00,commerce
lib/features/products/AGENTS.md,lib/features/products/AGENTS.md,2026-04-26T16:31:35+07:00,2026-04-26T16:31:35+07:00,1,1,1,0.80,commerce
lib/features/products/mutations.ts,lib/features/products/mutations.ts,2026-04-06T23:35:28+07:00,2026-05-20T10:52:30+07:00,2,2,1,0.80,commerce
lib/features/products/pricing.ts,lib/features/products/pricing.ts,2026-05-20T10:52:30+07:00,2026-05-20T10:52:30+07:00,1,1,1,0.80,commerce
lib/features/products/queries.ts,lib/features/products/queries.ts,2026-04-06T23:35:28+07:00,2026-05-20T18:06:05+07:00,3,3,1,0.80,commerce
lib/features/products/shared.ts,lib/features/products/shared.ts,2026-04-06T23:35:28+07:00,2026-05-20T10:52:30+07:00,3,3,1,0.80,commerce
lib/features/products/stockValidation.ts,lib/features/products/stockValidation.ts,2026-05-20T18:06:05+07:00,2026-05-20T18:06:05+07:00,1,1,1,0.80,commerce
lib/features/promo/AGENTS.md,lib/features/promo/AGENTS.md,2026-04-26T16:31:35+07:00,2026-04-26T16:31:35+07:00,1,1,1,0.90,commerce
lib/features/promo/mutations.ts,lib/features/promo/mutations.ts,2026-04-06T23:35:28+07:00,2026-04-06T23:35:28+07:00,1,1,1,0.90,commerce
lib/features/promo/queries.ts,lib/features/promo/queries.ts,2026-04-06T23:35:28+07:00,2026-04-29T19:49:19+07:00,2,2,1,0.90,commerce
lib/features/promo/shared.ts,lib/features/promo/shared.ts,2026-04-06T23:35:28+07:00,2026-05-20T10:52:30+07:00,3,3,1,0.90,commerce
lib/features/seasonPass/apiResponse.ts,lib/features/seasonPass/apiResponse.ts,2026-05-20T10:52:30+07:00,2026-05-20T10:52:30+07:00,1,1,1,0.00,
lib/features/topup/easySlipService.ts,lib/features/topup/easySlipService.ts,2026-05-20T10:52:30+07:00,2026-05-20T10:52:30+07:00,1,1,1,1.00,topup
lib/features/topup/slipHelpers.ts,lib/features/topup/slipHelpers.ts,2026-05-20T10:52:30+07:00,2026-05-20T10:52:30+07:00,1,1,1,1.00,topup
lib/features/topup/topupBuilders.ts,lib/features/topup/topupBuilders.ts,2026-05-20T10:52:30+07:00,2026-05-20T10:52:30+07:00,1,1,1,1.00,topup
lib/features/topup/topupProofStorage.ts,lib/features/topup/topupProofStorage.ts,2026-05-20T10:52:30+07:00,2026-05-20T10:52:30+07:00,1,1,1,1.00,topup
lib/features/topup/topupProofValidation.ts,lib/features/topup/topupProofValidation.ts,2026-05-20T10:52:30+07:00,2026-05-20T10:52:30+07:00,1,1,1,1.00,topup
lib/features/topup/topupRequest.ts,lib/features/topup/topupRequest.ts,2026-05-20T10:52:30+07:00,2026-05-20T10:52:30+07:00,1,1,1,1.00,topup
lib/features/topup/topupService.ts,lib/features/topup/topupService.ts,2026-05-20T10:52:30+07:00,2026-05-20T10:52:30+07:00,1,1,1,1.00,topup
lib/features/topup/topupVerificationFlow.ts,lib/features/topup/topupVerificationFlow.ts,2026-05-20T10:52:30+07:00,2026-05-20T10:52:30+07:00,1,1,1,1.00,topup
lib/footerLinks.ts,lib/footerLinks.ts,2026-04-29T19:49:19+07:00,2026-04-29T19:49:19+07:00,1,1,1,0.00,
lib/formatters/currency.ts,lib/formatters/currency.ts,2026-05-20T10:52:30+07:00,2026-05-20T10:52:30+07:00,1,1,1,0.00,
lib/formatters/date.ts,lib/formatters/date.ts,2026-05-20T10:52:30+07:00,2026-05-20T10:52:30+07:00,1,1,1,0.00,
lib/gachaCost.ts,lib/gachaCost.ts,2026-04-14T12:27:01+07:00,2026-04-14T12:27:01+07:00,1,1,1,0.00,
lib/gachaExecution.ts,lib/gachaExecution.ts,2026-04-06T23:35:28+07:00,2026-05-20T10:52:30+07:00,5,5,1,1.00,gacha
lib/gachaGrid.ts,lib/gachaGrid.ts,2026-02-19T17:09:35+07:00,2026-05-20T10:52:30+07:00,9,9,2,0.00,
lib/gachaMachineProbability.ts,lib/gachaMachineProbability.ts,2026-04-11T11:51:02+07:00,2026-04-26T16:31:35+07:00,2,2,1,0.00,
lib/gachaProbability.ts,lib/gachaProbability.ts,2026-04-07T15:57:08+07:00,2026-04-29T19:49:19+07:00,3,3,1,0.00,
lib/gachaRewardEligibility.ts,lib/gachaRewardEligibility.ts,2026-04-26T16:31:35+07:00,2026-04-26T16:31:35+07:00,1,1,1,0.00,
lib/gachaRewardQueries.ts,lib/gachaRewardQueries.ts,2026-04-26T16:31:35+07:00,2026-04-26T16:31:35+07:00,1,1,1,0.90,gacha
lib/getCurrencySettings.ts,lib/getCurrencySettings.ts,2026-04-14T12:27:01+07:00,2026-04-14T12:27:01+07:00,1,1,1,0.00,
lib/getSiteSettings.ts,lib/getSiteSettings.ts,2026-01-22T13:45:34+07:00,2026-04-03T02:15:25+07:00,6,6,2,0.00,
lib/helpArticles.ts,lib/helpArticles.ts,2026-04-29T19:49:19+07:00,2026-04-29T19:49:19+07:00,1,1,1,0.00,
lib/helpVideos.ts,lib/helpVideos.ts,2026-04-12T20:06:35+07:00,2026-04-20T16:39:41+07:00,2,2,1,0.00,
lib/imageResize.ts,lib/imageResize.ts,2026-02-23T22:14:30+07:00,2026-02-23T22:14:30+07:00,2,2,1,0.00,
lib/imageUploadRecommendations.ts,lib/imageUploadRecommendations.ts,2026-04-14T12:27:01+07:00,2026-04-26T16:31:35+07:00,2,2,1,0.00,
lib/imageUrl.ts,lib/imageUrl.ts,2026-04-04T22:08:26+07:00,2026-04-06T23:35:28+07:00,2,2,1,0.00,
lib/login.ts,lib/login.ts,2026-04-26T16:31:35+07:00,2026-05-06T23:50:05+07:00,3,3,1,0.00,
lib/mail.ts,lib/mail.ts,2026-03-10T00:02:29+07:00,2026-05-06T23:50:05+07:00,5,5,1,0.00,
lib/maintenanceMode.ts,lib/maintenanceMode.ts,2026-04-06T23:35:28+07:00,2026-04-06T23:35:28+07:00,1,1,1,0.00,
lib/newsValidation.ts,lib/newsValidation.ts,2026-04-11T21:42:54+07:00,2026-04-20T16:39:41+07:00,2,2,1,0.00,
lib/passwordReset.ts,lib/passwordReset.ts,2026-04-26T16:31:35+07:00,2026-04-26T16:31:35+07:00,1,1,1,0.00,
lib/permissions.ts,lib/permissions.ts,2026-01-22T13:45:34+07:00,2026-04-12T16:25:57+07:00,7,7,2,1.00,permissions
lib/prepare-purchase.ts,lib/prepare-purchase.ts,2026-04-20T16:39:41+07:00,2026-05-20T10:52:30+07:00,2,2,1,0.00,
lib/prisma.ts,lib/prisma.ts,2026-01-22T13:45:34+07:00,2026-03-04T14:15:16+07:00,4,4,1,0.00,
lib/productImages.ts,lib/productImages.ts,2026-04-15T18:56:46+07:00,2026-04-15T18:56:46+07:00,1,1,1,0.00,
lib/promo.ts,lib/promo.ts,2026-04-06T23:35:28+07:00,2026-04-09T01:28:19+07:00,2,2,1,0.00,
lib/rateLimit.ts,lib/rateLimit.ts,2026-01-22T13:45:34+07:00,2026-05-06T23:50:05+07:00,7,7,2,0.00,
lib/redis.ts,lib/redis.ts,2026-02-01T15:48:46+07:00,2026-05-06T23:50:05+07:00,3,3,2,0.00,
lib/require-auth-before-purchase.ts,lib/require-auth-before-purchase.ts,2026-04-15T18:56:46+07:00,2026-05-20T10:52:30+07:00,3,3,1,0.00,
lib/require-pin-for-action.ts,lib/require-pin-for-action.ts,2026-04-20T16:39:41+07:00,2026-05-20T10:52:30+07:00,2,2,1,0.00,
lib/roleCode.ts,lib/roleCode.ts,2026-04-10T23:14:05+07:00,2026-04-10T23:14:05+07:00,1,1,1,0.00,
lib/runtimeUploads.ts,lib/runtimeUploads.ts,2026-04-11T11:51:02+07:00,2026-04-11T11:51:02+07:00,1,1,1,0.00,
lib/sanitize.ts,lib/sanitize.ts,2026-01-22T13:45:34+07:00,2026-03-11T15:28:47+07:00,3,3,2,0.00,
lib/seasonPass.ts,lib/seasonPass.ts,2026-04-06T23:35:28+07:00,2026-05-20T10:52:30+07:00,6,6,1,0.00,
lib/seasonPassConfig.ts,lib/seasonPassConfig.ts,2026-04-29T19:49:19+07:00,2026-04-29T19:49:19+07:00,1,1,1,0.00,
lib/seasonPassObservability.ts,lib/seasonPassObservability.ts,2026-04-29T19:49:19+07:00,2026-04-29T19:49:19+07:00,1,1,1,0.00,
lib/seasonPassTransactions.ts,lib/seasonPassTransactions.ts,2026-04-29T19:49:19+07:00,2026-05-20T10:52:30+07:00,2,2,1,0.00,
lib/security/AGENTS.md,lib/security/AGENTS.md,2026-04-26T16:31:35+07:00,2026-04-26T16:31:35+07:00,1,1,1,1.00,security
lib/security/pin.ts,lib/security/pin.ts,2026-04-20T16:39:41+07:00,2026-04-20T16:39:41+07:00,1,1,1,1.00,security
lib/security/turnstile.ts,lib/security/turnstile.ts,2026-04-16T20:59:44+07:00,2026-05-06T23:50:05+07:00,2,2,1,1.00,security
lib/sensitiveData.ts,lib/sensitiveData.ts,2026-04-06T23:35:28+07:00,2026-05-20T10:52:30+07:00,3,3,1,1.00,secrets
lib/seo.ts,lib/seo.ts,2026-04-02T17:27:30+07:00,2026-04-26T16:31:35+07:00,5,5,1,0.00,
lib/serverImageUpload.ts,lib/serverImageUpload.ts,2026-04-03T23:20:46+07:00,2026-05-06T23:50:05+07:00,4,4,1,0.00,
lib/session.ts,lib/session.ts,2026-01-22T13:45:34+07:00,2026-04-09T17:19:07+07:00,9,9,2,0.00,
lib/slipStorage.ts,lib/slipStorage.ts,2026-04-06T23:35:28+07:00,2026-05-06T23:50:05+07:00,2,2,1,0.00,
lib/stock.ts,lib/stock.ts,2026-02-08T20:40:36+07:00,2026-05-20T18:06:05+07:00,4,4,2,0.00,
lib/swal.ts,lib/swal.ts,2026-02-01T14:59:03+07:00,2026-05-20T10:52:30+07:00,15,15,2,0.00,
lib/theme.ts,lib/theme.ts,2026-04-20T16:39:41+07:00,2026-04-20T16:39:41+07:00,1,1,1,0.00,
lib/userBalances.ts,lib/userBalances.ts,2026-04-07T15:57:08+07:00,2026-04-14T12:27:01+07:00,2,2,1,0.00,
lib/utils.ts,lib/utils.ts,2026-01-22T13:45:34+07:00,2026-01-22T13:45:34+07:00,2,2,1,0.00,
lib/utils/AGENTS.md,lib/utils/AGENTS.md,2026-04-26T16:31:35+07:00,2026-04-26T16:31:35+07:00,1,1,1,0.00,
lib/utils/date.ts,lib/utils/date.ts,2026-03-06T08:29:55+07:00,2026-05-20T10:52:30+07:00,6,6,2,0.00,
lib/validations/AGENTS.md,lib/validations/AGENTS.md,2026-04-26T16:31:35+07:00,2026-04-26T16:31:35+07:00,1,1,1,0.00,
lib/validations/auth.ts,lib/validations/auth.ts,2026-03-04T14:45:55+07:00,2026-04-29T19:49:19+07:00,7,7,2,0.00,
lib/validations/content.ts,lib/validations/content.ts,2026-03-05T21:05:18+07:00,2026-04-12T20:06:35+07:00,7,7,2,0.00,
lib/validations/gacha.ts,lib/validations/gacha.ts,2026-03-04T14:45:55+07:00,2026-04-14T12:27:01+07:00,7,7,2,0.00,
lib/validations/index.ts,lib/validations/index.ts,2026-03-04T14:45:55+07:00,2026-04-20T16:39:41+07:00,3,3,2,0.00,
lib/validations/pin.ts,lib/validations/pin.ts,2026-04-20T16:39:41+07:00,2026-04-20T16:39:41+07:00,1,1,1,0.00,
lib/validations/product.ts,lib/validations/product.ts,2026-03-04T14:45:55+07:00,2026-03-13T07:16:25+07:00,2,2,2,0.00,
lib/validations/profile.ts,lib/validations/profile.ts,2026-02-01T18:25:00+07:00,2026-05-20T10:52:30+07:00,12,12,2,0.00,
lib/validations/promoCode.ts,lib/validations/promoCode.ts,2026-03-04T14:45:55+07:00,2026-04-09T01:28:19+07:00,4,4,2,0.00,
lib/validations/settings.ts,lib/validations/settings.ts,2026-03-04T14:45:55+07:00,2026-04-26T16:31:35+07:00,5,5,2,0.00,
lib/validations/topup.ts,lib/validations/topup.ts,2026-03-04T14:45:55+07:00,2026-03-13T07:16:25+07:00,2,2,2,0.00,
lib/validations/user.ts,lib/validations/user.ts,2026-03-04T14:45:55+07:00,2026-03-04T14:45:55+07:00,1,1,1,0.00,
lib/validations/validate.ts,lib/validations/validate.ts,2026-03-05T21:05:18+07:00,2026-05-20T10:52:30+07:00,4,4,2,0.00,
lib/wallet.ts,lib/wallet.ts,2026-04-06T23:35:28+07:00,2026-04-29T19:49:19+07:00,2,2,1,0.00,
lint-report.json,lint-report.json,2026-04-02T17:27:30+07:00,2026-04-02T18:06:05+07:00,2,2,1,0.00,
mcp_config.json,mcp_config.json,2026-04-11T21:42:54+07:00,2026-05-06T23:50:05+07:00,3,3,1,0.00,
middleware.ts,middleware.ts,2026-01-22T13:45:34+07:00,2026-05-21T12:46:21+07:00,5,5,2,1.00,auth
next-auth.d.ts,next-auth.d.ts,2026-04-09T14:14:50+07:00,2026-04-10T23:14:05+07:00,2,2,1,0.00,
next.config.ts,next.config.ts,2026-01-17T11:43:30+07:00,2026-05-21T12:46:21+07:00,15,15,2,0.00,
open-next.config.ts,open-next.config.ts,2026-05-06T23:50:05+07:00,2026-05-06T23:50:05+07:00,1,1,1,0.00,
package-lock.json,package-lock.json,2026-01-17T11:43:30+07:00,2026-05-06T23:50:05+07:00,24,24,2,0.00,
package.json,package.json,2026-01-17T11:43:30+07:00,2026-05-21T12:46:21+07:00,36,36,2,0.00,
playwright.config.ts,playwright.config.ts,2026-05-06T23:50:05+07:00,2026-05-21T12:46:21+07:00,2,2,1,0.00,
postcss.config.mjs,postcss.config.mjs,2026-01-17T11:43:30+07:00,2026-01-17T11:43:30+07:00,1,1,1,0.00,
prisma/migrate-gacha.ts,prisma/migrate-gacha.ts,2026-02-23T22:14:30+07:00,2026-03-04T14:15:16+07:00,4,4,1,0.00,
prisma/schema.prisma,prisma/schema.prisma,2026-01-22T13:45:34+07:00,2026-03-04T14:15:16+07:00,20,20,1,0.00,
prisma/seed-massive.ts,prisma/seed-massive.ts,2026-02-17T10:27:27+07:00,2026-03-04T14:15:16+07:00,6,6,1,0.00,
prisma/seed-test-data.ts,prisma/seed-test-data.ts,2026-02-17T10:27:27+07:00,2026-03-04T14:15:16+07:00,6,6,1,0.00,
prisma/seed-topups.ts,prisma/seed-topups.ts,2026-02-13T01:05:32+07:00,2026-03-04T14:15:16+07:00,4,4,1,0.00,
proxy.ts,proxy.ts,2026-02-01T18:25:00+07:00,2026-05-21T12:46:21+07:00,11,11,2,0.00,
public/AGENTS.md,public/AGENTS.md,2026-04-26T16:31:35+07:00,2026-04-26T16:31:35+07:00,1,1,1,0.00,
public/TU1.png,public/TU1.png,2026-04-09T01:28:19+07:00,2026-04-09T01:28:19+07:00,1,1,1,0.00,
public/chat-snail-icon.webp,public/chat-snail-icon.webp,2026-05-20T10:52:30+07:00,2026-05-20T10:52:30+07:00,1,1,1,0.00,
public/chat-snail.png,public/chat-snail.png,2026-04-03T18:54:16+07:00,2026-04-03T18:54:16+07:00,1,1,1,0.00,
public/file.svg,public/file.svg,2026-01-17T11:43:30+07:00,2026-01-17T11:43:30+07:00,1,1,1,0.00,
public/globe.svg,public/globe.svg,2026-01-17T11:43:30+07:00,2026-01-17T11:43:30+07:00,1,1,1,0.00,
public/next.svg,public/next.svg,2026-01-17T11:43:30+07:00,2026-01-17T11:43:30+07:00,1,1,1,0.00,
public/payment.png,public/payment.png,2026-04-09T01:28:19+07:00,2026-04-09T01:28:19+07:00,1,1,1,0.00,
public/placeholder.jpg,public/placeholder.jpg,2026-05-21T12:46:21+07:00,2026-05-21T12:46:21+07:00,1,1,1,0.00,
public/season-pass-credit-icon.webp,public/season-pass-credit-icon.webp,2026-05-20T10:52:30+07:00,2026-05-20T10:52:30+07:00,1,1,1,0.00,
public/season-pass-credit.png,public/season-pass-credit.png,2026-04-06T23:35:28+07:00,2026-04-06T23:35:28+07:00,1,1,1,0.00,
public/season-pass-points-icon.webp,public/season-pass-points-icon.webp,2026-05-20T10:52:30+07:00,2026-05-20T10:52:30+07:00,1,1,1,0.00,
public/season-pass-points.png,public/season-pass-points.png,2026-04-06T23:35:28+07:00,2026-04-06T23:35:28+07:00,1,1,1,0.00,
public/season-pass-ticket-card.webp,public/season-pass-ticket-card.webp,2026-05-20T10:52:30+07:00,2026-05-20T10:52:30+07:00,1,1,1,0.00,
public/season-pass-ticket.png,public/season-pass-ticket.png,2026-04-06T23:35:28+07:00,2026-04-06T23:35:28+07:00,1,1,1,0.00,
public/type-img-04.png,public/type-img-04.png,2026-04-09T01:28:19+07:00,2026-04-09T01:28:19+07:00,1,1,1,0.00,
public/uploads/AGENTS.md,public/uploads/AGENTS.md,2026-04-26T16:31:35+07:00,2026-04-26T16:31:35+07:00,1,1,1,0.00,
public/uploads/gacha-machines/1772210832120-j0pmaj.png,public/uploads/gacha-machines/1772210832120-j0pmaj.png,2026-02-28T13:18:58+07:00,2026-04-03T18:54:16+07:00,3,3,2,0.00,
public/uploads/gacha-machines/1772247245322-smm7g6.png,public/uploads/gacha-machines/1772247245322-smm7g6.png,2026-02-28T13:18:58+07:00,2026-04-03T18:54:16+07:00,3,3,2,0.00,
public/uploads/gacha-machines/1772248129919-jbygu0.png,public/uploads/gacha-machines/1772248129919-jbygu0.png,2026-02-28T13:18:58+07:00,2026-04-03T18:54:16+07:00,3,3,2,0.00,
public/uploads/gacha-machines/1772248733290-qbue3u.png,public/uploads/gacha-machines/1772248733290-qbue3u.png,2026-02-28T13:18:58+07:00,2026-04-03T18:54:16+07:00,3,3,2,0.00,
public/uploads/gacha-machines/1772252377217-00mkei.png,public/uploads/gacha-machines/1772252377217-00mkei.png,2026-02-28T13:18:58+07:00,2026-04-03T18:54:16+07:00,3,3,2,0.00,
public/uploads/gacha-machines/1772256381232-9yamp3.png,public/uploads/gacha-machines/1772256381232-9yamp3.png,2026-02-28T13:18:58+07:00,2026-04-03T18:54:16+07:00,3,3,2,0.00,
public/uploads/gacha-machines/1772272723079-4hrk8m.png,public/uploads/gacha-machines/1772272723079-4hrk8m.png,2026-03-04T09:08:36+07:00,2026-04-03T18:54:16+07:00,3,3,2,0.00,
public/uploads/gacha-machines/1772276727338-km9ufu.jpg,public/uploads/gacha-machines/1772276727338-km9ufu.jpg,2026-03-04T09:08:36+07:00,2026-04-03T18:54:16+07:00,3,3,2,0.00,
public/uploads/gacha-machines/1772276773911-61oawe.jpg,public/uploads/gacha-machines/1772276773911-61oawe.jpg,2026-03-04T09:08:36+07:00,2026-04-03T18:54:16+07:00,3,3,2,0.00,
public/uploads/gacha-machines/1772276828555-8ak2c6.png,public/uploads/gacha-machines/1772276828555-8ak2c6.png,2026-03-04T09:08:36+07:00,2026-04-03T18:54:16+07:00,3,3,2,0.00,
public/uploads/gacha-machines/1772277219523-2os3o3.png,public/uploads/gacha-machines/1772277219523-2os3o3.png,2026-03-04T09:08:36+07:00,2026-04-03T18:54:16+07:00,3,3,2,0.00,
public/uploads/gacha-machines/1772277897530-2ky1yr.png,public/uploads/gacha-machines/1772277897530-2ky1yr.png,2026-03-04T09:08:36+07:00,2026-04-03T18:54:16+07:00,3,3,2,0.00,
public/uploads/gacha-machines/1772278060297-x9fdbc.png,public/uploads/gacha-machines/1772278060297-x9fdbc.png,2026-03-04T09:08:36+07:00,2026-04-03T18:54:16+07:00,3,3,2,0.00,
public/uploads/gacha-machines/1772280277980-omt12b.png,public/uploads/gacha-machines/1772280277980-omt12b.png,2026-03-04T09:08:36+07:00,2026-04-03T18:54:16+07:00,3,3,2,0.00,
public/uploads/gacha-machines/1772284324647-a545na.png,public/uploads/gacha-machines/1772284324647-a545na.png,2026-03-04T09:08:36+07:00,2026-04-03T18:54:16+07:00,3,3,2,0.00,
public/uploads/gacha-machines/1772418660505-ggd4x4.png,public/uploads/gacha-machines/1772418660505-ggd4x4.png,2026-03-04T09:08:36+07:00,2026-04-03T18:54:16+07:00,3,3,2,0.00,
public/uploads/gacha-machines/1772443446223-tqjk19.png,public/uploads/gacha-machines/1772443446223-tqjk19.png,2026-03-04T09:08:36+07:00,2026-04-03T18:54:16+07:00,3,3,2,0.00,
public/uploads/gacha-machines/1772443513169-pspqxm.png,public/uploads/gacha-machines/1772443513169-pspqxm.png,2026-03-04T09:08:36+07:00,2026-04-03T18:54:16+07:00,3,3,2,0.00,
public/uploads/gacha-machines/1772444400423-qylz55.png,public/uploads/gacha-machines/1772444400423-qylz55.png,2026-03-04T09:08:36+07:00,2026-04-03T18:54:16+07:00,3,3,2,0.00,
public/uploads/gacha-machines/1772862126501-ip08x4.png,public/uploads/gacha-machines/1772862126501-ip08x4.png,2026-03-10T00:02:29+07:00,2026-04-03T18:54:16+07:00,2,2,1,0.00,
public/uploads/gacha-machines/1773832753325-e8aa8c9c.jpg,public/uploads/gacha-machines/1773832753325-e8aa8c9c.jpg,2026-03-19T21:24:04+07:00,2026-04-03T18:54:16+07:00,2,2,1,0.00,
public/uploads/gacha-machines/1773850858878-26e42109.jpg,public/uploads/gacha-machines/1773850858878-26e42109.jpg,2026-03-19T21:24:04+07:00,2026-04-03T18:54:16+07:00,2,2,1,0.00,
public/uploads/gacha-machines/1773853897227-9587744a.jpg,public/uploads/gacha-machines/1773853897227-9587744a.jpg,2026-03-19T21:24:04+07:00,2026-04-03T18:54:16+07:00,2,2,1,0.00,
public/uploads/gacha-machines/1773854994575-fce86c81.jpg,public/uploads/gacha-machines/1773854994575-fce86c81.jpg,2026-03-19T21:24:04+07:00,2026-04-03T18:54:16+07:00,2,2,1,0.00,
public/uploads/gacha-machines/1773855463108-73928d92.jpg,public/uploads/gacha-machines/1773855463108-73928d92.jpg,2026-03-19T21:24:04+07:00,2026-04-03T18:54:16+07:00,2,2,1,0.00,
public/uploads/gacha-machines/1773855785518-26aa2842.jpg,public/uploads/gacha-machines/1773855785518-26aa2842.jpg,2026-03-19T21:24:04+07:00,2026-04-03T18:54:16+07:00,2,2,1,0.00,
public/uploads/gacha-machines/1773938721321-e3a1ebbe.png,public/uploads/gacha-machines/1773938721321-e3a1ebbe.png,2026-03-21T12:09:18+07:00,2026-04-03T18:54:16+07:00,2,2,1,0.00,
public/uploads/gacha-machines/1775393766218-59f79791.webp,public/uploads/gacha-machines/1775393766218-59f79791.webp,2026-04-06T23:35:28+07:00,2026-04-06T23:35:28+07:00,1,1,1,0.00,
public/uploads/gacha-machines/1775540607456-b6b68714.webp,public/uploads/gacha-machines/1775540607456-b6b68714.webp,2026-04-07T15:57:08+07:00,2026-04-07T15:57:08+07:00,1,1,1,0.00,
public/uploads/gacha-machines/AGENTS.md,public/uploads/gacha-machines/AGENTS.md,2026-04-26T16:31:35+07:00,2026-04-26T16:31:35+07:00,1,1,1,0.00,
public/uploads/gacha/1771495913873-zms5ln.webp,public/uploads/gacha/1771495913873-zms5ln.webp,2026-02-23T22:14:30+07:00,2026-04-03T18:54:16+07:00,3,3,2,0.00,
public/uploads/gacha/1771495917327-v6pwny.png,public/uploads/gacha/1771495917327-v6pwny.png,2026-02-23T22:14:30+07:00,2026-04-03T18:54:16+07:00,3,3,2,0.00,
public/uploads/gacha/1771495967343-43st3b.webp,public/uploads/gacha/1771495967343-43st3b.webp,2026-02-23T22:14:30+07:00,2026-04-03T18:54:16+07:00,3,3,2,0.00,
public/uploads/gacha/1771495970853-by3o7h.png,public/uploads/gacha/1771495970853-by3o7h.png,2026-02-23T22:14:30+07:00,2026-04-03T18:54:16+07:00,3,3,2,0.00,
public/uploads/gacha/1771497460043-ortaig.webp,public/uploads/gacha/1771497460043-ortaig.webp,2026-02-23T22:14:30+07:00,2026-02-23T22:14:30+07:00,2,2,1,0.00,
public/uploads/gacha/1771497466092-2d0m0a.webp,public/uploads/gacha/1771497466092-2d0m0a.webp,2026-02-23T22:14:30+07:00,2026-02-23T22:14:30+07:00,2,2,1,0.00,
public/uploads/gacha/1771500151490-rum7av.webp,public/uploads/gacha/1771500151490-rum7av.webp,2026-02-23T22:14:30+07:00,2026-04-03T18:54:16+07:00,3,3,2,0.00,
public/uploads/gacha/1771500158423-ippwqj.webp,public/uploads/gacha/1771500158423-ippwqj.webp,2026-02-23T22:14:30+07:00,2026-04-03T18:54:16+07:00,3,3,2,0.00,
public/uploads/gacha/1771500161315-4b1sba.webp,public/uploads/gacha/1771500161315-4b1sba.webp,2026-02-23T22:14:30+07:00,2026-04-03T18:54:16+07:00,3,3,2,0.00,
public/uploads/gacha/1771500214949-xo9ti6.webp,public/uploads/gacha/1771500214949-xo9ti6.webp,2026-02-23T22:14:30+07:00,2026-04-03T18:54:16+07:00,3,3,2,0.00,
public/uploads/gacha/1771500219384-elxdh9.webp,public/uploads/gacha/1771500219384-elxdh9.webp,2026-02-23T22:14:30+07:00,2026-04-03T18:54:16+07:00,3,3,2,0.00,
public/uploads/gacha/1771500228311-9jnshx.webp,public/uploads/gacha/1771500228311-9jnshx.webp,2026-02-23T22:14:30+07:00,2026-02-23T22:14:30+07:00,2,2,1,0.00,
public/uploads/gacha/1771500231586-mv1d5v.webp,public/uploads/gacha/1771500231586-mv1d5v.webp,2026-02-23T22:14:30+07:00,2026-04-03T18:54:16+07:00,3,3,2,0.00,
public/uploads/gacha/1771500955955-8d8kd3.webp,public/uploads/gacha/1771500955955-8d8kd3.webp,2026-02-23T22:14:30+07:00,2026-02-23T22:14:30+07:00,2,2,1,0.00,
public/uploads/gacha/1771500963568-1xjyu3.webp,public/uploads/gacha/1771500963568-1xjyu3.webp,2026-02-23T22:14:30+07:00,2026-02-23T22:14:30+07:00,2,2,1,0.00,
public/uploads/gacha/1771500966845-f7mtle.webp,public/uploads/gacha/1771500966845-f7mtle.webp,2026-02-23T22:14:30+07:00,2026-02-23T22:14:30+07:00,2,2,1,0.00,
public/uploads/gacha/1771500970231-rd4sxa.webp,public/uploads/gacha/1771500970231-rd4sxa.webp,2026-02-23T22:14:30+07:00,2026-02-23T22:14:30+07:00,2,2,1,0.00,
public/uploads/gacha/1771500973551-mcfght.webp,public/uploads/gacha/1771500973551-mcfght.webp,2026-02-23T22:14:30+07:00,2026-02-23T22:14:30+07:00,2,2,1,0.00,
public/uploads/gacha/1771500976872-uhkj94.webp,public/uploads/gacha/1771500976872-uhkj94.webp,2026-02-23T22:14:30+07:00,2026-02-23T22:14:30+07:00,2,2,1,0.00,
public/uploads/gacha/1771501104335-s7tacr.webp,public/uploads/gacha/1771501104335-s7tacr.webp,2026-02-23T22:14:30+07:00,2026-02-23T22:14:30+07:00,2,2,1,0.00,
public/uploads/gacha/1771501107371-7uj4m5.webp,public/uploads/gacha/1771501107371-7uj4m5.webp,2026-02-23T22:14:30+07:00,2026-02-23T22:14:30+07:00,2,2,1,0.00,
public/uploads/gacha/1771501111398-6u58k6.webp,public/uploads/gacha/1771501111398-6u58k6.webp,2026-02-23T22:14:30+07:00,2026-02-23T22:14:30+07:00,2,2,1,0.00,
public/uploads/gacha/1771501114595-r14nem.webp,public/uploads/gacha/1771501114595-r14nem.webp,2026-02-23T22:14:30+07:00,2026-02-23T22:14:30+07:00,2,2,1,0.00,
public/uploads/gacha/1771501117849-c81urk.webp,public/uploads/gacha/1771501117849-c81urk.webp,2026-02-23T22:14:30+07:00,2026-02-23T22:14:30+07:00,2,2,1,0.00,
public/uploads/gacha/1771501155994-7b04yw.webp,public/uploads/gacha/1771501155994-7b04yw.webp,2026-02-23T22:14:30+07:00,2026-04-03T18:54:16+07:00,3,3,2,0.00,
public/uploads/gacha/1771501159102-ood2ax.webp,public/uploads/gacha/1771501159102-ood2ax.webp,2026-02-23T22:14:30+07:00,2026-04-03T18:54:16+07:00,3,3,2,0.00,
public/uploads/gacha/1771501162111-bqb6gr.webp,public/uploads/gacha/1771501162111-bqb6gr.webp,2026-02-23T22:14:30+07:00,2026-02-23T22:14:30+07:00,2,2,1,0.00,
public/uploads/gacha/1771501165321-p8ma0k.webp,public/uploads/gacha/1771501165321-p8ma0k.webp,2026-02-23T22:14:30+07:00,2026-02-23T22:14:30+07:00,2,2,1,0.00,
public/uploads/gacha/1771501168468-69j10r.webp,public/uploads/gacha/1771501168468-69j10r.webp,2026-02-23T22:14:30+07:00,2026-02-23T22:14:30+07:00,2,2,1,0.00,
public/uploads/gacha/1771501178551-443bz1.webp,public/uploads/gacha/1771501178551-443bz1.webp,2026-02-23T22:14:30+07:00,2026-02-23T22:14:30+07:00,2,2,1,0.00,
public/uploads/gacha/1771864103337-73jlxh.webp,public/uploads/gacha/1771864103337-73jlxh.webp,2026-02-28T13:18:58+07:00,2026-04-03T18:54:16+07:00,3,3,2,0.00,
public/uploads/gacha/1771864109562-k3i79p.webp,public/uploads/gacha/1771864109562-k3i79p.webp,2026-02-28T13:18:58+07:00,2026-04-03T18:54:16+07:00,3,3,2,0.00,
public/uploads/gacha/1771864112911-mor7wh.webp,public/uploads/gacha/1771864112911-mor7wh.webp,2026-02-28T13:18:58+07:00,2026-04-03T18:54:16+07:00,3,3,2,0.00,
public/uploads/gacha/1771864121898-23lb3c.webp,public/uploads/gacha/1771864121898-23lb3c.webp,2026-02-28T13:18:58+07:00,2026-02-28T13:18:58+07:00,2,2,1,0.00,
public/uploads/gacha/1771864127383-03lqrq.webp,public/uploads/gacha/1771864127383-03lqrq.webp,2026-02-28T13:18:58+07:00,2026-02-28T13:18:58+07:00,2,2,1,0.00,
public/uploads/gacha/1771864130623-3s9lpb.webp,public/uploads/gacha/1771864130623-3s9lpb.webp,2026-02-28T13:18:58+07:00,2026-02-28T13:18:58+07:00,2,2,1,0.00,
public/uploads/gacha/1771864134085-z6ocb8.webp,public/uploads/gacha/1771864134085-z6ocb8.webp,2026-02-28T13:18:58+07:00,2026-02-28T13:18:58+07:00,2,2,1,0.00,
public/uploads/gacha/1771864137211-3pnird.webp,public/uploads/gacha/1771864137211-3pnird.webp,2026-02-28T13:18:58+07:00,2026-02-28T13:18:58+07:00,2,2,1,0.00,
public/uploads/gacha/1771864140137-fek14d.webp,public/uploads/gacha/1771864140137-fek14d.webp,2026-02-28T13:18:58+07:00,2026-02-28T13:18:58+07:00,2,2,1,0.00,
public/uploads/gacha/1771864143637-oxc0ta.webp,public/uploads/gacha/1771864143637-oxc0ta.webp,2026-02-28T13:18:58+07:00,2026-02-28T13:18:58+07:00,2,2,1,0.00,
public/uploads/gacha/1771864146512-7h8ciy.webp,public/uploads/gacha/1771864146512-7h8ciy.webp,2026-02-28T13:18:58+07:00,2026-02-28T13:18:58+07:00,2,2,1,0.00,
public/uploads/gacha/1771864149448-7n8hux.webp,public/uploads/gacha/1771864149448-7n8hux.webp,2026-02-28T13:18:58+07:00,2026-02-28T13:18:58+07:00,2,2,1,0.00,
public/uploads/gacha/1772249844455-ami4it.png,public/uploads/gacha/1772249844455-ami4it.png,2026-02-28T13:18:58+07:00,2026-04-03T18:54:16+07:00,3,3,2,0.00,
public/uploads/gacha/1772252391887-asunrs.png,public/uploads/gacha/1772252391887-asunrs.png,2026-02-28T13:18:58+07:00,2026-02-28T13:18:58+07:00,2,2,1,0.00,
public/uploads/gacha/1772252567028-blsvyv.png,public/uploads/gacha/1772252567028-blsvyv.png,2026-02-28T13:18:58+07:00,2026-02-28T13:18:58+07:00,2,2,1,0.00,
public/uploads/gacha/1772254961398-hdqqwi.png,public/uploads/gacha/1772254961398-hdqqwi.png,2026-02-28T13:18:58+07:00,2026-04-03T18:54:16+07:00,3,3,2,0.00,
public/uploads/gacha/1772254970414-opye28.png,public/uploads/gacha/1772254970414-opye28.png,2026-02-28T13:18:58+07:00,2026-04-03T18:54:16+07:00,3,3,2,0.00,
public/uploads/gacha/1772256561249-ep4y0u.png,public/uploads/gacha/1772256561249-ep4y0u.png,2026-02-28T13:18:58+07:00,2026-04-03T18:54:16+07:00,3,3,2,0.00,
public/uploads/gacha/1772279851352-j2yazo.jpg,public/uploads/gacha/1772279851352-j2yazo.jpg,2026-03-04T09:08:36+07:00,2026-04-03T18:54:16+07:00,3,3,2,0.00,
public/uploads/gacha/1772279875388-r8cec6.png,public/uploads/gacha/1772279875388-r8cec6.png,2026-03-04T09:08:36+07:00,2026-04-03T18:54:16+07:00,3,3,2,0.00,
public/uploads/gacha/1772280540129-6ycbc6.png,public/uploads/gacha/1772280540129-6ycbc6.png,2026-03-04T09:08:36+07:00,2026-03-04T09:08:36+07:00,2,2,1,0.00,
public/uploads/gacha/1772290366554-2plddz.png,public/uploads/gacha/1772290366554-2plddz.png,2026-03-04T09:08:36+07:00,2026-03-04T09:08:36+07:00,2,2,1,0.00,
public/uploads/gacha/1772290606227-heksem.png,public/uploads/gacha/1772290606227-heksem.png,2026-03-04T09:08:36+07:00,2026-03-04T09:08:36+07:00,2,2,1,0.00,
public/uploads/gacha/1772290626565-uixfo9.png,public/uploads/gacha/1772290626565-uixfo9.png,2026-03-04T09:08:36+07:00,2026-04-03T18:54:16+07:00,3,3,2,0.00,
public/uploads/gacha/1775395322030-1f613530.webp,public/uploads/gacha/1775395322030-1f613530.webp,2026-04-06T23:35:28+07:00,2026-04-06T23:35:28+07:00,1,1,1,0.00,
public/uploads/gacha/1775396298358-7f454b68.webp,public/uploads/gacha/1775396298358-7f454b68.webp,2026-04-06T23:35:28+07:00,2026-04-06T23:35:28+07:00,1,1,1,0.00,
public/uploads/gacha/1775396388008-0720d182.webp,public/uploads/gacha/1775396388008-0720d182.webp,2026-04-06T23:35:28+07:00,2026-04-06T23:35:28+07:00,1,1,1,0.00,
public/uploads/gacha/1775396498327-af78678b.webp,public/uploads/gacha/1775396498327-af78678b.webp,2026-04-06T23:35:28+07:00,2026-04-06T23:35:28+07:00,1,1,1,0.00,
public/uploads/gacha/1775397120167-f6b3e089.webp,public/uploads/gacha/1775397120167-f6b3e089.webp,2026-04-06T23:35:28+07:00,2026-04-06T23:35:28+07:00,1,1,1,0.00,
public/uploads/gacha/1775397128022-9dce8ca0.webp,public/uploads/gacha/1775397128022-9dce8ca0.webp,2026-04-06T23:35:28+07:00,2026-04-06T23:35:28+07:00,1,1,1,0.00,
public/uploads/gacha/1775397158154-7283dfd2.webp,public/uploads/gacha/1775397158154-7283dfd2.webp,2026-04-06T23:35:28+07:00,2026-04-06T23:35:28+07:00,1,1,1,0.00,
public/uploads/gacha/1775397516924-c9eb2330.webp,public/uploads/gacha/1775397516924-c9eb2330.webp,2026-04-06T23:35:28+07:00,2026-04-06T23:35:28+07:00,1,1,1,0.00,
public/uploads/gacha/1775397524439-21abb4aa.webp,public/uploads/gacha/1775397524439-21abb4aa.webp,2026-04-06T23:35:28+07:00,2026-04-06T23:35:28+07:00,1,1,1,0.00,
public/uploads/gacha/1775397939849-868d97e4.webp,public/uploads/gacha/1775397939849-868d97e4.webp,2026-04-06T23:35:28+07:00,2026-04-06T23:35:28+07:00,1,1,1,0.00,
public/uploads/gacha/1775398170432-16679cb3.webp,public/uploads/gacha/1775398170432-16679cb3.webp,2026-04-06T23:35:28+07:00,2026-04-06T23:35:28+07:00,1,1,1,0.00,
public/uploads/gacha/1775398184727-d7a54c87.webp,public/uploads/gacha/1775398184727-d7a54c87.webp,2026-04-06T23:35:28+07:00,2026-04-06T23:35:28+07:00,1,1,1,0.00,
public/uploads/gacha/1775398195618-e04bdb74.webp,public/uploads/gacha/1775398195618-e04bdb74.webp,2026-04-06T23:35:28+07:00,2026-04-06T23:35:28+07:00,1,1,1,0.00,
public/uploads/gacha/1775398234686-8791b7f8.webp,public/uploads/gacha/1775398234686-8791b7f8.webp,2026-04-06T23:35:28+07:00,2026-04-06T23:35:28+07:00,1,1,1,0.00,
public/uploads/gacha/1775398338345-22be4e17.webp,public/uploads/gacha/1775398338345-22be4e17.webp,2026-04-06T23:35:28+07:00,2026-04-06T23:35:28+07:00,1,1,1,0.00,
public/uploads/gacha/1775398382809-cbb3056c.webp,public/uploads/gacha/1775398382809-cbb3056c.webp,2026-04-06T23:35:28+07:00,2026-04-06T23:35:28+07:00,1,1,1,0.00,
public/uploads/gacha/1775398396779-27d93616.webp,public/uploads/gacha/1775398396779-27d93616.webp,2026-04-06T23:35:28+07:00,2026-04-06T23:35:28+07:00,1,1,1,0.00,
public/uploads/gacha/1775398472797-78c38df8.webp,public/uploads/gacha/1775398472797-78c38df8.webp,2026-04-06T23:35:28+07:00,2026-04-06T23:35:28+07:00,1,1,1,0.00,
public/uploads/gacha/1775398625600-acb3d097.webp,public/uploads/gacha/1775398625600-acb3d097.webp,2026-04-06T23:35:28+07:00,2026-04-06T23:35:28+07:00,1,1,1,0.00,
public/uploads/gacha/1775398749624-34edd402.webp,public/uploads/gacha/1775398749624-34edd402.webp,2026-04-06T23:35:28+07:00,2026-04-06T23:35:28+07:00,1,1,1,0.00,
public/uploads/gacha/1775398854176-c36776b6.webp,public/uploads/gacha/1775398854176-c36776b6.webp,2026-04-06T23:35:28+07:00,2026-04-06T23:35:28+07:00,1,1,1,0.00,
public/uploads/gacha/1775398942913-b5fd4c94.webp,public/uploads/gacha/1775398942913-b5fd4c94.webp,2026-04-06T23:35:28+07:00,2026-04-06T23:35:28+07:00,1,1,1,0.00,
public/uploads/gacha/1775398959188-b9ad0e10.webp,public/uploads/gacha/1775398959188-b9ad0e10.webp,2026-04-06T23:35:28+07:00,2026-04-06T23:35:28+07:00,1,1,1,0.00,
public/uploads/gacha/1775398979361-23994911.webp,public/uploads/gacha/1775398979361-23994911.webp,2026-04-06T23:35:28+07:00,2026-04-06T23:35:28+07:00,1,1,1,0.00,
public/uploads/gacha/1775540888771-69d75f84.webp,public/uploads/gacha/1775540888771-69d75f84.webp,2026-04-07T15:57:08+07:00,2026-04-07T15:57:08+07:00,1,1,1,0.00,
public/uploads/gacha/1775540919230-a66a8a52.webp,public/uploads/gacha/1775540919230-a66a8a52.webp,2026-04-07T15:57:08+07:00,2026-04-07T15:57:08+07:00,1,1,1,0.00,
public/uploads/gacha/1775540957901-f716e524.webp,public/uploads/gacha/1775540957901-f716e524.webp,2026-04-07T15:57:08+07:00,2026-04-07T15:57:08+07:00,1,1,1,0.00,
public/uploads/gacha/1775541006065-de88e799.webp,public/uploads/gacha/1775541006065-de88e799.webp,2026-04-07T15:57:08+07:00,2026-04-07T15:57:08+07:00,1,1,1,0.00,
public/uploads/gacha/1775839467209-f6c2ae30.webp,public/uploads/gacha/1775839467209-f6c2ae30.webp,2026-04-11T21:42:54+07:00,2026-04-11T21:42:54+07:00,1,1,1,0.00,
public/uploads/gacha/AGENTS.md,public/uploads/gacha/AGENTS.md,2026-04-26T16:31:35+07:00,2026-04-26T16:31:35+07:00,1,1,1,0.00,
public/uploads/products/1770568049552-iaxo6p.png,public/uploads/products/1770568049552-iaxo6p.png,2026-02-09T00:10:56+07:00,2026-04-03T18:54:16+07:00,3,3,2,0.00,
public/uploads/products/1770568136999-6e6oex.png,public/uploads/products/1770568136999-6e6oex.png,2026-02-09T00:10:56+07:00,2026-04-03T18:54:16+07:00,3,3,2,0.00,
public/uploads/products/1770569587171-irbt9f.png,public/uploads/products/1770569587171-irbt9f.png,2026-02-09T00:10:56+07:00,2026-04-03T18:54:16+07:00,3,3,2,0.00,
public/uploads/products/1770569599752-tgua06.png,public/uploads/products/1770569599752-tgua06.png,2026-02-09T00:10:56+07:00,2026-02-09T00:10:56+07:00,2,2,1,0.00,
public/uploads/products/1770651840661-depv8j.png,public/uploads/products/1770651840661-depv8j.png,2026-02-13T01:05:32+07:00,2026-02-13T01:05:32+07:00,2,2,1,0.00,
public/uploads/products/1770737202714-qscgc9.webp,public/uploads/products/1770737202714-qscgc9.webp,2026-02-13T01:05:32+07:00,2026-04-03T18:54:16+07:00,3,3,2,0.00,
public/uploads/products/1771301373135-3lm5ke.webp,public/uploads/products/1771301373135-3lm5ke.webp,2026-02-19T17:09:35+07:00,2026-04-03T18:54:16+07:00,3,3,2,0.00,
public/uploads/products/1771301434858-evz2v6.webp,public/uploads/products/1771301434858-evz2v6.webp,2026-02-19T17:09:35+07:00,2026-04-03T18:54:16+07:00,3,3,2,0.00,
public/uploads/products/1771752981537-xgw04l.png,public/uploads/products/1771752981537-xgw04l.png,2026-02-23T22:14:30+07:00,2026-04-03T18:54:16+07:00,3,3,2,0.00,
public/uploads/products/1772448379634-bq59d2.webp,public/uploads/products/1772448379634-bq59d2.webp,2026-03-04T09:08:36+07:00,2026-03-04T09:08:36+07:00,2,2,1,0.00,
public/uploads/products/1772448699282-szmzmq.webp,public/uploads/products/1772448699282-szmzmq.webp,2026-03-04T09:08:36+07:00,2026-04-03T18:54:16+07:00,3,3,2,0.00,
public/uploads/products/1772985918184-vdt2bb.webp,public/uploads/products/1772985918184-vdt2bb.webp,2026-03-10T00:02:29+07:00,2026-04-03T18:54:16+07:00,2,2,1,0.00,
public/uploads/products/1772986235821-6y7g49.webp,public/uploads/products/1772986235821-6y7g49.webp,2026-03-10T00:02:29+07:00,2026-04-03T18:54:16+07:00,2,2,1,0.00,
public/uploads/products/1772986679761-iup0za.jpeg,public/uploads/products/1772986679761-iup0za.jpeg,2026-03-10T00:02:29+07:00,2026-04-03T18:54:16+07:00,2,2,1,0.00,
public/uploads/products/1772987888942-v91tc6.webp,public/uploads/products/1772987888942-v91tc6.webp,2026-03-10T00:02:29+07:00,2026-04-03T18:54:16+07:00,2,2,1,0.00,
public/uploads/products/1772988381372-rodsyq.webp,public/uploads/products/1772988381372-rodsyq.webp,2026-03-10T00:02:29+07:00,2026-04-03T18:54:16+07:00,2,2,1,0.00,
public/uploads/products/1772993588697-55bwtv.webp,public/uploads/products/1772993588697-55bwtv.webp,2026-03-10T00:02:29+07:00,2026-04-03T18:54:16+07:00,2,2,1,0.00,
public/uploads/products/1772995366239-zrun4v.webp,public/uploads/products/1772995366239-zrun4v.webp,2026-03-10T00:02:29+07:00,2026-03-10T00:02:29+07:00,1,1,1,0.00,
public/uploads/products/1772995548656-eqk54k.webp,public/uploads/products/1772995548656-eqk54k.webp,2026-03-10T00:02:29+07:00,2026-04-03T18:54:16+07:00,2,2,1,0.00,
public/uploads/products/1772995602171-vlzvbi.webp,public/uploads/products/1772995602171-vlzvbi.webp,2026-03-10T00:02:29+07:00,2026-04-03T18:54:16+07:00,2,2,1,0.00,
public/uploads/products/1772995680687-48db1g.jpg,public/uploads/products/1772995680687-48db1g.jpg,2026-03-10T00:02:29+07:00,2026-04-03T18:54:16+07:00,2,2,1,0.00,
public/uploads/products/1772995721080-d1ddtj.jpg,public/uploads/products/1772995721080-d1ddtj.jpg,2026-03-10T00:02:29+07:00,2026-04-03T18:54:16+07:00,2,2,1,0.00,
public/uploads/products/1772995812017-eha0e8.jpg,public/uploads/products/1772995812017-eha0e8.jpg,2026-03-10T00:02:29+07:00,2026-04-03T18:54:16+07:00,2,2,1,0.00,
public/uploads/products/1772996831843-r2lg6u.webp,public/uploads/products/1772996831843-r2lg6u.webp,2026-03-10T00:02:29+07:00,2026-04-03T18:54:16+07:00,2,2,1,0.00,
public/uploads/products/1773046245863-9z1t3j.jpg,public/uploads/products/1773046245863-9z1t3j.jpg,2026-03-10T00:02:29+07:00,2026-04-03T18:54:16+07:00,2,2,1,0.00,
public/uploads/products/1773589631055-cf80b1cc.jpg,public/uploads/products/1773589631055-cf80b1cc.jpg,2026-03-18T12:01:52+07:00,2026-04-03T18:54:16+07:00,2,2,1,0.00,
public/uploads/products/1773590561386-d7efc779.jpg,public/uploads/products/1773590561386-d7efc779.jpg,2026-03-18T12:01:52+07:00,2026-04-03T18:54:16+07:00,2,2,1,0.00,
public/uploads/products/1773590563263-077e59e9.jpg,public/uploads/products/1773590563263-077e59e9.jpg,2026-03-18T12:01:52+07:00,2026-04-03T18:54:16+07:00,2,2,1,0.00,
public/uploads/products/1773834318732-52e8cd1c.webp,public/uploads/products/1773834318732-52e8cd1c.webp,2026-03-19T21:24:04+07:00,2026-04-03T18:54:16+07:00,2,2,1,0.00,
public/uploads/products/1773834551898-6d79a8e4.webp,public/uploads/products/1773834551898-6d79a8e4.webp,2026-03-19T21:24:04+07:00,2026-03-19T21:24:04+07:00,1,1,1,0.00,
public/uploads/products/1773835207821-75e9484f.webp,public/uploads/products/1773835207821-75e9484f.webp,2026-03-19T21:24:04+07:00,2026-03-19T21:24:04+07:00,1,1,1,0.00,
public/uploads/products/1773835544666-c7e1e9e3.webp,public/uploads/products/1773835544666-c7e1e9e3.webp,2026-03-19T21:24:04+07:00,2026-03-19T21:24:04+07:00,1,1,1,0.00,
public/uploads/products/1773837556877-a33dc6d8.webp,public/uploads/products/1773837556877-a33dc6d8.webp,2026-03-19T21:24:04+07:00,2026-03-19T21:24:04+07:00,1,1,1,0.00,
public/uploads/products/1773839403374-d3f447b4.webp,public/uploads/products/1773839403374-d3f447b4.webp,2026-03-19T21:24:04+07:00,2026-03-19T21:24:04+07:00,1,1,1,0.00,
public/uploads/products/1773841541247-77996d25.webp,public/uploads/products/1773841541247-77996d25.webp,2026-03-19T21:24:04+07:00,2026-03-19T21:24:04+07:00,1,1,1,0.00,
public/uploads/products/1773841845307-4468f845.webp,public/uploads/products/1773841845307-4468f845.webp,2026-03-19T21:24:04+07:00,2026-04-03T18:54:16+07:00,2,2,1,0.00,
public/uploads/products/1773841973971-024f791d.webp,public/uploads/products/1773841973971-024f791d.webp,2026-03-19T21:24:04+07:00,2026-03-19T21:24:04+07:00,1,1,1,0.00,
public/uploads/products/1773842213044-d69082f5.webp,public/uploads/products/1773842213044-d69082f5.webp,2026-03-19T21:24:04+07:00,2026-03-19T21:24:04+07:00,1,1,1,0.00,
public/uploads/products/1773846831247-b1dc3071.webp,public/uploads/products/1773846831247-b1dc3071.webp,2026-03-19T21:24:04+07:00,2026-03-19T21:24:04+07:00,1,1,1,0.00,
public/uploads/products/1773847243943-590552ff.webp,public/uploads/products/1773847243943-590552ff.webp,2026-03-19T21:24:04+07:00,2026-03-19T21:24:04+07:00,1,1,1,0.00,
public/uploads/products/1773847586849-ea0a371b.webp,public/uploads/products/1773847586849-ea0a371b.webp,2026-03-19T21:24:04+07:00,2026-04-03T18:54:16+07:00,2,2,1,0.00,
public/uploads/products/1773847636665-eb94b24b.webp,public/uploads/products/1773847636665-eb94b24b.webp,2026-03-19T21:24:04+07:00,2026-03-19T21:24:04+07:00,1,1,1,0.00,
public/uploads/products/1773848151137-d355e8cc.webp,public/uploads/products/1773848151137-d355e8cc.webp,2026-03-19T21:24:04+07:00,2026-03-19T21:24:04+07:00,1,1,1,0.00,
public/uploads/products/1773848235967-2455bfdd.webp,public/uploads/products/1773848235967-2455bfdd.webp,2026-03-19T21:24:04+07:00,2026-03-19T21:24:04+07:00,1,1,1,0.00,
public/uploads/products/1774032802534-4a261e5d.webp,public/uploads/products/1774032802534-4a261e5d.webp,2026-03-21T12:09:18+07:00,2026-03-21T12:09:18+07:00,1,1,1,0.00,
public/uploads/products/1774035009849-d0d37524.webp,public/uploads/products/1774035009849-d0d37524.webp,2026-03-21T12:09:18+07:00,2026-03-21T12:09:18+07:00,1,1,1,0.00,
public/uploads/products/1774035441442-fbed8172.webp,public/uploads/products/1774035441442-fbed8172.webp,2026-03-21T12:09:18+07:00,2026-03-21T12:09:18+07:00,1,1,1,0.00,
public/uploads/products/1774035593735-d7a13f04.jpg,public/uploads/products/1774035593735-d7a13f04.jpg,2026-03-21T12:09:18+07:00,2026-03-21T12:09:18+07:00,1,1,1,0.00,
public/uploads/products/1774035790250-16a1c1ba.webp,public/uploads/products/1774035790250-16a1c1ba.webp,2026-03-21T12:09:18+07:00,2026-03-21T12:09:18+07:00,1,1,1,0.00,
public/uploads/products/1774037568681-fb9f80d9.webp,public/uploads/products/1774037568681-fb9f80d9.webp,2026-03-21T12:09:18+07:00,2026-04-03T18:54:16+07:00,2,2,1,0.00,
public/uploads/products/1774038006903-fbe948e0.webp,public/uploads/products/1774038006903-fbe948e0.webp,2026-03-21T12:09:18+07:00,2026-03-21T12:09:18+07:00,1,1,1,0.00,
public/uploads/products/1774038176791-ad087c26.webp,public/uploads/products/1774038176791-ad087c26.webp,2026-03-21T12:09:18+07:00,2026-04-03T18:54:16+07:00,2,2,1,0.00,
public/uploads/products/1774038218964-4d677863.webp,public/uploads/products/1774038218964-4d677863.webp,2026-03-21T12:09:18+07:00,2026-03-21T12:09:18+07:00,1,1,1,0.00,
public/uploads/products/1774038345880-f5d55178.webp,public/uploads/products/1774038345880-f5d55178.webp,2026-03-21T12:09:18+07:00,2026-03-21T12:09:18+07:00,1,1,1,0.00,
public/uploads/products/1774038457234-0104d257.webp,public/uploads/products/1774038457234-0104d257.webp,2026-03-21T12:09:18+07:00,2026-03-21T12:09:18+07:00,1,1,1,0.00,
public/uploads/products/1774038526402-8646e921.webp,public/uploads/products/1774038526402-8646e921.webp,2026-03-21T12:09:18+07:00,2026-03-21T12:09:18+07:00,1,1,1,0.00,
public/uploads/products/1774038974285-a94ccc38.webp,public/uploads/products/1774038974285-a94ccc38.webp,2026-03-21T12:09:18+07:00,2026-03-21T12:09:18+07:00,1,1,1,0.00,
public/uploads/products/1774039341125-aab94393.webp,public/uploads/products/1774039341125-aab94393.webp,2026-03-21T12:09:18+07:00,2026-04-03T18:54:16+07:00,2,2,1,0.00,
public/uploads/products/1774039378310-e616cef3.webp,public/uploads/products/1774039378310-e616cef3.webp,2026-03-21T12:09:18+07:00,2026-04-03T18:54:16+07:00,2,2,1,0.00,
public/uploads/products/1774039445453-6e7c2114.webp,public/uploads/products/1774039445453-6e7c2114.webp,2026-03-21T12:09:18+07:00,2026-04-03T18:54:16+07:00,2,2,1,0.00,
public/uploads/products/1774066372781-ad7ff88a.webp,public/uploads/products/1774066372781-ad7ff88a.webp,2026-03-21T12:09:18+07:00,2026-04-03T18:54:16+07:00,2,2,1,0.00,
public/uploads/products/1774066733357-5d946d64.webp,public/uploads/products/1774066733357-5d946d64.webp,2026-03-21T12:09:18+07:00,2026-04-03T18:54:16+07:00,2,2,1,0.00,
public/uploads/products/1774066754982-cc9cfb49.webp,public/uploads/products/1774066754982-cc9cfb49.webp,2026-03-21T12:09:18+07:00,2026-04-03T18:54:16+07:00,2,2,1,0.00,
public/uploads/products/1774066854363-27dd6e2e.webp,public/uploads/products/1774066854363-27dd6e2e.webp,2026-03-21T12:09:18+07:00,2026-04-03T18:54:16+07:00,2,2,1,0.00,
public/uploads/products/1774067749576-e054a2fc.webp,public/uploads/products/1774067749576-e054a2fc.webp,2026-03-21T12:09:18+07:00,2026-03-21T12:09:18+07:00,1,1,1,0.00,
public/uploads/products/1774067969317-02419648.webp,public/uploads/products/1774067969317-02419648.webp,2026-03-21T12:09:18+07:00,2026-03-21T12:09:18+07:00,1,1,1,0.00,
public/uploads/products/1774068305176-a2a65d20.webp,public/uploads/products/1774068305176-a2a65d20.webp,2026-03-21T12:09:18+07:00,2026-03-21T12:09:18+07:00,1,1,1,0.00,
public/uploads/products/1774068685240-1c0b4509.webp,public/uploads/products/1774068685240-1c0b4509.webp,2026-03-21T12:09:18+07:00,2026-03-21T12:09:18+07:00,1,1,1,0.00,
public/uploads/products/1775276605112-51f3988d.webp,public/uploads/products/1775276605112-51f3988d.webp,2026-04-06T23:35:28+07:00,2026-04-06T23:35:28+07:00,1,1,1,0.00,
public/uploads/products/1775277068440-53d870d2.webp,public/uploads/products/1775277068440-53d870d2.webp,2026-04-06T23:35:28+07:00,2026-04-06T23:35:28+07:00,1,1,1,0.00,
public/uploads/products/1775306257923-84cd3738.webp,public/uploads/products/1775306257923-84cd3738.webp,2026-04-06T23:35:28+07:00,2026-04-06T23:35:28+07:00,1,1,1,0.00,
public/uploads/products/1775306281119-764a1123.webp,public/uploads/products/1775306281119-764a1123.webp,2026-04-06T23:35:28+07:00,2026-04-06T23:35:28+07:00,1,1,1,0.00,
public/uploads/products/1775306490151-20acc7b4.webp,public/uploads/products/1775306490151-20acc7b4.webp,2026-04-06T23:35:28+07:00,2026-04-06T23:35:28+07:00,1,1,1,0.00,
public/uploads/products/1775393588724-8116265c.webp,public/uploads/products/1775393588724-8116265c.webp,2026-04-06T23:35:28+07:00,2026-04-06T23:35:28+07:00,1,1,1,0.00,
public/uploads/products/1775421302173-feccd74c.webp,public/uploads/products/1775421302173-feccd74c.webp,2026-04-06T23:35:28+07:00,2026-04-06T23:35:28+07:00,1,1,1,0.00,
public/uploads/products/1775562943772-16a74b9e.webp,public/uploads/products/1775562943772-16a74b9e.webp,2026-04-09T01:28:19+07:00,2026-04-09T01:28:19+07:00,1,1,1,0.00,
public/uploads/products/1775836037369-a7598596.webp,public/uploads/products/1775836037369-a7598596.webp,2026-04-11T21:42:54+07:00,2026-04-11T21:42:54+07:00,1,1,1,0.00,
public/uploads/products/1775842146375-229df8fd.webp,public/uploads/products/1775842146375-229df8fd.webp,2026-04-11T21:42:54+07:00,2026-04-11T21:42:54+07:00,1,1,1,0.00,
public/uploads/products/1775842185132-1d235ef5.webp,public/uploads/products/1775842185132-1d235ef5.webp,2026-04-11T21:42:54+07:00,2026-04-11T21:42:54+07:00,1,1,1,0.00,
public/uploads/products/1775842430109-14f13150.webp,public/uploads/products/1775842430109-14f13150.webp,2026-04-11T21:42:54+07:00,2026-04-11T21:42:54+07:00,1,1,1,0.00,
public/uploads/products/1775842438572-c7aebbf2.webp,public/uploads/products/1775842438572-c7aebbf2.webp,2026-04-11T21:42:54+07:00,2026-04-11T21:42:54+07:00,1,1,1,0.00,
public/uploads/products/1775842489551-7ce4ab4f.webp,public/uploads/products/1775842489551-7ce4ab4f.webp,2026-04-11T21:42:54+07:00,2026-04-11T21:42:54+07:00,1,1,1,0.00,
public/uploads/products/1775881246446-4a992984.webp,public/uploads/products/1775881246446-4a992984.webp,2026-04-11T21:42:54+07:00,2026-04-11T21:42:54+07:00,1,1,1,0.00,
public/uploads/products/1775881323431-50f77ef8.webp,public/uploads/products/1775881323431-50f77ef8.webp,2026-04-11T21:42:54+07:00,2026-04-11T21:42:54+07:00,1,1,1,0.00,
public/uploads/products/1775881543136-bf3ebeb8.webp,public/uploads/products/1775881543136-bf3ebeb8.webp,2026-04-11T21:42:54+07:00,2026-04-11T21:42:54+07:00,1,1,1,0.00,
public/uploads/products/1775881794052-9f4320ef.webp,public/uploads/products/1775881794052-9f4320ef.webp,2026-04-11T21:42:54+07:00,2026-04-11T21:42:54+07:00,1,1,1,0.00,
public/uploads/products/AGENTS.md,public/uploads/products/AGENTS.md,2026-04-26T16:31:35+07:00,2026-04-26T16:31:35+07:00,1,1,1,0.00,
public/uploads/profiles/1775275734506-9f5af8a3.webp,public/uploads/profiles/1775275734506-9f5af8a3.webp,2026-04-06T23:35:28+07:00,2026-04-06T23:35:28+07:00,1,1,1,0.00,
public/uploads/profiles/1775275959582-9b038c3a.webp,public/uploads/profiles/1775275959582-9b038c3a.webp,2026-04-06T23:35:28+07:00,2026-04-06T23:35:28+07:00,1,1,1,0.00,
public/uploads/profiles/1775484662035-edb37df1.webp,public/uploads/profiles/1775484662035-edb37df1.webp,2026-04-06T23:35:28+07:00,2026-04-11T21:42:54+07:00,2,2,1,0.00,
public/uploads/profiles/1775544971911-b22dd5f2.webp,public/uploads/profiles/1775544971911-b22dd5f2.webp,2026-04-07T15:57:08+07:00,2026-04-07T15:57:08+07:00,1,1,1,0.00,
public/uploads/profiles/1775634573158-78bfd76b.webp,public/uploads/profiles/1775634573158-78bfd76b.webp,2026-04-09T01:28:19+07:00,2026-04-14T12:27:01+07:00,2,2,1,0.00,
public/uploads/profiles/AGENTS.md,public/uploads/profiles/AGENTS.md,2026-04-26T16:31:35+07:00,2026-04-26T16:31:35+07:00,1,1,1,0.00,
public/uploads/season-pass/1775477492257-c7958669.webp,public/uploads/season-pass/1775477492257-c7958669.webp,2026-04-06T23:35:28+07:00,2026-04-06T23:35:28+07:00,1,1,1,0.00,
public/uploads/season-pass/1775477557836-12030f53.webp,public/uploads/season-pass/1775477557836-12030f53.webp,2026-04-06T23:35:28+07:00,2026-04-06T23:35:28+07:00,1,1,1,0.00,
public/uploads/season-pass/1775478890877-4485be8e.webp,public/uploads/season-pass/1775478890877-4485be8e.webp,2026-04-06T23:35:28+07:00,2026-04-06T23:35:28+07:00,1,1,1,0.00,
public/uploads/season-pass/1775716480745-1645b557.webp,public/uploads/season-pass/1775716480745-1645b557.webp,2026-04-09T13:44:30+07:00,2026-04-09T13:44:30+07:00,1,1,1,0.00,
public/uploads/season-pass/AGENTS.md,public/uploads/season-pass/AGENTS.md,2026-04-26T16:31:35+07:00,2026-04-26T16:31:35+07:00,1,1,1,0.00,
public/vercel.svg,public/vercel.svg,2026-01-17T11:43:30+07:00,2026-01-17T11:43:30+07:00,1,1,1,0.00,
public/voucher-ticket-new-card.webp,public/voucher-ticket-new-card.webp,2026-05-20T10:52:30+07:00,2026-05-20T10:52:30+07:00,1,1,1,0.00,
public/voucher-ticket-new.png,public/voucher-ticket-new.png,2026-04-09T01:28:19+07:00,2026-04-09T01:28:19+07:00,1,1,1,0.00,
public/voucher-ticket.png,public/voucher-ticket.png,2026-04-09T01:28:19+07:00,2026-04-09T01:28:19+07:00,1,1,1,0.00,
public/window.svg,public/window.svg,2026-01-17T11:43:30+07:00,2026-01-17T11:43:30+07:00,1,1,1,0.00,
remaining_issues.json,remaining_issues.json,2026-03-13T07:16:25+07:00,2026-03-18T12:01:52+07:00,2,2,1,0.00,
replacements.txt,replacements.txt,2026-03-05T21:05:18+07:00,2026-03-18T12:01:52+07:00,2,2,2,0.00,
run-sonar.js,run-sonar.js,2026-03-13T07:16:25+07:00,2026-03-18T12:01:52+07:00,3,3,1,0.00,
scripts/AGENTS.md,scripts/AGENTS.md,2026-04-26T16:31:35+07:00,2026-05-06T23:50:05+07:00,3,3,1,0.00,
scripts/add-banners-json.ts,scripts/add-banners-json.ts,2026-03-21T12:09:18+07:00,2026-04-29T21:40:28+07:00,2,2,1,0.00,
scripts/add-missing-columns.mjs,scripts/add-missing-columns.mjs,2026-03-10T00:02:29+07:00,2026-04-29T21:40:28+07:00,2,2,1,0.00,
scripts/admin/AGENTS.md,scripts/admin/AGENTS.md,2026-04-29T21:40:28+07:00,2026-04-29T21:40:28+07:00,1,1,1,0.00,
scripts/admin/fix-admin-password.ts,scripts/admin/fix-admin-password.ts,2026-04-29T21:40:28+07:00,2026-04-29T21:40:28+07:00,1,1,1,0.00,
scripts/backup-db.ts,scripts/backup-db.ts,2026-03-05T21:05:18+07:00,2026-04-29T21:40:28+07:00,3,3,2,0.00,
scripts/check-db.ts,scripts/check-db.ts,2026-03-10T00:02:29+07:00,2026-04-29T21:40:28+07:00,3,3,1,0.00,
scripts/check-encoding.mjs,scripts/check-encoding.mjs,2026-04-09T01:28:19+07:00,2026-04-29T21:40:28+07:00,2,2,1,0.00,
scripts/cleanup-legacy-slip-files.mjs,scripts/cleanup-legacy-slip-files.mjs,2026-04-06T23:35:28+07:00,2026-04-29T21:40:28+07:00,2,2,1,0.00,
scripts/db-health-utils.mjs,scripts/db-health-utils.mjs,2026-04-29T19:49:19+07:00,2026-04-29T21:40:28+07:00,2,2,1,0.00,
scripts/db/AGENTS.md,scripts/db/AGENTS.md,2026-04-29T21:40:28+07:00,2026-04-29T21:40:28+07:00,1,1,1,0.80,schema
scripts/db/add-banners-json.ts,scripts/db/add-banners-json.ts,2026-04-29T21:40:28+07:00,2026-04-29T21:40:28+07:00,1,1,1,0.80,schema
scripts/db/add-missing-columns.mjs,scripts/db/add-missing-columns.mjs,2026-04-29T21:40:28+07:00,2026-04-29T21:40:28+07:00,1,1,1,0.80,schema
scripts/db/backup-db.ts,scripts/db/backup-db.ts,2026-04-29T21:40:28+07:00,2026-04-29T21:40:28+07:00,1,1,1,0.80,schema
scripts/db/check-db.ts,scripts/db/check-db.ts,2026-04-29T21:40:28+07:00,2026-04-29T21:40:28+07:00,1,1,1,0.80,schema
scripts/db/db-health-utils.mjs,scripts/db/db-health-utils.mjs,2026-04-29T21:40:28+07:00,2026-04-29T21:40:28+07:00,1,1,1,0.80,schema
scripts/db/migrate-sensitive-data.mjs,scripts/db/migrate-sensitive-data.mjs,2026-04-29T21:40:28+07:00,2026-04-29T21:40:28+07:00,1,1,1,0.80,schema
scripts/db/validate-db-health.mjs,scripts/db/validate-db-health.mjs,2026-04-29T21:40:28+07:00,2026-04-29T21:40:28+07:00,1,1,1,0.80,schema
scripts/deploy/AGENTS.md,scripts/deploy/AGENTS.md,2026-04-29T21:40:28+07:00,2026-04-29T21:40:28+07:00,1,1,1,0.80,deploy
scripts/deploy/validate-deploy.mjs,scripts/deploy/validate-deploy.mjs,2026-04-29T21:40:28+07:00,2026-04-29T21:40:28+07:00,1,1,1,0.80,deploy
scripts/dev/AGENTS.md,scripts/dev/AGENTS.md,2026-04-29T21:40:28+07:00,2026-04-29T21:40:28+07:00,1,1,1,0.00,
scripts/dev/run-next-dev.mjs,scripts/dev/run-next-dev.mjs,2026-04-29T21:40:28+07:00,2026-04-29T21:40:28+07:00,1,1,1,0.00,
scripts/export-all.bat,scripts/export-all.bat,2026-03-18T12:01:52+07:00,2026-04-29T21:40:28+07:00,2,2,1,0.00,
scripts/export-csv.js,scripts/export-csv.js,2026-03-10T00:02:29+07:00,2026-04-29T21:40:28+07:00,3,3,1,0.00,
scripts/export-products-dev.mjs,scripts/export-products-dev.mjs,2026-04-09T13:44:30+07:00,2026-04-29T21:40:28+07:00,2,2,1,0.00,
scripts/exports/AGENTS.md,scripts/exports/AGENTS.md,2026-04-29T21:40:28+07:00,2026-04-29T21:40:28+07:00,1,1,1,0.00,
scripts/exports/export-all.bat,scripts/exports/export-all.bat,2026-04-29T21:40:28+07:00,2026-04-29T21:40:28+07:00,1,1,1,0.00,
scripts/exports/export-csv.js,scripts/exports/export-csv.js,2026-04-29T21:40:28+07:00,2026-04-29T21:40:28+07:00,1,1,1,0.00,
scripts/fix-admin-password.ts,scripts/fix-admin-password.ts,2026-01-22T13:45:34+07:00,2026-04-29T21:40:28+07:00,6,6,2,0.00,
scripts/import-products-prod.mjs,scripts/import-products-prod.mjs,2026-04-09T13:44:30+07:00,2026-04-29T21:40:28+07:00,2,2,1,0.00,
scripts/migrate-local-storage-to-r2.mjs,scripts/migrate-local-storage-to-r2.mjs,2026-05-06T23:50:05+07:00,2026-05-06T23:50:05+07:00,1,1,1,0.00,
scripts/migrate-sensitive-data.mjs,scripts/migrate-sensitive-data.mjs,2026-04-06T23:35:28+07:00,2026-04-29T21:40:28+07:00,2,2,1,0.00,
scripts/migrate-slip-files.mjs,scripts/migrate-slip-files.mjs,2026-04-06T23:35:28+07:00,2026-04-29T21:40:28+07:00,2,2,1,0.00,
scripts/ops/AGENTS.md,scripts/ops/AGENTS.md,2026-04-29T21:40:28+07:00,2026-04-29T21:40:28+07:00,1,1,1,0.00,
scripts/ops/reconcile-commerce.mjs,scripts/ops/reconcile-commerce.mjs,2026-04-29T21:40:28+07:00,2026-04-29T21:40:28+07:00,1,1,1,0.00,
scripts/ops/tmp-check-machines.ts,scripts/ops/tmp-check-machines.ts,2026-04-29T21:40:28+07:00,2026-04-29T21:40:28+07:00,1,1,1,0.00,
scripts/ops/verify-purchase-locking.mjs,scripts/ops/verify-purchase-locking.mjs,2026-04-29T21:40:28+07:00,2026-04-29T21:40:28+07:00,1,1,1,0.00,
scripts/product-sync-utils.mjs,scripts/product-sync-utils.mjs,2026-04-09T13:44:30+07:00,2026-04-29T21:40:28+07:00,2,2,1,0.00,
scripts/products/AGENTS.md,scripts/products/AGENTS.md,2026-04-29T21:40:28+07:00,2026-04-29T21:40:28+07:00,1,1,1,0.00,
scripts/products/backfill-stock-count.ts,scripts/products/backfill-stock-count.ts,2026-05-20T10:52:30+07:00,2026-05-20T10:52:30+07:00,1,1,1,0.00,
scripts/products/export-products-dev.mjs,scripts/products/export-products-dev.mjs,2026-04-29T21:40:28+07:00,2026-04-29T21:40:28+07:00,1,1,1,0.00,
scripts/products/import-products-prod.mjs,scripts/products/import-products-prod.mjs,2026-04-29T21:40:28+07:00,2026-04-29T21:40:28+07:00,1,1,1,0.00,
scripts/products/product-sync-utils.mjs,scripts/products/product-sync-utils.mjs,2026-04-29T21:40:28+07:00,2026-04-29T21:40:28+07:00,1,1,1,0.00,
scripts/quality/AGENTS.md,scripts/quality/AGENTS.md,2026-04-29T21:40:28+07:00,2026-04-29T21:40:28+07:00,1,1,1,0.00,
scripts/quality/check-encoding.mjs,scripts/quality/check-encoding.mjs,2026-04-29T21:40:28+07:00,2026-04-29T21:40:28+07:00,1,1,1,0.00,
scripts/reconcile-commerce.mjs,scripts/reconcile-commerce.mjs,2026-04-06T23:35:28+07:00,2026-04-29T21:40:28+07:00,2,2,1,0.00,
scripts/run-next-dev.mjs,scripts/run-next-dev.mjs,2026-04-02T17:27:30+07:00,2026-04-29T21:40:28+07:00,5,5,1,0.00,
scripts/seed-admin.ts,scripts/seed-admin.ts,2026-03-10T00:02:29+07:00,2026-04-29T21:40:28+07:00,2,2,1,0.00,
scripts/seed-faq.ts,scripts/seed-faq.ts,2026-02-01T14:59:03+07:00,2026-04-29T21:40:28+07:00,5,5,2,0.00,
scripts/seed-gacha-grid.ts,scripts/seed-gacha-grid.ts,2026-02-23T22:14:30+07:00,2026-04-29T21:40:28+07:00,5,5,2,0.00,
scripts/seed-roles.ts,scripts/seed-roles.ts,2026-03-19T21:24:04+07:00,2026-04-29T21:40:28+07:00,2,2,1,0.00,
scripts/seeds/AGENTS.md,scripts/seeds/AGENTS.md,2026-04-29T21:40:28+07:00,2026-04-29T21:40:28+07:00,1,1,1,0.00,
scripts/seeds/seed-admin.ts,scripts/seeds/seed-admin.ts,2026-04-29T21:40:28+07:00,2026-04-29T21:40:28+07:00,1,1,1,0.00,
scripts/seeds/seed-faq.ts,scripts/seeds/seed-faq.ts,2026-04-29T21:40:28+07:00,2026-04-29T21:40:28+07:00,1,1,1,0.00,
scripts/seeds/seed-gacha-grid.ts,scripts/seeds/seed-gacha-grid.ts,2026-04-29T21:40:28+07:00,2026-04-29T21:40:28+07:00,1,1,1,0.00,
scripts/seeds/seed-roles.ts,scripts/seeds/seed-roles.ts,2026-04-29T21:40:28+07:00,2026-04-29T21:40:28+07:00,1,1,1,0.00,
scripts/sonar/AGENTS.md,scripts/sonar/AGENTS.md,2026-04-26T16:31:35+07:00,2026-05-06T23:50:05+07:00,2,2,1,0.00,
scripts/sonar/fetch-sonar.js,scripts/sonar/fetch-sonar.js,2026-03-18T12:01:52+07:00,2026-04-20T16:39:41+07:00,2,2,1,0.00,
scripts/sonar/run-sonar.js,scripts/sonar/run-sonar.js,2026-03-18T12:01:52+07:00,2026-04-20T16:39:41+07:00,2,2,1,0.00,
scripts/sonar/summarize-sonar-legacy.js,scripts/sonar/summarize-sonar-legacy.js,2026-04-29T21:40:28+07:00,2026-04-29T21:40:28+07:00,1,1,1,0.00,
scripts/sonar/summarize-sonar.js,scripts/sonar/summarize-sonar.js,2026-03-18T12:01:52+07:00,2026-04-20T16:39:41+07:00,2,2,1,0.00,
scripts/storage/AGENTS.md,scripts/storage/AGENTS.md,2026-04-29T21:40:28+07:00,2026-04-29T21:40:28+07:00,1,1,1,0.90,storage
scripts/storage/cleanup-legacy-slip-files.mjs,scripts/storage/cleanup-legacy-slip-files.mjs,2026-04-29T21:40:28+07:00,2026-04-29T21:40:28+07:00,1,1,1,0.90,storage
scripts/storage/migrate-slip-files.mjs,scripts/storage/migrate-slip-files.mjs,2026-04-29T21:40:28+07:00,2026-04-29T21:40:28+07:00,1,1,1,0.90,storage
scripts/summarize-sonar.js,scripts/summarize-sonar.js,2026-03-11T09:07:26+07:00,2026-04-29T21:40:28+07:00,3,3,1,0.00,
scripts/test-thai-encoding.ts,scripts/test-thai-encoding.ts,2026-03-05T21:05:18+07:00,2026-03-10T00:02:29+07:00,2,2,2,0.00,
scripts/tmp-check-machines.ts,scripts/tmp-check-machines.ts,2026-04-14T12:27:01+07:00,2026-04-29T21:40:28+07:00,2,2,1,0.00,
scripts/validate-db-health.mjs,scripts/validate-db-health.mjs,2026-04-29T19:49:19+07:00,2026-04-29T21:40:28+07:00,2,2,1,0.00,
scripts/validate-deploy.mjs,scripts/validate-deploy.mjs,2026-04-02T18:12:39+07:00,2026-04-29T21:40:28+07:00,4,4,1,0.00,
scripts/verify-purchase-locking.mjs,scripts/verify-purchase-locking.mjs,2026-04-29T19:49:19+07:00,2026-04-29T21:40:28+07:00,2,2,1,0.00,
scripts/windows/AGENTS.md,scripts/windows/AGENTS.md,2026-04-26T16:31:35+07:00,2026-05-06T23:50:05+07:00,2,2,1,0.70,deploy
scripts/windows/backup-prod-db.bat,scripts/windows/backup-prod-db.bat,2026-04-26T16:31:35+07:00,2026-04-26T16:31:35+07:00,1,1,1,0.70,deploy
scripts/windows/db-push-dev.bat,scripts/windows/db-push-dev.bat,2026-04-26T16:31:35+07:00,2026-04-26T16:31:35+07:00,1,1,1,0.70,deploy
scripts/windows/db-studio-dev.bat,scripts/windows/db-studio-dev.bat,2026-04-26T16:31:35+07:00,2026-04-26T16:31:35+07:00,1,1,1,0.70,deploy
scripts/windows/deploy-web.bat,scripts/windows/deploy-web.bat,2026-04-26T16:31:35+07:00,2026-04-26T16:31:35+07:00,1,1,1,0.70,deploy
scripts/windows/dev-web.bat,scripts/windows/dev-web.bat,2026-04-26T16:31:35+07:00,2026-04-26T16:31:35+07:00,1,1,1,0.70,deploy
scripts/windows/start-dev-db.bat,scripts/windows/start-dev-db.bat,2026-04-26T16:31:35+07:00,2026-04-26T16:31:35+07:00,1,1,1,0.70,deploy
scripts/windows/start-web.bat,scripts/windows/start-web.bat,2026-04-26T16:31:35+07:00,2026-04-26T16:31:35+07:00,1,1,1,0.70,deploy
scripts/windows/status-web.bat,scripts/windows/status-web.bat,2026-04-26T16:31:35+07:00,2026-04-26T16:31:35+07:00,1,1,1,0.70,deploy
scripts/windows/stop-dev-db.bat,scripts/windows/stop-dev-db.bat,2026-04-26T16:31:35+07:00,2026-04-26T16:31:35+07:00,1,1,1,0.70,deploy
scripts/windows/stop-web.bat,scripts/windows/stop-web.bat,2026-04-26T16:31:35+07:00,2026-04-26T16:31:35+07:00,1,1,1,0.70,deploy
skills-lock.json,skills-lock.json,2026-02-23T22:14:30+07:00,2026-03-18T12:01:52+07:00,4,4,2,0.00,
snailshop_backup_final.sql,snailshop_backup_final.sql,2026-03-10T00:02:29+07:00,2026-03-18T12:01:52+07:00,2,2,1,0.00,
sonar-bugs-utf8.json,sonar-bugs-utf8.json,2026-03-11T09:07:26+07:00,2026-03-18T12:01:52+07:00,2,2,1,0.00,
sonar-bugs.json,sonar-bugs.json,2026-03-11T09:07:26+07:00,2026-03-18T12:01:52+07:00,3,3,1,0.00,
sonar-codesmells-open.json,sonar-codesmells-open.json,2026-03-11T09:07:26+07:00,2026-03-18T12:01:52+07:00,2,2,1,0.00,
sonar-codesmells-utf8.json,sonar-codesmells-utf8.json,2026-03-11T09:07:26+07:00,2026-03-18T12:01:52+07:00,2,2,1,0.00,
sonar-current-issues.json,sonar-current-issues.json,2026-03-13T07:16:25+07:00,2026-03-18T12:01:52+07:00,2,2,1,0.00,
sonar-hotspots.json,sonar-hotspots.json,2026-03-11T09:07:26+07:00,2026-03-18T12:01:52+07:00,2,2,1,0.00,
sonar-issues-final.json,sonar-issues-final.json,2026-03-13T07:16:25+07:00,2026-03-18T12:01:52+07:00,2,2,1,0.00,
sonar-issues.json,sonar-issues.json,2026-03-11T09:07:26+07:00,2026-03-18T12:01:52+07:00,3,3,1,0.00,
sonar-project.properties,sonar-project.properties,2026-03-11T09:07:26+07:00,2026-04-21T18:05:15+07:00,4,4,1,0.00,
sonar-vulnerabilities-utf8.json,sonar-vulnerabilities-utf8.json,2026-03-11T09:07:26+07:00,2026-03-18T12:01:52+07:00,2,2,1,0.00,
sonar-vulnerabilities.json,sonar-vulnerabilities.json,2026-03-11T09:07:26+07:00,2026-03-18T12:01:52+07:00,2,2,1,0.00,
sonar_batch2.txt,sonar_batch2.txt,2026-03-13T07:16:25+07:00,2026-03-18T12:01:52+07:00,2,2,1,0.00,
sonar_batch_2.json,sonar_batch_2.json,2026-03-13T07:16:25+07:00,2026-03-18T12:01:52+07:00,2,2,1,0.00,
sonar_batch_2.txt,sonar_batch_2.txt,2026-03-13T07:16:25+07:00,2026-03-18T12:01:52+07:00,2,2,1,0.00,
start-dev-db.bat,start-dev-db.bat,2026-04-09T13:44:30+07:00,2026-04-26T16:31:35+07:00,2,2,1,0.00,
start-web.bat,start-web.bat,2026-04-09T13:44:30+07:00,2026-04-26T16:31:35+07:00,2,2,1,0.00,
status-web.bat,status-web.bat,2026-04-09T13:44:30+07:00,2026-04-26T16:31:35+07:00,2,2,1,0.00,
stop-dev-db.bat,stop-dev-db.bat,2026-04-09T13:44:30+07:00,2026-04-26T16:31:35+07:00,2,2,1,0.00,
stop-web.bat,stop-web.bat,2026-04-09T13:44:30+07:00,2026-04-26T16:31:35+07:00,2,2,1,0.00,
storage/AGENTS.md,storage/AGENTS.md,2026-04-26T16:31:35+07:00,2026-04-26T16:31:35+07:00,1,1,1,0.60,storage
storage/chat-media/1777102961628-f64994be490e2e0a.webp,storage/chat-media/1777102961628-f64994be490e2e0a.webp,2026-04-26T16:31:35+07:00,2026-04-29T21:30:35+07:00,2,2,1,0.00,
storage/chat-media/AGENTS.md,storage/chat-media/AGENTS.md,2026-04-26T16:31:35+07:00,2026-04-26T16:31:35+07:00,1,1,1,0.00,
storage/homepage.html,storage/homepage.html,2026-04-06T23:35:28+07:00,2026-04-29T21:30:35+07:00,2,2,1,0.00,
storage/next-dev.err.log,storage/next-dev.err.log,2026-04-03T18:54:16+07:00,2026-04-29T21:30:35+07:00,2,2,1,0.00,
storage/next-dev.out.log,storage/next-dev.out.log,2026-04-03T18:54:16+07:00,2026-04-29T21:30:35+07:00,2,2,1,0.00,
storage/private/AGENTS.md,storage/private/AGENTS.md,2026-04-29T21:27:31+07:00,2026-04-29T21:27:31+07:00,1,1,1,1.00,storage
storage/private/slips/1775572301488-23b8aba2.webp,storage/private/slips/1775572301488-23b8aba2.webp,2026-04-09T01:28:19+07:00,2026-04-29T21:30:35+07:00,2,2,1,1.00,storage
storage/private/slips/1775668582600-e667f7b5.webp,storage/private/slips/1775668582600-e667f7b5.webp,2026-04-09T01:28:19+07:00,2026-04-29T21:30:35+07:00,2,2,1,1.00,storage
storage/private/slips/AGENTS.md,storage/private/slips/AGENTS.md,2026-04-29T21:27:31+07:00,2026-04-29T21:27:31+07:00,1,1,1,1.00,storage
storage/tmp-page.tsx,storage/tmp-page.tsx,2026-04-06T23:35:28+07:00,2026-04-29T21:30:35+07:00,2,2,1,0.00,
storage/tmp-tests/admin-slip-image.webp,storage/tmp-tests/admin-slip-image.webp,2026-04-15T19:10:30+07:00,2026-04-29T21:30:35+07:00,2,2,1,0.00,
storage/uploads/AGENTS.md,storage/uploads/AGENTS.md,2026-04-29T21:27:31+07:00,2026-04-29T21:27:31+07:00,1,1,1,0.80,uploads
storage/uploads/gacha-machines/1775929325990-417e9eca.webp,storage/uploads/gacha-machines/1775929325990-417e9eca.webp,2026-04-14T12:27:01+07:00,2026-04-29T21:30:35+07:00,2,2,1,0.80,uploads
storage/uploads/gacha-machines/1775931111068-8de712e2.webp,storage/uploads/gacha-machines/1775931111068-8de712e2.webp,2026-04-14T12:27:01+07:00,2026-04-29T21:30:35+07:00,2,2,1,0.80,uploads
storage/uploads/gacha-machines/1775931123710-23a21348.webp,storage/uploads/gacha-machines/1775931123710-23a21348.webp,2026-04-14T12:27:01+07:00,2026-04-29T21:30:35+07:00,2,2,1,0.80,uploads
storage/uploads/gacha-machines/1775932546375-e477675c.webp,storage/uploads/gacha-machines/1775932546375-e477675c.webp,2026-04-14T12:27:01+07:00,2026-04-29T21:30:35+07:00,2,2,1,0.80,uploads
storage/uploads/gacha-machines/1775933798343-9ee9249f.webp,storage/uploads/gacha-machines/1775933798343-9ee9249f.webp,2026-04-14T12:27:01+07:00,2026-04-29T21:30:35+07:00,2,2,1,0.80,uploads
storage/uploads/gacha-machines/1775961463256-56891366.webp,storage/uploads/gacha-machines/1775961463256-56891366.webp,2026-04-14T12:27:01+07:00,2026-04-29T21:30:35+07:00,2,2,1,0.80,uploads
storage/uploads/gacha-machines/1775964137063-e91a9028.webp,storage/uploads/gacha-machines/1775964137063-e91a9028.webp,2026-04-14T12:27:01+07:00,2026-04-29T21:30:35+07:00,2,2,1,0.80,uploads
storage/uploads/gacha-machines/1775964461604-2d5d6e07.webp,storage/uploads/gacha-machines/1775964461604-2d5d6e07.webp,2026-04-14T12:27:01+07:00,2026-04-29T21:30:35+07:00,2,2,1,0.80,uploads
storage/uploads/gacha-machines/1775964779874-ae060818.webp,storage/uploads/gacha-machines/1775964779874-ae060818.webp,2026-04-14T12:27:01+07:00,2026-04-29T21:30:35+07:00,2,2,1,0.80,uploads
storage/uploads/gacha-machines/1775964864867-d80f61a3.webp,storage/uploads/gacha-machines/1775964864867-d80f61a3.webp,2026-04-14T12:27:01+07:00,2026-04-29T21:30:35+07:00,2,2,1,0.80,uploads
storage/uploads/gacha-machines/1775965628097-c03c46ff.webp,storage/uploads/gacha-machines/1775965628097-c03c46ff.webp,2026-04-14T12:27:01+07:00,2026-04-29T21:30:35+07:00,2,2,1,0.80,uploads
storage/uploads/gacha-machines/1775966373872-c09cea45.webp,storage/uploads/gacha-machines/1775966373872-c09cea45.webp,2026-04-14T12:27:01+07:00,2026-04-29T21:30:35+07:00,2,2,1,0.80,uploads
storage/uploads/gacha-machines/1775976038372-7dc953fb.webp,storage/uploads/gacha-machines/1775976038372-7dc953fb.webp,2026-04-14T12:27:01+07:00,2026-04-29T21:30:35+07:00,2,2,1,0.80,uploads
storage/uploads/gacha-machines/AGENTS.md,storage/uploads/gacha-machines/AGENTS.md,2026-04-29T21:27:31+07:00,2026-04-29T21:27:31+07:00,1,1,1,0.80,uploads
storage/uploads/gacha/1775929410559-fbe32470.webp,storage/uploads/gacha/1775929410559-fbe32470.webp,2026-04-14T12:27:01+07:00,2026-04-29T21:30:35+07:00,2,2,1,0.80,uploads
storage/uploads/gacha/1775933814213-33b98681.webp,storage/uploads/gacha/1775933814213-33b98681.webp,2026-04-14T12:27:01+07:00,2026-04-29T21:30:35+07:00,2,2,1,0.80,uploads
storage/uploads/gacha/1775961483162-6b029ca7.webp,storage/uploads/gacha/1775961483162-6b029ca7.webp,2026-04-14T12:27:01+07:00,2026-04-29T21:30:35+07:00,2,2,1,0.80,uploads
storage/uploads/gacha/1775964163604-974ce05c.webp,storage/uploads/gacha/1775964163604-974ce05c.webp,2026-04-14T12:27:01+07:00,2026-04-29T21:30:35+07:00,2,2,1,0.80,uploads
storage/uploads/gacha/1775964180744-3de642c7.webp,storage/uploads/gacha/1775964180744-3de642c7.webp,2026-04-14T12:27:01+07:00,2026-04-29T21:30:35+07:00,2,2,1,0.80,uploads
storage/uploads/gacha/1775964495604-933f2874.webp,storage/uploads/gacha/1775964495604-933f2874.webp,2026-04-14T12:27:01+07:00,2026-04-29T21:30:35+07:00,2,2,1,0.80,uploads
storage/uploads/gacha/1775964805424-7c6b6a18.webp,storage/uploads/gacha/1775964805424-7c6b6a18.webp,2026-04-14T12:27:01+07:00,2026-04-29T21:30:35+07:00,2,2,1,0.80,uploads
storage/uploads/gacha/1775965471381-1f7d8b61.webp,storage/uploads/gacha/1775965471381-1f7d8b61.webp,2026-04-14T12:27:01+07:00,2026-04-29T21:30:35+07:00,2,2,1,0.80,uploads
storage/uploads/gacha/1775965658180-2153a172.webp,storage/uploads/gacha/1775965658180-2153a172.webp,2026-04-14T12:27:01+07:00,2026-04-29T21:30:35+07:00,2,2,1,0.80,uploads
storage/uploads/gacha/1775966395882-40e426c6.webp,storage/uploads/gacha/1775966395882-40e426c6.webp,2026-04-14T12:27:01+07:00,2026-04-29T21:30:35+07:00,2,2,1,0.80,uploads
storage/uploads/gacha/AGENTS.md,storage/uploads/gacha/AGENTS.md,2026-04-29T21:27:31+07:00,2026-04-29T21:27:31+07:00,1,1,1,0.80,uploads
storage/uploads/products/1775882544292-8c90d916.webp,storage/uploads/products/1775882544292-8c90d916.webp,2026-04-11T21:42:54+07:00,2026-04-29T21:30:35+07:00,2,2,1,0.80,uploads
storage/uploads/products/1775882824868-0a5d4462.webp,storage/uploads/products/1775882824868-0a5d4462.webp,2026-04-11T21:42:54+07:00,2026-04-29T21:30:35+07:00,2,2,1,0.80,uploads
storage/uploads/products/1775910286852-a3337781.webp,storage/uploads/products/1775910286852-a3337781.webp,2026-04-11T21:42:54+07:00,2026-04-29T21:30:35+07:00,2,2,1,0.80,uploads
storage/uploads/products/1775910718871-2f386961.webp,storage/uploads/products/1775910718871-2f386961.webp,2026-04-11T21:42:54+07:00,2026-04-29T21:30:35+07:00,2,2,1,0.80,uploads
storage/uploads/products/1775911216561-bc54a994.webp,storage/uploads/products/1775911216561-bc54a994.webp,2026-04-11T21:42:54+07:00,2026-04-29T21:30:35+07:00,2,2,1,0.80,uploads
storage/uploads/products/1775911559781-b43492d8.webp,storage/uploads/products/1775911559781-b43492d8.webp,2026-04-11T21:42:54+07:00,2026-04-29T21:30:35+07:00,2,2,1,0.80,uploads
storage/uploads/products/1775911677908-2150b3d3.webp,storage/uploads/products/1775911677908-2150b3d3.webp,2026-04-11T21:42:54+07:00,2026-04-29T21:30:35+07:00,2,2,1,0.80,uploads
storage/uploads/products/1776005131998-e454bfc0.webp,storage/uploads/products/1776005131998-e454bfc0.webp,2026-04-14T12:27:01+07:00,2026-04-29T21:30:35+07:00,2,2,1,0.80,uploads
storage/uploads/products/1776267889503-5978303a.webp,storage/uploads/products/1776267889503-5978303a.webp,2026-04-16T20:59:44+07:00,2026-04-29T21:30:35+07:00,2,2,1,0.80,uploads
storage/uploads/products/1776688474778-d9b690ed.webp,storage/uploads/products/1776688474778-d9b690ed.webp,2026-04-21T18:05:15+07:00,2026-04-29T21:30:35+07:00,2,2,1,0.80,uploads
storage/uploads/products/1776688628916-dbe7b2cd.webp,storage/uploads/products/1776688628916-dbe7b2cd.webp,2026-04-21T18:05:15+07:00,2026-04-29T21:30:35+07:00,2,2,1,0.80,uploads
storage/uploads/products/1776688633359-adee95a0.webp,storage/uploads/products/1776688633359-adee95a0.webp,2026-04-21T18:05:15+07:00,2026-04-29T21:30:35+07:00,2,2,1,0.80,uploads
storage/uploads/products/1776688636195-f71e974a.webp,storage/uploads/products/1776688636195-f71e974a.webp,2026-04-21T18:05:15+07:00,2026-04-29T21:30:35+07:00,2,2,1,0.80,uploads
storage/uploads/products/1776688654008-ac74d131.webp,storage/uploads/products/1776688654008-ac74d131.webp,2026-04-21T18:05:15+07:00,2026-04-29T21:30:35+07:00,2,2,1,0.80,uploads
storage/uploads/products/1776688746103-8f9a3be9.webp,storage/uploads/products/1776688746103-8f9a3be9.webp,2026-04-21T18:05:15+07:00,2026-04-29T21:30:35+07:00,2,2,1,0.80,uploads
storage/uploads/products/1776688759272-a6e26b78.webp,storage/uploads/products/1776688759272-a6e26b78.webp,2026-04-21T18:05:15+07:00,2026-04-29T21:30:35+07:00,2,2,1,0.80,uploads
storage/uploads/products/1776688767130-c5caf773.webp,storage/uploads/products/1776688767130-c5caf773.webp,2026-04-21T18:05:15+07:00,2026-04-29T21:30:35+07:00,2,2,1,0.80,uploads
storage/uploads/products/AGENTS.md,storage/uploads/products/AGENTS.md,2026-04-29T21:27:31+07:00,2026-04-29T21:27:31+07:00,1,1,1,0.80,uploads
storage/uploads/profiles/1775976445099-5b32611b.webp,storage/uploads/profiles/1775976445099-5b32611b.webp,2026-04-14T12:27:01+07:00,2026-04-20T16:39:41+07:00,2,2,1,0.80,uploads
storage/uploads/profiles/1776355898340-1aca3fd4.webp,storage/uploads/profiles/1776355898340-1aca3fd4.webp,2026-04-17T19:52:55+07:00,2026-04-29T21:30:35+07:00,2,2,1,0.80,uploads
storage/uploads/profiles/1776524962730-8efb5450.webp,storage/uploads/profiles/1776524962730-8efb5450.webp,2026-04-20T16:39:41+07:00,2026-04-29T21:30:35+07:00,2,2,1,0.80,uploads
storage/uploads/profiles/1776528745261-0b0439a1.webp,storage/uploads/profiles/1776528745261-0b0439a1.webp,2026-04-20T16:39:41+07:00,2026-04-21T18:05:15+07:00,2,2,1,0.80,uploads
storage/uploads/profiles/1776574201161-6f12ed2b.webp,storage/uploads/profiles/1776574201161-6f12ed2b.webp,2026-04-20T16:39:41+07:00,2026-04-29T21:30:35+07:00,2,2,1,0.80,uploads
storage/uploads/profiles/1776603871776-eeeb528e.webp,storage/uploads/profiles/1776603871776-eeeb528e.webp,2026-04-20T16:39:41+07:00,2026-04-21T18:05:15+07:00,2,2,1,0.80,uploads
storage/uploads/profiles/1776704963586-2480c204.webp,storage/uploads/profiles/1776704963586-2480c204.webp,2026-04-21T18:05:15+07:00,2026-04-29T21:30:35+07:00,2,2,1,0.80,uploads
storage/uploads/profiles/1776748713120-bbc87af7.webp,storage/uploads/profiles/1776748713120-bbc87af7.webp,2026-04-21T18:05:15+07:00,2026-04-29T21:30:35+07:00,2,2,1,0.80,uploads
storage/uploads/profiles/1776765507102-33373127.webp,storage/uploads/profiles/1776765507102-33373127.webp,2026-04-21T18:05:15+07:00,2026-04-29T21:30:35+07:00,2,2,1,0.80,uploads
storage/uploads/profiles/AGENTS.md,storage/uploads/profiles/AGENTS.md,2026-04-29T21:27:31+07:00,2026-04-29T21:27:31+07:00,1,1,1,0.80,uploads
summarize-sonar.js,summarize-sonar.js,2026-03-13T07:16:25+07:00,2026-03-18T12:01:52+07:00,2,2,1,0.00,
tatus,tatus,2026-02-23T22:14:30+07:00,2026-03-10T00:02:29+07:00,3,3,2,0.00,
tests/AGENTS.md,tests/AGENTS.md,2026-04-26T16:31:35+07:00,2026-04-26T16:31:35+07:00,1,1,1,0.00,
tests/api/AGENTS.md,tests/api/AGENTS.md,2026-04-26T16:31:35+07:00,2026-04-26T16:31:35+07:00,1,1,1,0.00,
tests/api/admin-gacha-content.test.ts,tests/api/admin-gacha-content.test.ts,2026-03-15T00:31:31+07:00,2026-05-20T10:52:30+07:00,3,3,1,0.00,
tests/api/admin-gacha-upload-image.test.ts,tests/api/admin-gacha-upload-image.test.ts,2026-05-20T10:52:30+07:00,2026-05-20T10:52:30+07:00,1,1,1,0.00,
tests/api/admin-id-routes.test.ts,tests/api/admin-id-routes.test.ts,2026-03-15T00:31:31+07:00,2026-05-20T10:52:30+07:00,3,3,1,0.00,
tests/api/admin-missing-routes.test.ts,tests/api/admin-missing-routes.test.ts,2026-03-15T00:31:31+07:00,2026-05-20T10:52:30+07:00,4,4,1,0.00,
tests/api/admin-news.test.ts,tests/api/admin-news.test.ts,2026-03-15T00:31:31+07:00,2026-05-20T10:52:30+07:00,4,4,1,0.00,
tests/api/admin-product-duplicate.test.ts,tests/api/admin-product-duplicate.test.ts,2026-04-29T19:49:19+07:00,2026-05-20T10:52:30+07:00,2,2,1,0.00,
tests/api/admin-promo-roles.test.ts,tests/api/admin-promo-roles.test.ts,2026-03-15T00:31:31+07:00,2026-05-20T10:52:30+07:00,3,3,1,0.00,
tests/api/admin-routes.test.ts,tests/api/admin-routes.test.ts,2026-03-15T00:31:31+07:00,2026-05-20T10:52:30+07:00,3,3,1,0.00,
tests/api/admin-season-pass-plan.test.ts,tests/api/admin-season-pass-plan.test.ts,2026-04-29T19:49:19+07:00,2026-05-20T10:52:30+07:00,2,2,1,0.00,
tests/api/admin-settings-products.test.ts,tests/api/admin-settings-products.test.ts,2026-03-15T00:31:31+07:00,2026-05-20T10:52:30+07:00,3,3,1,0.00,
tests/api/admin-slip-image.test.ts,tests/api/admin-slip-image.test.ts,2026-04-06T23:35:28+07:00,2026-05-20T10:52:30+07:00,2,2,1,0.00,
tests/api/admin-sub-routes.test.ts,tests/api/admin-sub-routes.test.ts,2026-03-15T00:31:31+07:00,2026-05-20T10:52:30+07:00,3,3,1,0.00,
tests/api/admin-zero-coverage.test.ts,tests/api/admin-zero-coverage.test.ts,2026-03-15T00:31:31+07:00,2026-05-20T10:52:30+07:00,3,3,1,0.00,
tests/api/auth-password-reset.test.ts,tests/api/auth-password-reset.test.ts,2026-04-26T16:31:35+07:00,2026-04-29T19:49:19+07:00,2,2,1,0.00,
tests/api/cart-checkout.test.ts,tests/api/cart-checkout.test.ts,2026-03-15T00:31:31+07:00,2026-05-21T12:46:21+07:00,5,5,1,0.00,
tests/api/cart-refresh.test.ts,tests/api/cart-refresh.test.ts,2026-05-20T10:52:30+07:00,2026-05-20T10:52:30+07:00,1,1,1,0.00,
tests/api/chat-routes.test.ts,tests/api/chat-routes.test.ts,2026-04-03T02:15:25+07:00,2026-05-20T10:52:30+07:00,3,3,1,0.00,
tests/api/content-help-contracts.test.ts,tests/api/content-help-contracts.test.ts,2026-05-20T10:52:30+07:00,2026-05-20T10:52:30+07:00,1,1,1,0.00,
tests/api/content-roles-contracts.test.ts,tests/api/content-roles-contracts.test.ts,2026-05-20T10:52:30+07:00,2026-05-20T10:52:30+07:00,1,1,1,0.00,
tests/api/content-season-pass-contracts.test.ts,tests/api/content-season-pass-contracts.test.ts,2026-05-20T10:52:30+07:00,2026-05-20T10:52:30+07:00,1,1,1,0.00,
tests/api/content-settings-contracts.test.ts,tests/api/content-settings-contracts.test.ts,2026-05-20T10:52:30+07:00,2026-05-20T10:52:30+07:00,1,1,1,0.00,
tests/api/coverage-boost-2.test.ts,tests/api/coverage-boost-2.test.ts,2026-03-15T00:31:31+07:00,2026-05-20T10:52:30+07:00,2,2,1,0.00,
tests/api/coverage-boost-3.test.ts,tests/api/coverage-boost-3.test.ts,2026-03-15T00:31:31+07:00,2026-05-20T10:52:30+07:00,4,4,1,0.00,
tests/api/coverage-boost.test.ts,tests/api/coverage-boost.test.ts,2026-03-15T00:31:31+07:00,2026-05-20T10:52:30+07:00,4,4,1,0.00,
tests/api/csrf.test.ts,tests/api/csrf.test.ts,2026-03-15T00:31:31+07:00,2026-03-15T00:31:31+07:00,1,1,1,0.00,
tests/api/dashboard-purchases.test.ts,tests/api/dashboard-purchases.test.ts,2026-03-15T00:31:31+07:00,2026-03-15T00:31:31+07:00,1,1,1,0.00,
tests/api/dashboard-routes.test.ts,tests/api/dashboard-routes.test.ts,2026-03-15T00:31:31+07:00,2026-03-15T00:31:31+07:00,1,1,1,0.00,
tests/api/dashboard-trend-overview.test.ts,tests/api/dashboard-trend-overview.test.ts,2026-03-15T00:31:31+07:00,2026-03-15T00:31:31+07:00,1,1,1,0.00,
tests/api/featured-products.test.ts,tests/api/featured-products.test.ts,2026-03-15T00:31:31+07:00,2026-03-15T00:31:31+07:00,1,1,1,0.00,
tests/api/final-coverage-patch-2.test.ts,tests/api/final-coverage-patch-2.test.ts,2026-03-15T00:31:31+07:00,2026-05-20T10:52:30+07:00,3,3,1,0.00,
tests/api/final-coverage-patch-3.test.ts,tests/api/final-coverage-patch-3.test.ts,2026-03-15T00:31:31+07:00,2026-05-20T10:52:30+07:00,5,5,1,0.00,
tests/api/final-coverage-patch-4.test.ts,tests/api/final-coverage-patch-4.test.ts,2026-03-15T00:31:31+07:00,2026-05-20T10:52:30+07:00,2,2,1,0.00,
tests/api/final-coverage-patch-5.test.ts,tests/api/final-coverage-patch-5.test.ts,2026-03-15T00:31:31+07:00,2026-05-20T10:52:30+07:00,2,2,1,0.00,
tests/api/final-coverage-patch-6.test.ts,tests/api/final-coverage-patch-6.test.ts,2026-03-15T00:31:31+07:00,2026-05-20T10:52:30+07:00,3,3,1,0.00,
tests/api/final-coverage-patch-7.test.ts,tests/api/final-coverage-patch-7.test.ts,2026-03-15T00:31:31+07:00,2026-05-20T10:52:30+07:00,2,2,1,0.00,
tests/api/final-coverage-patch.test.ts,tests/api/final-coverage-patch.test.ts,2026-03-15T00:31:31+07:00,2026-05-20T10:52:30+07:00,4,4,1,0.00,
tests/api/help-routes-regression.test.ts,tests/api/help-routes-regression.test.ts,2026-04-29T19:49:19+07:00,2026-04-29T19:49:19+07:00,1,1,1,0.00,
tests/api/login.test.ts,tests/api/login.test.ts,2026-03-15T00:31:31+07:00,2026-04-29T19:49:19+07:00,3,3,1,0.00,
tests/api/logout.test.ts,tests/api/logout.test.ts,2026-03-15T00:31:31+07:00,2026-05-06T23:50:05+07:00,3,3,1,0.00,
tests/api/new-code-routes.test.ts,tests/api/new-code-routes.test.ts,2026-03-15T00:31:31+07:00,2026-05-20T10:52:30+07:00,2,2,1,0.00,
tests/api/new-code-uncovered.test.ts,tests/api/new-code-uncovered.test.ts,2026-03-15T00:31:31+07:00,2026-05-20T10:52:30+07:00,3,3,1,0.00,
tests/api/orders-id.test.ts,tests/api/orders-id.test.ts,2026-04-06T23:35:28+07:00,2026-04-29T19:49:19+07:00,2,2,1,0.00,
tests/api/product-stock-separator.test.ts,tests/api/product-stock-separator.test.ts,2026-04-29T19:49:19+07:00,2026-05-20T10:52:30+07:00,2,2,1,0.00,
tests/api/product-stock-taken-users.test.ts,tests/api/product-stock-taken-users.test.ts,2026-05-20T18:06:05+07:00,2026-05-20T18:06:05+07:00,1,1,1,0.00,
tests/api/products-id.test.ts,tests/api/products-id.test.ts,2026-03-13T11:59:48+07:00,2026-05-20T10:52:30+07:00,3,3,1,0.00,
tests/api/products-users-success.test.ts,tests/api/products-users-success.test.ts,2026-03-15T00:31:31+07:00,2026-05-20T10:52:30+07:00,3,3,1,0.00,
tests/api/products.test.ts,tests/api/products.test.ts,2026-03-15T00:31:31+07:00,2026-05-20T18:06:05+07:00,3,3,1,0.00,
tests/api/profile-upload.test.ts,tests/api/profile-upload.test.ts,2026-04-04T22:08:26+07:00,2026-05-20T10:52:30+07:00,2,2,1,0.00,
tests/api/profile.test.ts,tests/api/profile.test.ts,2026-03-15T00:31:31+07:00,2026-03-15T00:31:31+07:00,1,1,1,0.00,
tests/api/promo-codes.test.ts,tests/api/promo-codes.test.ts,2026-03-15T00:31:31+07:00,2026-04-06T23:35:28+07:00,2,2,1,0.00,
tests/api/promo-validate.test.ts,tests/api/promo-validate.test.ts,2026-03-15T00:31:31+07:00,2026-04-09T01:28:19+07:00,3,3,1,0.00,
tests/api/public-routes.test.ts,tests/api/public-routes.test.ts,2026-03-15T00:31:31+07:00,2026-05-20T10:52:30+07:00,4,4,1,0.00,
tests/api/purchase.test.ts,tests/api/purchase.test.ts,2026-03-15T00:31:31+07:00,2026-05-21T12:46:21+07:00,6,6,1,0.00,
tests/api/register.test.ts,tests/api/register.test.ts,2026-03-15T00:31:31+07:00,2026-04-29T19:49:19+07:00,2,2,1,0.00,
tests/api/remaining-routes.test.ts,tests/api/remaining-routes.test.ts,2026-03-15T00:31:31+07:00,2026-05-20T10:52:30+07:00,4,4,1,0.00,
tests/api/routes.test.ts,tests/api/routes.test.ts,2026-03-13T11:59:48+07:00,2026-05-20T10:52:30+07:00,4,4,1,0.00,
tests/api/season-pass-claim.test.ts,tests/api/season-pass-claim.test.ts,2026-04-29T19:49:19+07:00,2026-05-20T10:52:30+07:00,2,2,1,0.00,
tests/api/season-pass-purchase.test.ts,tests/api/season-pass-purchase.test.ts,2026-04-29T19:49:19+07:00,2026-05-21T12:46:21+07:00,2,2,1,0.00,
tests/api/season-pass-route-contracts.test.ts,tests/api/season-pass-route-contracts.test.ts,2026-05-20T10:52:30+07:00,2026-05-21T12:46:21+07:00,2,2,1,0.00,
tests/api/season-pass-upload-image-contracts.test.ts,tests/api/season-pass-upload-image-contracts.test.ts,2026-05-20T10:52:30+07:00,2026-05-20T10:52:30+07:00,1,1,1,0.00,
tests/api/topup-summary.test.ts,tests/api/topup-summary.test.ts,2026-03-15T00:31:31+07:00,2026-04-06T23:35:28+07:00,2,2,1,0.00,
tests/api/zero-coverage-routes.test.ts,tests/api/zero-coverage-routes.test.ts,2026-03-15T00:31:31+07:00,2026-05-20T10:52:30+07:00,3,3,1,0.00,
tests/components/AGENTS.md,tests/components/AGENTS.md,2026-04-26T16:31:35+07:00,2026-04-26T16:31:35+07:00,1,1,1,0.00,
tests/components/announcement-popup.test.tsx,tests/components/announcement-popup.test.tsx,2026-04-11T21:42:54+07:00,2026-05-20T10:52:30+07:00,4,4,1,0.00,
tests/components/auth-shared.test.tsx,tests/components/auth-shared.test.tsx,2026-05-20T10:52:30+07:00,2026-05-20T10:52:30+07:00,1,1,1,0.00,
tests/components/cart-context.test.tsx,tests/components/cart-context.test.tsx,2026-05-20T10:52:30+07:00,2026-05-20T10:52:30+07:00,1,1,1,0.00,
tests/components/cart-sheet-refresh.test.tsx,tests/components/cart-sheet-refresh.test.tsx,2026-05-20T10:52:30+07:00,2026-05-20T10:52:30+07:00,1,1,1,0.00,
tests/components/email-shared.test.tsx,tests/components/email-shared.test.tsx,2026-05-20T10:52:30+07:00,2026-05-20T10:52:30+07:00,1,1,1,0.00,
tests/e2e/cart-refresh.spec.ts,tests/e2e/cart-refresh.spec.ts,2026-05-20T10:52:30+07:00,2026-05-21T12:46:21+07:00,2,2,1,0.00,
tests/e2e/home.spec.ts,tests/e2e/home.spec.ts,2026-05-06T23:50:05+07:00,2026-05-06T23:50:05+07:00,1,1,1,0.00,
tests/e2e/login.spec.ts,tests/e2e/login.spec.ts,2026-05-06T23:50:05+07:00,2026-05-21T12:46:21+07:00,2,2,1,0.00,
tests/lib/AGENTS.md,tests/lib/AGENTS.md,2026-04-26T16:31:35+07:00,2026-04-26T16:31:35+07:00,1,1,1,0.00,
tests/lib/accountClient.test.ts,tests/lib/accountClient.test.ts,2026-05-20T10:52:30+07:00,2026-05-20T10:52:30+07:00,1,1,1,0.00,
tests/lib/addressProfiles.test.ts,tests/lib/addressProfiles.test.ts,2026-05-20T10:52:30+07:00,2026-05-20T10:52:30+07:00,1,1,1,0.00,
tests/lib/adminExport.test.ts,tests/lib/adminExport.test.ts,2026-05-20T10:52:30+07:00,2026-05-20T10:52:30+07:00,1,1,1,0.00,
tests/lib/adminGachaRewardsClient.test.ts,tests/lib/adminGachaRewardsClient.test.ts,2026-05-20T10:52:30+07:00,2026-05-20T10:52:30+07:00,1,1,1,0.00,
tests/lib/api.test.ts,tests/lib/api.test.ts,2026-03-13T11:26:54+07:00,2026-05-20T10:52:30+07:00,3,3,1,0.00,
tests/lib/apiKey.test.ts,tests/lib/apiKey.test.ts,2026-03-15T00:31:31+07:00,2026-03-15T00:31:31+07:00,1,1,1,0.00,
tests/lib/apiSecurity.test.ts,tests/lib/apiSecurity.test.ts,2026-03-13T10:49:53+07:00,2026-05-20T10:52:30+07:00,4,4,1,0.00,
tests/lib/auditLog.test.ts,tests/lib/auditLog.test.ts,2026-03-15T00:31:31+07:00,2026-04-03T02:15:25+07:00,2,2,1,0.00,
tests/lib/auth-config.test.ts,tests/lib/auth-config.test.ts,2026-05-06T23:50:05+07:00,2026-05-06T23:50:05+07:00,1,1,1,0.00,
tests/lib/auth.test.ts,tests/lib/auth.test.ts,2026-03-15T00:31:31+07:00,2026-05-20T10:52:30+07:00,3,3,1,0.00,
tests/lib/authRedirect.test.ts,tests/lib/authRedirect.test.ts,2026-05-06T23:50:05+07:00,2026-05-06T23:50:05+07:00,1,1,1,0.00,
tests/lib/cache.test.ts,tests/lib/cache.test.ts,2026-03-15T00:31:31+07:00,2026-05-20T10:52:30+07:00,2,2,1,0.00,
tests/lib/cartCheckoutClient.test.ts,tests/lib/cartCheckoutClient.test.ts,2026-05-20T10:52:30+07:00,2026-05-20T10:52:30+07:00,1,1,1,0.00,
tests/lib/cartRecommendationsClient.test.ts,tests/lib/cartRecommendationsClient.test.ts,2026-05-20T10:52:30+07:00,2026-05-20T10:52:30+07:00,1,1,1,0.00,
tests/lib/cartRefreshClient.test.ts,tests/lib/cartRefreshClient.test.ts,2026-05-20T10:52:30+07:00,2026-05-20T10:52:30+07:00,1,1,1,0.00,
tests/lib/chat-message-content.test.ts,tests/lib/chat-message-content.test.ts,2026-04-03T02:15:25+07:00,2026-04-03T02:15:25+07:00,1,1,1,0.00,
tests/lib/chat-security.test.ts,tests/lib/chat-security.test.ts,2026-04-03T18:54:16+07:00,2026-04-03T18:54:16+07:00,1,1,1,0.00,
tests/lib/compressImage.test.ts,tests/lib/compressImage.test.ts,2026-03-15T00:31:31+07:00,2026-03-15T00:31:31+07:00,1,1,1,0.00,
tests/lib/contentApiResponse.test.ts,tests/lib/contentApiResponse.test.ts,2026-05-20T10:52:30+07:00,2026-05-20T10:52:30+07:00,1,1,1,0.00,
tests/lib/csrf-client.test.ts,tests/lib/csrf-client.test.ts,2026-04-03T18:54:16+07:00,2026-04-03T18:54:16+07:00,1,1,1,0.00,
tests/lib/csrf.test.ts,tests/lib/csrf.test.ts,2026-03-15T00:31:31+07:00,2026-03-15T00:31:31+07:00,1,1,1,0.00,
tests/lib/dashboardTopupSummary.test.ts,tests/lib/dashboardTopupSummary.test.ts,2026-05-20T10:52:30+07:00,2026-05-20T10:52:30+07:00,1,1,1,0.00,
tests/lib/dataProtection.test.ts,tests/lib/dataProtection.test.ts,2026-03-13T11:26:54+07:00,2026-03-13T11:26:54+07:00,1,1,1,0.00,
tests/lib/date.test.ts,tests/lib/date.test.ts,2026-03-15T00:31:31+07:00,2026-03-15T00:31:31+07:00,1,1,1,0.00,
tests/lib/encryption.test.ts,tests/lib/encryption.test.ts,2026-03-13T10:49:53+07:00,2026-04-06T23:35:28+07:00,3,3,1,0.00,
tests/lib/footerLinks.test.ts,tests/lib/footerLinks.test.ts,2026-04-29T19:49:19+07:00,2026-04-29T19:49:19+07:00,1,1,1,0.00,
tests/lib/gachaActivityClient.test.ts,tests/lib/gachaActivityClient.test.ts,2026-05-20T18:06:05+07:00,2026-05-20T18:06:05+07:00,1,1,1,0.00,
tests/lib/gachaApiResponse.test.ts,tests/lib/gachaApiResponse.test.ts,2026-05-20T10:52:30+07:00,2026-05-20T10:52:30+07:00,1,1,1,0.00,
tests/lib/gachaExecution.test.ts,tests/lib/gachaExecution.test.ts,2026-04-07T15:57:08+07:00,2026-04-07T15:57:08+07:00,1,1,1,0.00,
tests/lib/gachaGrid-extended.test.ts,tests/lib/gachaGrid-extended.test.ts,2026-03-13T11:26:54+07:00,2026-03-13T11:26:54+07:00,1,1,1,0.00,
tests/lib/gachaGrid.test.ts,tests/lib/gachaGrid.test.ts,2026-03-13T10:49:53+07:00,2026-03-15T00:31:31+07:00,2,2,1,0.00,
tests/lib/gachaGridClient.test.ts,tests/lib/gachaGridClient.test.ts,2026-05-20T10:52:30+07:00,2026-05-20T10:52:30+07:00,1,1,1,0.00,
tests/lib/gachaLimits.test.ts,tests/lib/gachaLimits.test.ts,2026-05-20T10:52:30+07:00,2026-05-20T10:52:30+07:00,1,1,1,0.00,
tests/lib/gachaProbability.test.ts,tests/lib/gachaProbability.test.ts,2026-04-07T15:57:08+07:00,2026-04-11T11:51:02+07:00,2,2,1,0.00,
tests/lib/gachaRewards.test.ts,tests/lib/gachaRewards.test.ts,2026-05-20T10:52:30+07:00,2026-05-20T10:52:30+07:00,1,1,1,0.00,
tests/lib/gachaRollClient.test.ts,tests/lib/gachaRollClient.test.ts,2026-05-20T10:52:30+07:00,2026-05-20T10:52:30+07:00,1,1,1,0.00,
tests/lib/gachaSettings.test.ts,tests/lib/gachaSettings.test.ts,2026-05-20T10:52:30+07:00,2026-05-20T10:52:30+07:00,1,1,1,0.00,
tests/lib/gachaUsers.test.ts,tests/lib/gachaUsers.test.ts,2026-05-20T10:52:30+07:00,2026-05-20T10:52:30+07:00,1,1,1,0.00,
tests/lib/helpArticles.test.ts,tests/lib/helpArticles.test.ts,2026-04-29T19:49:19+07:00,2026-04-29T19:49:19+07:00,1,1,1,0.00,
tests/lib/imageCrop.test.ts,tests/lib/imageCrop.test.ts,2026-05-20T10:52:30+07:00,2026-05-20T10:52:30+07:00,1,1,1,0.00,
tests/lib/imageResize.test.ts,tests/lib/imageResize.test.ts,2026-03-15T00:31:31+07:00,2026-04-20T16:39:41+07:00,2,2,1,0.00,
tests/lib/imageUrl.test.ts,tests/lib/imageUrl.test.ts,2026-04-04T22:08:26+07:00,2026-04-04T22:08:26+07:00,1,1,1,0.00,
tests/lib/login.test.ts,tests/lib/login.test.ts,2026-04-26T16:31:35+07:00,2026-05-06T23:50:05+07:00,3,3,1,0.00,
tests/lib/newsValidation.test.ts,tests/lib/newsValidation.test.ts,2026-04-11T21:42:54+07:00,2026-04-11T21:42:54+07:00,1,1,1,0.00,
tests/lib/passwordReset.test.ts,tests/lib/passwordReset.test.ts,2026-04-26T16:31:35+07:00,2026-04-26T16:31:35+07:00,1,1,1,0.00,
tests/lib/permissions-validate.test.ts,tests/lib/permissions-validate.test.ts,2026-03-15T00:31:31+07:00,2026-04-10T23:14:05+07:00,2,2,1,0.00,
tests/lib/permissions.test.ts,tests/lib/permissions.test.ts,2026-03-13T10:49:53+07:00,2026-04-10T23:14:05+07:00,3,3,1,0.00,
tests/lib/productPricing.test.ts,tests/lib/productPricing.test.ts,2026-05-20T10:52:30+07:00,2026-05-20T10:52:30+07:00,1,1,1,0.00,
tests/lib/productStockTakenUsers.test.ts,tests/lib/productStockTakenUsers.test.ts,2026-05-20T18:06:05+07:00,2026-05-20T18:06:05+07:00,1,1,1,0.00,
tests/lib/productStockValidation.test.ts,tests/lib/productStockValidation.test.ts,2026-05-20T18:06:05+07:00,2026-05-20T18:06:05+07:00,1,1,1,0.00,
tests/lib/promoCodeClient.test.ts,tests/lib/promoCodeClient.test.ts,2026-05-20T10:52:30+07:00,2026-05-20T10:52:30+07:00,1,1,1,0.00,
tests/lib/rateLimit-redis.test.ts,tests/lib/rateLimit-redis.test.ts,2026-04-29T19:49:19+07:00,2026-04-29T19:49:19+07:00,1,1,1,0.00,
tests/lib/rateLimit.test.ts,tests/lib/rateLimit.test.ts,2026-03-13T11:26:54+07:00,2026-04-29T19:49:19+07:00,3,3,1,0.00,
tests/lib/redis.test.ts,tests/lib/redis.test.ts,2026-05-06T23:50:05+07:00,2026-05-06T23:50:05+07:00,1,1,1,0.00,
tests/lib/roleCode.test.ts,tests/lib/roleCode.test.ts,2026-04-10T23:14:05+07:00,2026-04-10T23:14:05+07:00,1,1,1,0.00,
tests/lib/sanitize.test.ts,tests/lib/sanitize.test.ts,2026-03-13T10:49:53+07:00,2026-03-13T10:49:53+07:00,1,1,1,0.00,
tests/lib/seasonPass.test.ts,tests/lib/seasonPass.test.ts,2026-04-06T23:35:28+07:00,2026-05-20T10:52:30+07:00,3,3,1,0.00,
tests/lib/seasonPassApiResponse.test.ts,tests/lib/seasonPassApiResponse.test.ts,2026-05-20T10:52:30+07:00,2026-05-20T10:52:30+07:00,1,1,1,0.00,
tests/lib/serverImageUpload.test.ts,tests/lib/serverImageUpload.test.ts,2026-04-03T23:20:46+07:00,2026-04-11T21:42:54+07:00,4,4,1,0.00,
tests/lib/session.test.ts,tests/lib/session.test.ts,2026-03-15T00:31:31+07:00,2026-04-09T17:19:07+07:00,2,2,1,0.00,
tests/lib/stock.test.ts,tests/lib/stock.test.ts,2026-03-13T10:49:53+07:00,2026-05-20T18:06:05+07:00,3,3,1,0.00,
tests/lib/swal.test.ts,tests/lib/swal.test.ts,2026-03-15T00:31:31+07:00,2026-05-20T10:52:30+07:00,2,2,1,0.00,
tests/lib/topupBuilders.test.ts,tests/lib/topupBuilders.test.ts,2026-05-20T10:52:30+07:00,2026-05-20T10:52:30+07:00,1,1,1,0.00,
tests/lib/topupEasySlipService.test.ts,tests/lib/topupEasySlipService.test.ts,2026-05-20T10:52:30+07:00,2026-05-20T10:52:30+07:00,1,1,1,0.00,
tests/lib/topupProofStorage.test.ts,tests/lib/topupProofStorage.test.ts,2026-05-20T10:52:30+07:00,2026-05-20T10:52:30+07:00,1,1,1,0.00,
tests/lib/topupProofValidation.test.ts,tests/lib/topupProofValidation.test.ts,2026-05-20T10:52:30+07:00,2026-05-20T10:52:30+07:00,1,1,1,0.00,
tests/lib/topupRequest.test.ts,tests/lib/topupRequest.test.ts,2026-05-20T10:52:30+07:00,2026-05-20T10:52:30+07:00,1,1,1,0.00,
tests/lib/topupService.test.ts,tests/lib/topupService.test.ts,2026-05-20T10:52:30+07:00,2026-05-20T10:52:30+07:00,1,1,1,0.00,
tests/lib/topupSlipHelpers.test.ts,tests/lib/topupSlipHelpers.test.ts,2026-05-20T10:52:30+07:00,2026-05-20T10:52:30+07:00,1,1,1,0.00,
tests/lib/topupVerificationFlow.test.ts,tests/lib/topupVerificationFlow.test.ts,2026-05-20T10:52:30+07:00,2026-05-20T10:52:30+07:00,1,1,1,0.00,
tests/lib/turnstile.test.ts,tests/lib/turnstile.test.ts,2026-05-06T23:50:05+07:00,2026-05-06T23:50:05+07:00,1,1,1,0.00,
tests/lib/uploadClient.test.ts,tests/lib/uploadClient.test.ts,2026-05-20T10:52:30+07:00,2026-05-20T10:52:30+07:00,1,1,1,0.00,
tests/lib/userActions.test.ts,tests/lib/userActions.test.ts,2026-03-15T00:31:31+07:00,2026-05-20T10:52:30+07:00,3,3,1,0.00,
tests/lib/userBalanceClient.test.ts,tests/lib/userBalanceClient.test.ts,2026-05-20T10:52:30+07:00,2026-05-20T10:52:30+07:00,1,1,1,0.00,
tests/lib/utils-coverage.test.ts,tests/lib/utils-coverage.test.ts,2026-03-15T00:31:31+07:00,2026-04-03T18:54:16+07:00,2,2,1,0.00,
tests/lib/utils.test.ts,tests/lib/utils.test.ts,2026-03-15T00:31:31+07:00,2026-04-20T16:39:41+07:00,2,2,1,0.00,
tests/lib/validateBody.test.ts,tests/lib/validateBody.test.ts,2026-03-13T10:58:58+07:00,2026-05-20T10:52:30+07:00,2,2,1,0.00,
tests/lib/validations.test.ts,tests/lib/validations.test.ts,2026-03-13T10:58:58+07:00,2026-04-29T19:49:19+07:00,5,5,1,0.00,
tests/setup.ts,tests/setup.ts,2026-03-13T10:49:53+07:00,2026-03-13T10:49:53+07:00,1,1,1,0.00,
tsconfig.json,tsconfig.json,2026-01-17T11:43:30+07:00,2026-05-20T10:52:30+07:00,5,5,2,0.00,
types/AGENTS.md,types/AGENTS.md,2026-04-26T16:31:35+07:00,2026-04-26T16:31:35+07:00,1,1,1,0.00,
types/index.ts,types/index.ts,2026-01-22T13:45:34+07:00,2026-01-22T13:45:34+07:00,2,2,1,0.00,
vitest.config.ts,vitest.config.ts,2026-03-13T10:49:53+07:00,2026-04-20T16:39:41+07:00,3,3,1,0.00,
wrangler.jsonc,wrangler.jsonc,2026-05-06T23:50:05+07:00,2026-05-06T23:50:05+07:00,1,1,1,0.80,deploy
